{
  "normalized_data": {
    "mean": 0.3506865084913615,
    "std": 0.11105831321887491,
    "min": 0.0,
    "max": 1.0000000000000002,
    "shape": [
      56326,
      5
    ]
  },
  "metadata": {
    "n_unique_genes": 6720,
    "n_centers": 11,
    "sex_distribution": {
      "male": 28693,
      "female": 27633
    },
    "sample_group_distribution": {
      "experimental": 42710,
      "control": 13616
    }
  }
}