gene_symbol,allele_symbol,zygosity,phenotyping_center,genetic_background,equipment_manufacturer,equipment_model,pipeline_name,n_mutants,n_mutants_complete,n_controls_matched,n_controls_matched_complete,n_controls_matched_abr001,n_controls_matched_abr001_complete
1110059G10Rik,1110059G10Rik<tm1a(KOMP)Wtsi>,homozygote,WTSI,involves: C57BL/6N,TDT (Tucker Davis Technologies),"RP2.1 based system, RA4PA Medusa Preamplifier",MGP Select Pipeline,4,4,906,904,906,904
1500011B03Rik,1500011B03Rik<tm2(KOMP)Wtsi>,homozygote,WTSI,involves: C57BL/6N,TDT (Tucker Davis Technologies),"RP2.1 based system, RA4PA Medusa Preamplifier",MGP Select Pipeline,4,4,906,904,906,904
1700008O03Rik,1700008O03Rik<tm1a(KOMP)Wtsi>,homozygote,WTSI,involves: C57BL/6N,TDT (Tucker Davis Technologies),"RP2.1 based system, RA4PA Medusa Preamplifier",MGP Select Pipeline,4,4,906,904,906,904
1700029H14Rik,1700029H14Rik<tm2b(KOMP)Wtsi>,homozygote,WTSI,involves: C57BL/6N,TDT (Tucker Davis Technologies),"RP2.1 based system, RA4PA Medusa Preamplifier",MGP Select Pipeline,4,4,906,904,906,904
1700034J05Rik,1700034J05Rik<tm1a(KOMP)Wtsi>,homozygote,WTSI,involves: C57BL/6N,TDT (Tucker Davis Technologies),"RP2.1 based system, RA4PA Medusa Preamplifier",MGP Select Pipeline,4,4,906,904,906,904
1700067K01Rik,1700067K01Rik<tm2a(KOMP)Wtsi>,heterozygote,WTSI,involves: C57BL/6N,TDT (Tucker Davis Technologies),"RP2.1 based system, RA4PA Medusa Preamplifier",MGP Select Pipeline,4,4,906,904,906,904
1700123O20Rik,1700123O20Rik<tm1a(EUCOMM)Wtsi>,homozygote,WTSI,involves: C57BL/6N,TDT (Tucker Davis Technologies),"RP2.1 based system, RA4PA Medusa Preamplifier",MGP Select Pipeline,4,4,906,904,906,904
2610318N02Rik,2610318N02Rik<tm1b(EUCOMM)Wtsi>,homozygote,WTSI,involves: C57BL/6N,TDT (Tucker Davis Technologies),"RP2.1 based system, RA4PA Medusa Preamplifier",MGP Select Pipeline,4,4,906,904,906,904
3300002A11Rik,3300002A11Rik<tm1a(KOMP)Wtsi>,homozygote,WTSI,involves: C57BL/6N,TDT (Tucker Davis Technologies),"RP2.1 based system, RA4PA Medusa Preamplifier",MGP Select Pipeline,4,4,906,904,906,904
4921536K21Rik,4921536K21Rik<tm1a(KOMP)Wtsi>,homozygote,WTSI,involves: C57BL/6N,TDT (Tucker Davis Technologies),"RP2.1 based system, RA4PA Medusa Preamplifier",MGP Select Pipeline,8,8,906,904,906,904
4930404H24Rik,4930404H24Rik<tm1a(KOMP)Wtsi>,homozygote,WTSI,involves: C57BL/6N,TDT (Tucker Davis Technologies),"RP2.1 based system, RA4PA Medusa Preamplifier",MGP Select Pipeline,5,5,906,904,906,904
4930449E01Rik,4930449E01Rik<tm1a(KOMP)Wtsi>,homozygote,WTSI,involves: C57BL/6N,TDT (Tucker Davis Technologies),"RP2.1 based system, RA4PA Medusa Preamplifier",MGP Select Pipeline,4,4,906,904,906,904
4930590J08Rik,4930590J08Rik<tm1a(EUCOMM)Wtsi>,homozygote,WTSI,involves: C57BL/6N,TDT (Tucker Davis Technologies),"RP2.1 based system, RA4PA Medusa Preamplifier",MGP Select Pipeline,4,4,906,904,906,904
4930591A17Rik,4930591A17Rik<tm1a(KOMP)Wtsi>,homozygote,WTSI,involves: C57BL/6N,TDT (Tucker Davis Technologies),"RP2.1 based system, RA4PA Medusa Preamplifier",MGP Select Pipeline,4,4,906,904,906,904
4931429L15Rik,4931429L15Rik<tm1a(EUCOMM)Wtsi>,homozygote,WTSI,involves: C57BL/6N,TDT (Tucker Davis Technologies),"RP2.1 based system, RA4PA Medusa Preamplifier",MGP Select Pipeline,4,4,906,904,906,904
4933402N03Rik,4933402N03Rik<tm2a(KOMP)Wtsi>,homozygote,WTSI,involves: C57BL/6N,TDT (Tucker Davis Technologies),"RP2.1 based system, RA4PA Medusa Preamplifier",MGP Select Pipeline,4,4,906,904,906,904
4933434E20Rik,4933434E20Rik<tm1a(EUCOMM)Wtsi>,heterozygote,WTSI,involves: C57BL/6N,TDT (Tucker Davis Technologies),"RP2.1 based system, RA4PA Medusa Preamplifier",MGP Select Pipeline,9,9,906,904,906,904
A430005L14Rik,A430005L14Rik<tm1a(KOMP)Wtsi>,homozygote,WTSI,involves: C57BL/6N,TDT (Tucker Davis Technologies),"RP2.1 based system, RA4PA Medusa Preamplifier",MGP Select Pipeline,7,7,906,904,906,904
A830019P07Rik,A830019P07Rik<tm1a(KOMP)Wtsi>,homozygote,WTSI,involves: C57BL/6N,TDT (Tucker Davis Technologies),"RP2.1 based system, RA4PA Medusa Preamplifier",MGP Select Pipeline,4,4,906,904,906,904
A930004D18Rik,A930004D18Rik<tm1a(EUCOMM)Wtsi>,homozygote,WTSI,involves: C57BL/6N,TDT (Tucker Davis Technologies),"RP2.1 based system, RA4PA Medusa Preamplifier",MGP Select Pipeline,3,3,906,904,906,904
Abca4,Abca4<tm1a(EUCOMM)Wtsi>,homozygote,WTSI,involves: C57BL/6N,TDT (Tucker Davis Technologies),"RP2.1 based system, RA4PA Medusa Preamplifier",MGP Select Pipeline,4,4,906,904,906,904
Abcb6,Abcb6<tm1a(KOMP)Wtsi>,homozygote,WTSI,involves: C57BL/6N,TDT (Tucker Davis Technologies),"RP2.1 based system, RA4PA Medusa Preamplifier",MGP Select Pipeline,4,4,906,904,906,904
Abhd14a,Abhd14a<tm2a(EUCOMM)Wtsi>,homozygote,WTSI,involves: C57BL/6N,TDT (Tucker Davis Technologies),"RP2.1 based system, RA4PA Medusa Preamplifier",MGP Select Pipeline,4,4,906,904,906,904
Abhd17a,Abhd17a<tm1a(KOMP)Wtsi>,homozygote,WTSI,involves: C57BL/6N,TDT (Tucker Davis Technologies),"RP2.1 based system, RA4PA Medusa Preamplifier",MGP Select Pipeline,8,8,906,904,906,904
Abraxas2,Abraxas2<tm1a(EUCOMM)Wtsi>,homozygote,WTSI,involves: C57BL/6N,TDT (Tucker Davis Technologies),"RP2.1 based system, RA4PA Medusa Preamplifier",MGP Select Pipeline,5,5,906,904,906,904
Abtb2,Abtb2<tm1a(KOMP)Wtsi>,homozygote,WTSI,involves: C57BL/6N,TDT (Tucker Davis Technologies),"RP2.1 based system, RA4PA Medusa Preamplifier",MGP Select Pipeline,5,5,906,904,906,904
Acaa1a,Acaa1a<tm1a(KOMP)Wtsi>,homozygote,WTSI,involves: C57BL/6N,TDT (Tucker Davis Technologies),"RP2.1 based system, RA4PA Medusa Preamplifier",MGP Select Pipeline,4,4,906,904,906,904
Acbd5,Acbd5<tm1b(EUCOMM)Wtsi>,homozygote,WTSI,involves: C57BL/6N,TDT (Tucker Davis Technologies),"RP2.1 based system, RA4PA Medusa Preamplifier",MGP Select Pipeline,4,4,906,904,906,904
Acer1,Acer1<tm1a(EUCOMM)Wtsi>,homozygote,WTSI,involves: C57BL/6N,TDT (Tucker Davis Technologies),"RP2.1 based system, RA4PA Medusa Preamplifier",MGP Select Pipeline,4,4,906,904,906,904
Acot5,Acot5<tm1a(KOMP)Wtsi>,homozygote,WTSI,involves: C57BL/6N,TDT (Tucker Davis Technologies),"RP2.1 based system, RA4PA Medusa Preamplifier",MGP Select Pipeline,4,4,906,904,906,904
Acsl4,Acsl4<tm1a(EUCOMM)Wtsi>,homozygote,WTSI,involves: B6Brd;B6Dnk;B6N-Tyr<c-Brd>,TDT (Tucker Davis Technologies),"RP2.1 based system, RA4PA Medusa Preamplifier",MGP Select Pipeline,3,3,54,54,54,54
Actl10,Actl10<tm1a(EUCOMM)Wtsi>,homozygote,WTSI,involves: C57BL/6N,TDT (Tucker Davis Technologies),"RP2.1 based system, RA4PA Medusa Preamplifier",MGP Select Pipeline,4,4,906,904,906,904
Actn4,Actn4<tm1a(EUCOMM)Wtsi>,heterozygote,WTSI,involves: C57BL/6N,TDT (Tucker Davis Technologies),"RP2.1 based system, RA4PA Medusa Preamplifier",MGP Select Pipeline,4,4,906,904,906,904
Actr6,Actr6<tm1a(EUCOMM)Wtsi>,heterozygote,WTSI,involves: C57BL/6N,TDT (Tucker Davis Technologies),"RP2.1 based system, RA4PA Medusa Preamplifier",MGP Select Pipeline,4,4,906,904,906,904
Adal,Adal<tm1a(EUCOMM)Wtsi>,homozygote,WTSI,involves: C57BL/6N,TDT (Tucker Davis Technologies),"RP2.1 based system, RA4PA Medusa Preamplifier",MGP Select Pipeline,4,4,906,904,906,904
Adamts19,Adamts19<tm4a(EUCOMM)Wtsi>,homozygote,WTSI,involves: C57BL/6N,TDT (Tucker Davis Technologies),"RP2.1 based system, RA4PA Medusa Preamplifier",MGP Select Pipeline,4,4,906,904,906,904
Adamts3,Adamts3<tm1b(KOMP)Wtsi>,heterozygote,WTSI,involves: C57BL/6N,TDT (Tucker Davis Technologies),"RP2.1 based system, RA4PA Medusa Preamplifier",MGP Select Pipeline,4,4,906,904,906,904
Adap1,Adap1<tm1a(EUCOMM)Wtsi>,homozygote,WTSI,involves: C57BL/6N,TDT (Tucker Davis Technologies),"RP2.1 based system, RA4PA Medusa Preamplifier",MGP Select Pipeline,4,4,906,904,906,904
Adcy2,Adcy2<tm1a(KOMP)Wtsi>,homozygote,WTSI,involves: C57BL/6N,TDT (Tucker Davis Technologies),"RP2.1 based system, RA4PA Medusa Preamplifier",MGP Select Pipeline,4,4,906,904,906,904
Adcy9,Adcy9<tm1b(EUCOMM)Wtsi>,heterozygote,WTSI,involves: C57BL/6N,TDT (Tucker Davis Technologies),"RP2.1 based system, RA4PA Medusa Preamplifier",MGP Select Pipeline,4,4,906,904,906,904
Adgrb1,Adgrb1<tm2a(EUCOMM)Wtsi>,heterozygote,WTSI,involves: C57BL/6N,TDT (Tucker Davis Technologies),"RP2.1 based system, RA4PA Medusa Preamplifier",MGP Select Pipeline,4,4,906,904,906,904
Adgrb1,Adgrb1<tm2a(EUCOMM)Wtsi>,homozygote,WTSI,involves: C57BL/6N,TDT (Tucker Davis Technologies),"RP2.1 based system, RA4PA Medusa Preamplifier",MGP Select Pipeline,8,8,906,904,906,904
Adgrd1,Adgrd1<tm1b(EUCOMM)Wtsi>,homozygote,WTSI,involves: C57BL/6N,TDT (Tucker Davis Technologies),"RP2.1 based system, RA4PA Medusa Preamplifier",MGP Select Pipeline,4,4,906,904,906,904
Adh5,Adh5<tm1b(EUCOMM)Wtsi>,homozygote,MRC Harwell,involves: C57BL/6NTac,Intelligent Hearing Systems,Smart EP,Harwell,4,4,860,858,400,400
Adpgk,Adpgk<tm2a(EUCOMM)Wtsi>,homozygote,WTSI,involves: C57BL/6N,TDT (Tucker Davis Technologies),"RP2.1 based system, RA4PA Medusa Preamplifier",MGP Select Pipeline,6,6,906,904,906,904
Aff3,Aff3<tm1a(EUCOMM)Wtsi>,heterozygote,WTSI,involves: C57BL/6N,TDT (Tucker Davis Technologies),"RP2.1 based system, RA4PA Medusa Preamplifier",MGP Select Pipeline,4,4,906,904,906,904
Aff3,Aff3<tm1a(EUCOMM)Wtsi>,homozygote,WTSI,involves: C57BL/6N,TDT (Tucker Davis Technologies),"RP2.1 based system, RA4PA Medusa Preamplifier",MGP Select Pipeline,10,10,906,904,906,904
Agap1,Agap1<tm1a(EUCOMM)Wtsi>,homozygote,WTSI,involves: C57BL/6N,TDT (Tucker Davis Technologies),"RP2.1 based system, RA4PA Medusa Preamplifier",MGP Select Pipeline,9,9,906,904,906,904
Agl,Agl<tm1b(EUCOMM)Wtsi>,heterozygote,MRC Harwell,involves: C57BL/6NTac,Intelligent Hearing Systems,Smart EP,Harwell,4,4,860,858,400,400
Agl,Agl<tm1b(EUCOMM)Wtsi>,homozygote,MRC Harwell,involves: C57BL/6NTac,Intelligent Hearing Systems,Smart EP,Harwell,4,4,860,858,400,400
Ago3,Ago3<tm1a(KOMP)Wtsi>,homozygote,WTSI,involves: C57BL/6N,TDT (Tucker Davis Technologies),"RP2.1 based system, RA4PA Medusa Preamplifier",MGP Select Pipeline,4,4,906,904,906,904
Ahcyl1,Ahcyl1<tm1a(EUCOMM)Wtsi>,homozygote,WTSI,involves: C57BL/6N,TDT (Tucker Davis Technologies),"RP2.1 based system, RA4PA Medusa Preamplifier",MGP Select Pipeline,4,4,906,904,906,904
Aicda,Aicda<tm1b(EUCOMM)Hmgu>,homozygote,WTSI,involves: C57BL/6N,TDT (Tucker Davis Technologies),"RP2.1 based system, RA4PA Medusa Preamplifier",MGP Select Pipeline,4,4,906,904,906,904
Aldh16a1,Aldh16a1<tm1a(EUCOMM)Wtsi>,homozygote,WTSI,involves: C57BL/6N,TDT (Tucker Davis Technologies),"RP2.1 based system, RA4PA Medusa Preamplifier",MGP Select Pipeline,5,5,906,904,906,904
Aldh1b1,Aldh1b1<tm2a(EUCOMM)Wtsi>,heterozygote,WTSI,involves: C57BL/6N,TDT (Tucker Davis Technologies),"RP2.1 based system, RA4PA Medusa Preamplifier",MGP Select Pipeline,3,3,906,904,906,904
Aldh1b1,Aldh1b1<tm2a(EUCOMM)Wtsi>,homozygote,WTSI,involves: C57BL/6N,TDT (Tucker Davis Technologies),"RP2.1 based system, RA4PA Medusa Preamplifier",MGP Select Pipeline,4,4,906,904,906,904
Aldh3b1,Aldh3b1<tm1b(EUCOMM)Wtsi>,homozygote,WTSI,involves: C57BL/6N,TDT (Tucker Davis Technologies),"RP2.1 based system, RA4PA Medusa Preamplifier",MGP Select Pipeline,4,4,906,904,906,904
Alg13,Alg13<tm1a(KOMP)Wtsi>,hemizygote,WTSI,involves: C57BL/6N,TDT (Tucker Davis Technologies),"RP2.1 based system, RA4PA Medusa Preamplifier",MGP Select Pipeline,4,4,906,904,906,904
Alg13,Alg13<tm1a(KOMP)Wtsi>,homozygote,WTSI,involves: C57BL/6N,TDT (Tucker Davis Technologies),"RP2.1 based system, RA4PA Medusa Preamplifier",MGP Select Pipeline,4,4,906,904,906,904
Alox12e,Alox12e<tm1b(EUCOMM)Wtsi>,homozygote,WTSI,involves: C57BL/6N,TDT (Tucker Davis Technologies),"RP2.1 based system, RA4PA Medusa Preamplifier",MGP Select Pipeline,4,4,906,904,906,904
Alpk1,Alpk1<em1(IMPC)Wtsi>,homozygote,WTSI,involves: C57BL/6N,TDT (Tucker Davis Technologies),"RP2.1 based system, RA4PA Medusa Preamplifier",MGP Select Pipeline,4,4,906,904,906,904
Amz2,Amz2<tm1e(KOMP)Wtsi>,homozygote,WTSI,involves: C57BL/6N,TDT (Tucker Davis Technologies),"RP2.1 based system, RA4PA Medusa Preamplifier",MGP Select Pipeline,4,4,906,904,906,904
Ankhd1,Ankhd1<tm1a(KOMP)Wtsi>,homozygote,WTSI,involves: C57BL/6N,TDT (Tucker Davis Technologies),"RP2.1 based system, RA4PA Medusa Preamplifier",MGP Select Pipeline,2,2,906,904,906,904
Ankrd13d,Ankrd13d<tm2a(KOMP)Wtsi>,homozygote,WTSI,involves: C57BL/6N,TDT (Tucker Davis Technologies),"RP2.1 based system, RA4PA Medusa Preamplifier",MGP Select Pipeline,5,4,906,904,906,904
Ankrd6,Ankrd6<tm1.1(KOMP)Wtsi>,homozygote,WTSI,involves: C57BL/6N,TDT (Tucker Davis Technologies),"RP2.1 based system, RA4PA Medusa Preamplifier",MGP Select Pipeline,4,4,906,904,906,904
Ankrd9,Ankrd9<tm1(KOMP)Wtsi>,homozygote,WTSI,involves: C57BL/6N,TDT (Tucker Davis Technologies),"RP2.1 based system, RA4PA Medusa Preamplifier",MGP Select Pipeline,8,8,906,904,906,904
Anks1b,Anks1b<tm1a(KOMP)Wtsi>,homozygote,WTSI,involves: C57BL/6N,TDT (Tucker Davis Technologies),"RP2.1 based system, RA4PA Medusa Preamplifier",MGP Select Pipeline,4,4,906,904,906,904
Anks6,Anks6<tm1b(KOMP)Wtsi>,heterozygote,WTSI,involves: C57BL/6N,TDT (Tucker Davis Technologies),"RP2.1 based system, RA4PA Medusa Preamplifier",MGP Select Pipeline,4,4,906,904,906,904
Ano10,Ano10<tm1a(EUCOMM)Wtsi>,homozygote,WTSI,involves: C57BL/6N,TDT (Tucker Davis Technologies),"RP2.1 based system, RA4PA Medusa Preamplifier",MGP Select Pipeline,5,5,906,904,906,904
Anxa9,Anxa9<tm1b(EUCOMM)Wtsi>,homozygote,WTSI,involves: C57BL/6N,TDT (Tucker Davis Technologies),"RP2.1 based system, RA4PA Medusa Preamplifier",MGP Select Pipeline,4,4,906,904,906,904
Ap2a2,Ap2a2<em1(IMPC)Wtsi>,heterozygote,WTSI,involves: C57BL/6N,TDT (Tucker Davis Technologies),"RP2.1 based system, RA4PA Medusa Preamplifier",MGP Select Pipeline,4,4,906,904,906,904
Ap2a2,Ap2a2<tm1b(EUCOMM)Wtsi>,heterozygote,WTSI,involves: C57BL/6N,TDT (Tucker Davis Technologies),"RP2.1 based system, RA4PA Medusa Preamplifier",MGP Select Pipeline,4,4,906,904,906,904
Ap2a2,Ap2a2<tm1b(EUCOMM)Wtsi>,homozygote,WTSI,involves: C57BL/6N,TDT (Tucker Davis Technologies),"RP2.1 based system, RA4PA Medusa Preamplifier",MGP Select Pipeline,6,6,906,904,906,904
Ap3s2,Ap3s2<tm1b(EUCOMM)Hmgu>,homozygote,MRC Harwell,involves: C57BL/6NTac,Intelligent Hearing Systems,Smart EP,Harwell,4,4,860,858,400,400
Ap4e1,Ap4e1<tm1b(KOMP)Wtsi>,homozygote,WTSI,involves: C57BL/6N,TDT (Tucker Davis Technologies),"RP2.1 based system, RA4PA Medusa Preamplifier",MGP Select Pipeline,6,6,906,904,906,904
Ap4m1,Ap4m1<tm1b(EUCOMM)Wtsi>,homozygote,WTSI,involves: C57BL/6N,TDT (Tucker Davis Technologies),"RP2.1 based system, RA4PA Medusa Preamplifier",MGP Select Pipeline,8,8,906,904,906,904
Apip,Apip<tm1b(EUCOMM)Wtsi>,homozygote,WTSI,involves: C57BL/6N,TDT (Tucker Davis Technologies),"RP2.1 based system, RA4PA Medusa Preamplifier",MGP Select Pipeline,4,4,906,904,906,904
Apol7a,Apol7a<tm1a(KOMP)Wtsi>,homozygote,WTSI,involves: C57BL/6N,TDT (Tucker Davis Technologies),"RP2.1 based system, RA4PA Medusa Preamplifier",MGP Select Pipeline,4,4,906,904,906,904
Apol9b,Apol9b<tm2a(KOMP)Wtsi>,homozygote,WTSI,involves: C57BL/6N,TDT (Tucker Davis Technologies),"RP2.1 based system, RA4PA Medusa Preamplifier",MGP Select Pipeline,4,4,906,904,906,904
Apoo,Apoo<tm1b(KOMP)Wtsi>,hemizygote,WTSI,involves: C57BL/6N,TDT (Tucker Davis Technologies),"RP2.1 based system, RA4PA Medusa Preamplifier",MGP Select Pipeline,4,4,906,904,906,904
Apool,Apool<tm1a(KOMP)Wtsi>,hemizygote,WTSI,involves: C57BL/6N,TDT (Tucker Davis Technologies),"RP2.1 based system, RA4PA Medusa Preamplifier",MGP Select Pipeline,4,4,906,904,906,904
Apool,Apool<tm1a(KOMP)Wtsi>,homozygote,WTSI,involves: C57BL/6N,TDT (Tucker Davis Technologies),"RP2.1 based system, RA4PA Medusa Preamplifier",MGP Select Pipeline,3,3,906,904,906,904
Arap2,Arap2<tm2b(EUCOMM)Wtsi>,homozygote,WTSI,involves: C57BL/6N,TDT (Tucker Davis Technologies),"RP2.1 based system, RA4PA Medusa Preamplifier",MGP Select Pipeline,5,5,906,904,906,904
Arhgap17,Arhgap17<tm1b(EUCOMM)Wtsi>,homozygote,WTSI,involves: C57BL/6N,TDT (Tucker Davis Technologies),"RP2.1 based system, RA4PA Medusa Preamplifier",MGP Select Pipeline,4,4,906,904,906,904
Arhgap22,Arhgap22<tm1a(KOMP)Wtsi>,homozygote,WTSI,involves: C57BL/6N,TDT (Tucker Davis Technologies),"RP2.1 based system, RA4PA Medusa Preamplifier",MGP Select Pipeline,4,4,906,904,906,904
Arhgap30,Arhgap30<tm1a(EUCOMM)Wtsi>,homozygote,WTSI,involves: C57BL/6N,TDT (Tucker Davis Technologies),"RP2.1 based system, RA4PA Medusa Preamplifier",MGP Select Pipeline,3,3,906,904,906,904
Arhgef1,Arhgef1<tm1a(EUCOMM)Wtsi>,homozygote,WTSI,involves: C57BL/6N,TDT (Tucker Davis Technologies),"RP2.1 based system, RA4PA Medusa Preamplifier",MGP Select Pipeline,4,4,906,904,906,904
Arhgef18,Arhgef18<tm1a(KOMP)Wtsi>,homozygote,WTSI,involves: C57BL/6N,TDT (Tucker Davis Technologies),"RP2.1 based system, RA4PA Medusa Preamplifier",MGP Select Pipeline,4,4,906,904,906,904
Arhgef38,Arhgef38<tm1a(KOMP)Wtsi>,homozygote,WTSI,involves: C57BL/6N,TDT (Tucker Davis Technologies),"RP2.1 based system, RA4PA Medusa Preamplifier",MGP Select Pipeline,4,4,906,904,906,904
Arhgef7,Arhgef7<tm1a(EUCOMM)Wtsi>,heterozygote,WTSI,involves: C57BL/6N,TDT (Tucker Davis Technologies),"RP2.1 based system, RA4PA Medusa Preamplifier",MGP Select Pipeline,4,4,906,904,906,904
Arid1b,Arid1b<tm1b(EUCOMM)Hmgu>,heterozygote,WTSI,involves: C57BL/6N,TDT (Tucker Davis Technologies),"RP2.1 based system, RA4PA Medusa Preamplifier",MGP Select Pipeline,5,5,906,904,906,904
Armc7,Armc7<tm1.1(KOMP)Wtsi>,heterozygote,WTSI,involves: C57BL/6N,TDT (Tucker Davis Technologies),"RP2.1 based system, RA4PA Medusa Preamplifier",MGP Select Pipeline,5,5,906,904,906,904
Armh3,Armh3<tm1a(EUCOMM)Wtsi>,heterozygote,WTSI,involves: C57BL/6N,TDT (Tucker Davis Technologies),"RP2.1 based system, RA4PA Medusa Preamplifier",MGP Select Pipeline,4,4,906,904,906,904
Arpc1b,Arpc1b<tm1a(EUCOMM)Wtsi>,homozygote,WTSI,involves: C57BL/6N,TDT (Tucker Davis Technologies),"RP2.1 based system, RA4PA Medusa Preamplifier",MGP Select Pipeline,4,4,906,904,906,904
Arpc3,Arpc3<tm1a(EUCOMM)Wtsi>,heterozygote,WTSI,involves: C57BL/6N,TDT (Tucker Davis Technologies),"RP2.1 based system, RA4PA Medusa Preamplifier",MGP Select Pipeline,4,4,906,904,906,904
Arpin,Arpin<tm1b(EUCOMM)Wtsi>,homozygote,WTSI,involves: C57BL/6N,TDT (Tucker Davis Technologies),"RP2.1 based system, RA4PA Medusa Preamplifier",MGP Select Pipeline,4,4,906,904,906,904
Arrdc5,Arrdc5<tm1b(EUCOMM)Wtsi>,homozygote,WTSI,involves: C57BL/6N,TDT (Tucker Davis Technologies),"RP2.1 based system, RA4PA Medusa Preamplifier",MGP Select Pipeline,4,4,906,904,906,904
Arsg,Arsg<tm1a(KOMP)Wtsi>,homozygote,WTSI,involves: C57BL/6N,TDT (Tucker Davis Technologies),"RP2.1 based system, RA4PA Medusa Preamplifier",MGP Select Pipeline,7,7,906,904,906,904
Art4,Art4<tm1a(KOMP)Wtsi>,homozygote,WTSI,involves: C57BL/6N,TDT (Tucker Davis Technologies),"RP2.1 based system, RA4PA Medusa Preamplifier",MGP Select Pipeline,4,4,906,904,906,904
Arvcf,Arvcf<tm1e(EUCOMM)Wtsi>,homozygote,WTSI,involves: C57BL/6N,TDT (Tucker Davis Technologies),"RP2.1 based system, RA4PA Medusa Preamplifier",MGP Select Pipeline,4,4,906,904,906,904
Aspm,Aspm<tm1a(KOMP)Wtsi>,homozygote,WTSI,involves: C57BL/6N,TDT (Tucker Davis Technologies),"RP2.1 based system, RA4PA Medusa Preamplifier",MGP Select Pipeline,6,6,906,904,906,904
Atad3a,Atad3a<tm1a(KOMP)Wtsi>,heterozygote,WTSI,involves: C57BL/6N,TDT (Tucker Davis Technologies),"RP2.1 based system, RA4PA Medusa Preamplifier",MGP Select Pipeline,4,4,906,904,906,904
Atg16l2,Atg16l2<tm1a(EUCOMM)Wtsi>,homozygote,WTSI,involves: C57BL/6N,TDT (Tucker Davis Technologies),"RP2.1 based system, RA4PA Medusa Preamplifier",MGP Select Pipeline,4,4,906,904,906,904
Atg3,Atg3<tm1b(EUCOMM)Hmgu>,heterozygote,MRC Harwell,involves: C57BL/6NTac,Intelligent Hearing Systems,Smart EP,Harwell,4,4,860,858,400,400
Atp11a,Atp11a<tm1e(KOMP)Wtsi>,heterozygote,WTSI,involves: C57BL/6N,TDT (Tucker Davis Technologies),"RP2.1 based system, RA4PA Medusa Preamplifier",MGP Select Pipeline,6,6,906,904,906,904
Atp5f1e,Atp5f1e<tm1b(EUCOMM)Wtsi>,heterozygote,WTSI,involves: C57BL/6N,TDT (Tucker Davis Technologies),"RP2.1 based system, RA4PA Medusa Preamplifier",MGP Select Pipeline,4,4,906,904,906,904
Atp5pb,Atp5pb<tm1b(EUCOMM)Wtsi>,heterozygote,WTSI,involves: C57BL/6N,TDT (Tucker Davis Technologies),"RP2.1 based system, RA4PA Medusa Preamplifier",MGP Select Pipeline,4,4,906,904,906,904
Atp8b2,Atp8b2<tm1a(KOMP)Wtsi>,heterozygote,WTSI,involves: C57BL/6N,TDT (Tucker Davis Technologies),"RP2.1 based system, RA4PA Medusa Preamplifier",MGP Select Pipeline,8,8,906,904,906,904
Atxn10,Atxn10<tm1b(KOMP)Wtsi>,heterozygote,WTSI,involves: C57BL/6N,TDT (Tucker Davis Technologies),"RP2.1 based system, RA4PA Medusa Preamplifier",MGP Select Pipeline,4,4,906,904,906,904
Atxn3,Atxn3<tm1a(KOMP)Wtsi>,homozygote,WTSI,involves: C57BL/6N,TDT (Tucker Davis Technologies),"RP2.1 based system, RA4PA Medusa Preamplifier",MGP Select Pipeline,7,7,906,904,906,904
B9d2,B9d2<tm1a(EUCOMM)Wtsi>,heterozygote,WTSI,involves: C57BL/6N,TDT (Tucker Davis Technologies),"RP2.1 based system, RA4PA Medusa Preamplifier",MGP Select Pipeline,4,4,906,904,906,904
Bach2,Bach2<tm1a(EUCOMM)Wtsi>,homozygote,WTSI,involves: C57BL/6N,TDT (Tucker Davis Technologies),"RP2.1 based system, RA4PA Medusa Preamplifier",MGP Select Pipeline,9,9,906,904,906,904
Bap1,Bap1<tm1a(EUCOMM)Hmgu>,heterozygote,WTSI,involves: C57BL/6N,TDT (Tucker Davis Technologies),"RP2.1 based system, RA4PA Medusa Preamplifier",MGP Select Pipeline,5,5,906,904,906,904
Barx2,Barx2<tm1b(EUCOMM)Hmgu>,homozygote,MRC Harwell,involves: C57BL/6NTac,Intelligent Hearing Systems,Smart EP,Harwell,4,4,860,858,400,400
Bhlhe40,Bhlhe40<tm1b(KOMP)Wtsi>,homozygote,WTSI,involves: C57BL/6N,TDT (Tucker Davis Technologies),"RP2.1 based system, RA4PA Medusa Preamplifier",MGP Select Pipeline,5,5,906,904,906,904
Bin2,Bin2<em1(IMPC)Wtsi>,homozygote,WTSI,involves: C57BL/6N,TDT (Tucker Davis Technologies),"RP2.1 based system, RA4PA Medusa Preamplifier",MGP Select Pipeline,3,3,906,904,906,904
Bivm,Bivm<tm1b(KOMP)Wtsi>,homozygote,WTSI,involves: C57BL/6N,TDT (Tucker Davis Technologies),"RP2.1 based system, RA4PA Medusa Preamplifier",MGP Select Pipeline,4,4,906,904,906,904
Bnip2,Bnip2<tm1b(EUCOMM)Wtsi>,homozygote,WTSI,involves: C57BL/6N,TDT (Tucker Davis Technologies),"RP2.1 based system, RA4PA Medusa Preamplifier",MGP Select Pipeline,4,4,906,904,906,904
Boc,Boc<tm1b(KOMP)Wtsi>,homozygote,MRC Harwell,involves: C57BL/6NTac,Intelligent Hearing Systems,Smart EP,Harwell,4,4,860,858,400,400
Bpgm,Bpgm<tm1a(KOMP)Wtsi>,homozygote,WTSI,involves: C57BL/6N,TDT (Tucker Davis Technologies),"RP2.1 based system, RA4PA Medusa Preamplifier",MGP Select Pipeline,4,4,906,904,906,904
Bpifb1,Bpifb1<tm1e(KOMP)Wtsi>,homozygote,WTSI,involves: C57BL/6N,TDT (Tucker Davis Technologies),"RP2.1 based system, RA4PA Medusa Preamplifier",MGP Select Pipeline,7,7,906,904,906,904
Bpifb3,Bpifb3<tm1b(EUCOMM)Hmgu>,homozygote,MRC Harwell,involves: C57BL/6NTac,Intelligent Hearing Systems,Smart EP,Harwell,4,4,860,858,400,400
Bpifb5,Bpifb5<tm2a(KOMP)Wtsi>,homozygote,WTSI,involves: C57BL/6N,TDT (Tucker Davis Technologies),"RP2.1 based system, RA4PA Medusa Preamplifier",MGP Select Pipeline,4,4,906,904,906,904
Brd2,Brd2<em1(IMPC)Wtsi>,heterozygote,WTSI,involves: C57BL/6N,TDT (Tucker Davis Technologies),"RP2.1 based system, RA4PA Medusa Preamplifier",MGP Select Pipeline,6,6,906,904,906,904
Btrc,Btrc<tm1b(KOMP)Wtsi>,homozygote,MRC Harwell,involves: C57BL/6NTac,Intelligent Hearing Systems,Smart EP,Harwell,4,4,860,858,400,400
C1rl,C1rl<tm1b(EUCOMM)Hmgu>,homozygote,MRC Harwell,involves: C57BL/6NTac,Intelligent Hearing Systems,Smart EP,Harwell,4,4,860,858,400,400
Cabp1,Cabp1<tm1a(EUCOMM)Wtsi>,homozygote,WTSI,involves: C57BL/6N,TDT (Tucker Davis Technologies),"RP2.1 based system, RA4PA Medusa Preamplifier",MGP Select Pipeline,4,4,906,904,906,904
Calcoco2,Calcoco2<tm1(KOMP)Wtsi>,homozygote,WTSI,involves: C57BL/6N,TDT (Tucker Davis Technologies),"RP2.1 based system, RA4PA Medusa Preamplifier",MGP Select Pipeline,4,4,906,904,906,904
Camkmt,Camkmt<tm1b(EUCOMM)Wtsi>,homozygote,WTSI,involves: C57BL/6N,TDT (Tucker Davis Technologies),"RP2.1 based system, RA4PA Medusa Preamplifier",MGP Select Pipeline,4,4,906,904,906,904
Camsap3,Camsap3<tm1a(EUCOMM)Wtsi>,homozygote,WTSI,involves: C57BL/6N,TDT (Tucker Davis Technologies),"RP2.1 based system, RA4PA Medusa Preamplifier",MGP Select Pipeline,7,7,906,904,906,904
Cand2,Cand2<tm1a(EUCOMM)Wtsi>,homozygote,WTSI,involves: C57BL/6N,TDT (Tucker Davis Technologies),"RP2.1 based system, RA4PA Medusa Preamplifier",MGP Select Pipeline,6,6,906,904,906,904
Cap2,Cap2<tm1b(EUCOMM)Wtsi>,heterozygote,HMGU,involves: C57BL/6NTac,TDT (Tucker Davis Technologies),"RP2.1 based system, RA4PA Medusa Preamplifier",German Mouse Clinic,6,6,960,755,80,69
Capn11,Capn11<tm1b(EUCOMM)Wtsi>,homozygote,WTSI,involves: C57BL/6N,TDT (Tucker Davis Technologies),"RP2.1 based system, RA4PA Medusa Preamplifier",MGP Select Pipeline,4,4,906,904,906,904
Capza2,Capza2<tm1b(KOMP)Wtsi>,heterozygote,WTSI,involves: C57BL/6N,TDT (Tucker Davis Technologies),"RP2.1 based system, RA4PA Medusa Preamplifier",MGP Select Pipeline,4,4,906,904,906,904
Car4,Car4<tm1b(EUCOMM)Wtsi>,heterozygote,HMGU,involves: C57BL/6NTac,TDT (Tucker Davis Technologies),"RP2.1 based system, RA4PA Medusa Preamplifier",German Mouse Clinic,8,7,960,755,80,69
Card9,Card9<tm1a(EUCOMM)Hmgu>,homozygote,WTSI,involves: C57BL/6N,TDT (Tucker Davis Technologies),"RP2.1 based system, RA4PA Medusa Preamplifier",MGP Select Pipeline,4,4,906,904,906,904
Casp12,Casp12<tm1a(KOMP)Wtsi>,homozygote,WTSI,involves: C57BL/6N,TDT (Tucker Davis Technologies),"RP2.1 based system, RA4PA Medusa Preamplifier",MGP Select Pipeline,6,6,906,904,906,904
Catip,Catip<tm1b(KOMP)Wtsi>,homozygote,WTSI,involves: C57BL/6N,TDT (Tucker Davis Technologies),"RP2.1 based system, RA4PA Medusa Preamplifier",MGP Select Pipeline,4,4,906,904,906,904
Catspere2,Catspere2<tm1b(KOMP)Wtsi>,homozygote,WTSI,involves: C57BL/6N,TDT (Tucker Davis Technologies),"RP2.1 based system, RA4PA Medusa Preamplifier",MGP Select Pipeline,4,4,906,904,906,904
Cbr2,Cbr2<tm1b(EUCOMM)Hmgu>,homozygote,WTSI,involves: C57BL/6N,TDT (Tucker Davis Technologies),"RP2.1 based system, RA4PA Medusa Preamplifier",MGP Select Pipeline,5,5,906,904,906,904
Cbx5,Cbx5<tm1a(EUCOMM)Wtsi>,homozygote,WTSI,involves: C57BL/6N,TDT (Tucker Davis Technologies),"RP2.1 based system, RA4PA Medusa Preamplifier",MGP Select Pipeline,4,4,906,904,906,904
Cbx6,Cbx6<tm1a(EUCOMM)Wtsi>,homozygote,WTSI,involves: C57BL/6N,TDT (Tucker Davis Technologies),"RP2.1 based system, RA4PA Medusa Preamplifier",MGP Select Pipeline,4,4,906,904,906,904
Ccdc122,Ccdc122<tm1a(KOMP)Wtsi>,homozygote,WTSI,involves: C57BL/6N,TDT (Tucker Davis Technologies),"RP2.1 based system, RA4PA Medusa Preamplifier",MGP Select Pipeline,4,4,906,904,906,904
Ccdc127,Ccdc127<tm1b(EUCOMM)Wtsi>,homozygote,WTSI,involves: C57BL/6N,TDT (Tucker Davis Technologies),"RP2.1 based system, RA4PA Medusa Preamplifier",MGP Select Pipeline,10,10,906,904,906,904
Ccdc134,Ccdc134<tm1a(KOMP)Wtsi>,heterozygote,WTSI,involves: C57BL/6N,TDT (Tucker Davis Technologies),"RP2.1 based system, RA4PA Medusa Preamplifier",MGP Select Pipeline,4,4,906,904,906,904
Ccdc159,Ccdc159<tm1a(KOMP)Wtsi>,homozygote,WTSI,involves: C57BL/6N,TDT (Tucker Davis Technologies),"RP2.1 based system, RA4PA Medusa Preamplifier",MGP Select Pipeline,4,4,906,904,906,904
Ccdc160,Ccdc160<tm1a(EUCOMM)Wtsi>,hemizygote,WTSI,involves: C57BL/6N,TDT (Tucker Davis Technologies),"RP2.1 based system, RA4PA Medusa Preamplifier",MGP Select Pipeline,1,1,906,904,906,904
Ccdc160,Ccdc160<tm1a(EUCOMM)Wtsi>,homozygote,WTSI,involves: C57BL/6N,TDT (Tucker Davis Technologies),"RP2.1 based system, RA4PA Medusa Preamplifier",MGP Select Pipeline,4,4,906,904,906,904
Ccdc18,Ccdc18<tm1a(EUCOMM)Wtsi>,homozygote,WTSI,involves: C57BL/6N,TDT (Tucker Davis Technologies),"RP2.1 based system, RA4PA Medusa Preamplifier",MGP Select Pipeline,4,4,906,904,906,904
Ccdc24,Ccdc24<tm1a(KOMP)Wtsi>,homozygote,WTSI,involves: C57BL/6N,TDT (Tucker Davis Technologies),"RP2.1 based system, RA4PA Medusa Preamplifier",MGP Select Pipeline,4,4,906,904,906,904
Ccdc6,Ccdc6<em1(IMPC)Wtsi>,heterozygote,WTSI,involves: C57BL/6N,TDT (Tucker Davis Technologies),"RP2.1 based system, RA4PA Medusa Preamplifier",MGP Select Pipeline,4,4,906,904,906,904
Ccdc69,Ccdc69<tm1b(KOMP)Wtsi>,homozygote,WTSI,involves: C57BL/6N,TDT (Tucker Davis Technologies),"RP2.1 based system, RA4PA Medusa Preamplifier",MGP Select Pipeline,6,6,906,904,906,904
Ccdc77,Ccdc77<tm1a(EUCOMM)Wtsi>,homozygote,WTSI,involves: C57BL/6N,TDT (Tucker Davis Technologies),"RP2.1 based system, RA4PA Medusa Preamplifier",MGP Select Pipeline,4,4,906,904,906,904
Ccl22,Ccl22<tm1a(EUCOMM)Wtsi>,heterozygote,WTSI,involves: C57BL/6N,TDT (Tucker Davis Technologies),"RP2.1 based system, RA4PA Medusa Preamplifier",MGP Select Pipeline,4,4,906,904,906,904
Ccl22,Ccl22<tm1a(EUCOMM)Wtsi>,homozygote,WTSI,involves: C57BL/6N,TDT (Tucker Davis Technologies),"RP2.1 based system, RA4PA Medusa Preamplifier",MGP Select Pipeline,2,2,906,904,906,904
Cd300lg,Cd300lg<tm1a(KOMP)Wtsi>,homozygote,WTSI,involves: C57BL/6N,TDT (Tucker Davis Technologies),"RP2.1 based system, RA4PA Medusa Preamplifier",MGP Select Pipeline,4,4,906,904,906,904
Cd55b,Cd55b<tm1a(KOMP)Wtsi>,homozygote,WTSI,involves: C57BL/6N,TDT (Tucker Davis Technologies),"RP2.1 based system, RA4PA Medusa Preamplifier",MGP Select Pipeline,4,4,906,904,906,904
Cdh19,Cdh19<tm1a(EUCOMM)Wtsi>,homozygote,WTSI,involves: C57BL/6N,TDT (Tucker Davis Technologies),"RP2.1 based system, RA4PA Medusa Preamplifier",MGP Select Pipeline,4,4,906,904,906,904
Cdk14,Cdk14<tm1a(KOMP)Wtsi>,homozygote,WTSI,involves: C57BL/6N,TDT (Tucker Davis Technologies),"RP2.1 based system, RA4PA Medusa Preamplifier",MGP Select Pipeline,8,8,906,904,906,904
Cdkal1,Cdkal1<tm2b(EUCOMM)Wtsi>,homozygote,HMGU,involves: C57BL/6NTac,TDT (Tucker Davis Technologies),"RP2.1 based system, RA4PA Medusa Preamplifier",German Mouse Clinic,5,4,960,755,80,69
Cdkal1,Cdkal1<tm2a(EUCOMM)Wtsi>,homozygote,WTSI,involves: C57BL/6N,TDT (Tucker Davis Technologies),"RP2.1 based system, RA4PA Medusa Preamplifier",MGP Select Pipeline,4,4,906,904,906,904
Cdkn2aipnl,Cdkn2aipnl<tm1b(KOMP)Wtsi>,homozygote,WTSI,involves: C57BL/6N,TDT (Tucker Davis Technologies),"RP2.1 based system, RA4PA Medusa Preamplifier",MGP Select Pipeline,4,4,906,904,906,904
Celf4,Celf4<tm1a(EUCOMM)Wtsi>,heterozygote,WTSI,involves: C57BL/6N,TDT (Tucker Davis Technologies),"RP2.1 based system, RA4PA Medusa Preamplifier",MGP Select Pipeline,4,4,906,904,906,904
Cenpl,Cenpl<tm1b(EUCOMM)Wtsi>,heterozygote,WTSI,involves: C57BL/6N,TDT (Tucker Davis Technologies),"RP2.1 based system, RA4PA Medusa Preamplifier",MGP Select Pipeline,10,10,906,904,906,904
Cep15,Cep15<tm1b(KOMP)Wtsi>,homozygote,WTSI,involves: C57BL/6N,TDT (Tucker Davis Technologies),"RP2.1 based system, RA4PA Medusa Preamplifier",MGP Select Pipeline,4,4,906,904,906,904
Cep250,Cep250<tm1a(EUCOMM)Wtsi>,homozygote,WTSI,involves: C57BL/6N,TDT (Tucker Davis Technologies),"RP2.1 based system, RA4PA Medusa Preamplifier",MGP Select Pipeline,7,7,906,904,906,904
Cert1,Cert1<tm1a(KOMP)Wtsi>,heterozygote,WTSI,involves: C57BL/6N,TDT (Tucker Davis Technologies),"RP2.1 based system, RA4PA Medusa Preamplifier",MGP Select Pipeline,4,4,906,904,906,904
Cfap53,Cfap53<em1(IMPC)Wtsi>,heterozygote,WTSI,involves: C57BL/6N,TDT (Tucker Davis Technologies),"RP2.1 based system, RA4PA Medusa Preamplifier",MGP Select Pipeline,6,6,906,904,906,904
Cfap61,Cfap61<tm2a(EUCOMM)Wtsi>,homozygote,WTSI,involves: C57BL/6N,TDT (Tucker Davis Technologies),"RP2.1 based system, RA4PA Medusa Preamplifier",MGP Select Pipeline,4,4,906,904,906,904
Cgrrf1,Cgrrf1<tm1b(KOMP)Wtsi>,homozygote,WTSI,involves: C57BL/6N,TDT (Tucker Davis Technologies),"RP2.1 based system, RA4PA Medusa Preamplifier",MGP Select Pipeline,4,4,906,904,906,904
Chd9,Chd9<tm1a(EUCOMM)Wtsi>,homozygote,WTSI,involves: C57BL/6N,TDT (Tucker Davis Technologies),"RP2.1 based system, RA4PA Medusa Preamplifier",MGP Select Pipeline,4,4,906,904,906,904
Chil4,Chil4<tm1b(EUCOMM)Hmgu>,homozygote,WTSI,involves: C57BL/6N,TDT (Tucker Davis Technologies),"RP2.1 based system, RA4PA Medusa Preamplifier",MGP Select Pipeline,4,4,906,904,906,904
Chka,Chka<tm2a(KOMP)Wtsi>,heterozygote,WTSI,involves: C57BL/6N,TDT (Tucker Davis Technologies),"RP2.1 based system, RA4PA Medusa Preamplifier",MGP Select Pipeline,4,4,906,904,906,904
Chmp6,Chmp6<tm1b(KOMP)Wtsi>,heterozygote,WTSI,involves: C57BL/6N,TDT (Tucker Davis Technologies),"RP2.1 based system, RA4PA Medusa Preamplifier",MGP Select Pipeline,4,4,906,904,906,904
Chst11,Chst11<tm1a(KOMP)Wtsi>,heterozygote,WTSI,involves: C57BL/6N,TDT (Tucker Davis Technologies),"RP2.1 based system, RA4PA Medusa Preamplifier",MGP Select Pipeline,4,4,906,904,906,904
Chtop,Chtop<tm1a(EUCOMM)Wtsi>,heterozygote,WTSI,involves: C57BL/6N,TDT (Tucker Davis Technologies),"RP2.1 based system, RA4PA Medusa Preamplifier",MGP Select Pipeline,4,4,906,904,906,904
Ciao2a,Ciao2a<tm2a(EUCOMM)Wtsi>,homozygote,WTSI,involves: C57BL/6N,TDT (Tucker Davis Technologies),"RP2.1 based system, RA4PA Medusa Preamplifier",MGP Select Pipeline,4,4,906,904,906,904
Cibar1,Cibar1<tm1b(KOMP)Wtsi>,homozygote,WTSI,involves: C57BL/6N,TDT (Tucker Davis Technologies),"RP2.1 based system, RA4PA Medusa Preamplifier",MGP Select Pipeline,4,4,906,904,906,904
Cimip2c,Cimip2c<tm1a(EUCOMM)Wtsi>,homozygote,WTSI,involves: C57BL/6N,TDT (Tucker Davis Technologies),"RP2.1 based system, RA4PA Medusa Preamplifier",MGP Select Pipeline,4,4,906,904,906,904
Cir1,Cir1<tm3a(KOMP)Wtsi>,heterozygote,WTSI,involves: C57BL/6N,TDT (Tucker Davis Technologies),"RP2.1 based system, RA4PA Medusa Preamplifier",MGP Select Pipeline,7,6,906,904,906,904
Cldn34b2,Cldn34b2<tm1a(KOMP)Wtsi>,homozygote,WTSI,involves: C57BL/6N,TDT (Tucker Davis Technologies),"RP2.1 based system, RA4PA Medusa Preamplifier",MGP Select Pipeline,4,4,906,904,906,904
Clk1,Clk1<tm1a(EUCOMM)Wtsi>,homozygote,WTSI,involves: C57BL/6N,TDT (Tucker Davis Technologies),"RP2.1 based system, RA4PA Medusa Preamplifier",MGP Select Pipeline,5,5,906,904,906,904
Clpp,Clpp<tm1a(EUCOMM)Wtsi>,homozygote,WTSI,involves: C57BL/6N,TDT (Tucker Davis Technologies),"RP2.1 based system, RA4PA Medusa Preamplifier",MGP Select Pipeline,7,7,906,904,906,904
Clstn1,Clstn1<tm1b(EUCOMM)Hmgu>,homozygote,MRC Harwell,involves: C57BL/6NTac,Intelligent Hearing Systems,Smart EP,Harwell,4,4,860,858,400,400
Clu,Clu<tm1b(EUCOMM)Hmgu>,homozygote,MRC Harwell,involves: C57BL/6NTac,Intelligent Hearing Systems,Smart EP,Harwell,4,4,860,858,400,400
Cmbl,Cmbl<tm1b(KOMP)Wtsi>,homozygote,WTSI,involves: C57BL/6N,TDT (Tucker Davis Technologies),"RP2.1 based system, RA4PA Medusa Preamplifier",MGP Select Pipeline,5,5,906,904,906,904
Cmip,Cmip<tm1a(EUCOMM)Wtsi>,heterozygote,WTSI,involves: C57BL/6N,TDT (Tucker Davis Technologies),"RP2.1 based system, RA4PA Medusa Preamplifier",MGP Select Pipeline,8,8,906,904,906,904
Cmtm4,Cmtm4<tm1a(EUCOMM)Wtsi>,homozygote,WTSI,involves: C57BL/6N,TDT (Tucker Davis Technologies),"RP2.1 based system, RA4PA Medusa Preamplifier",MGP Select Pipeline,4,4,906,904,906,904
Cmtm5,Cmtm5<tm1a(KOMP)Wtsi>,homozygote,WTSI,involves: C57BL/6N,TDT (Tucker Davis Technologies),"RP2.1 based system, RA4PA Medusa Preamplifier",MGP Select Pipeline,4,4,906,904,906,904
Cmtm6,Cmtm6<tm1a(EUCOMM)Wtsi>,homozygote,WTSI,involves: C57BL/6N,TDT (Tucker Davis Technologies),"RP2.1 based system, RA4PA Medusa Preamplifier",MGP Select Pipeline,6,6,906,904,906,904
Cnbd1,Cnbd1<tm1b(EUCOMM)Wtsi>,homozygote,WTSI,involves: C57BL/6N,TDT (Tucker Davis Technologies),"RP2.1 based system, RA4PA Medusa Preamplifier",MGP Select Pipeline,4,4,906,904,906,904
Cnih3,Cnih3<tm1a(KOMP)Wtsi>,homozygote,WTSI,involves: C57BL/6N,TDT (Tucker Davis Technologies),"RP2.1 based system, RA4PA Medusa Preamplifier",MGP Select Pipeline,3,3,906,904,906,904
Cnot4,Cnot4<tm1b(EUCOMM)Wtsi>,heterozygote,WTSI,involves: C57BL/6N,TDT (Tucker Davis Technologies),"RP2.1 based system, RA4PA Medusa Preamplifier",MGP Select Pipeline,4,4,906,904,906,904
Cnot6,Cnot6<tm1a(KOMP)Wtsi>,homozygote,WTSI,involves: C57BL/6N,TDT (Tucker Davis Technologies),"RP2.1 based system, RA4PA Medusa Preamplifier",MGP Select Pipeline,4,4,906,904,906,904
Cog6,Cog6<tm1a(EUCOMM)Wtsi>,homozygote,WTSI,involves: C57BL/6N,TDT (Tucker Davis Technologies),"RP2.1 based system, RA4PA Medusa Preamplifier",MGP Select Pipeline,4,4,906,904,906,904
Col24a1,Col24a1<tm1b(EUCOMM)Wtsi>,homozygote,WTSI,involves: C57BL/6N,TDT (Tucker Davis Technologies),"RP2.1 based system, RA4PA Medusa Preamplifier",MGP Select Pipeline,4,4,906,904,906,904
Col4a3,Col4a3<tm1b(EUCOMM)Wtsi>,homozygote,MRC Harwell,involves: C57BL/6NTac,Intelligent Hearing Systems,Smart EP,Harwell,4,4,860,858,400,400
Col4a5,Col4a5<tm1b(EUCOMM)Wtsi>,hemizygote,MRC Harwell,involves: C57BL/6NTac,Intelligent Hearing Systems,Smart EP,Harwell,3,3,860,858,400,400
Col4a5,Col4a5<tm1b(EUCOMM)Wtsi>,homozygote,MRC Harwell,involves: C57BL/6NTac,Intelligent Hearing Systems,Smart EP,Harwell,2,2,860,858,400,400
Commd10,Commd10<tm1a(EUCOMM)Wtsi>,heterozygote,WTSI,involves: C57BL/6N,TDT (Tucker Davis Technologies),"RP2.1 based system, RA4PA Medusa Preamplifier",MGP Select Pipeline,4,4,906,904,906,904
Coq4,Coq4<tm1a(EUCOMM)Wtsi>,heterozygote,WTSI,involves: C57BL/6N,TDT (Tucker Davis Technologies),"RP2.1 based system, RA4PA Medusa Preamplifier",MGP Select Pipeline,4,4,906,904,906,904
Coro1c,Coro1c<tm1a(KOMP)Wtsi>,heterozygote,WTSI,involves: C57BL/6N,TDT (Tucker Davis Technologies),"RP2.1 based system, RA4PA Medusa Preamplifier",MGP Select Pipeline,6,6,906,904,906,904
Coro1c,Coro1c<tm1a(KOMP)Wtsi>,homozygote,WTSI,involves: C57BL/6N,TDT (Tucker Davis Technologies),"RP2.1 based system, RA4PA Medusa Preamplifier",MGP Select Pipeline,3,3,906,904,906,904
Coro6,Coro6<tm1e(EUCOMM)Wtsi>,homozygote,WTSI,involves: C57BL/6N,TDT (Tucker Davis Technologies),"RP2.1 based system, RA4PA Medusa Preamplifier",MGP Select Pipeline,4,4,906,904,906,904
Cpgi81,Cpgi81<tm1.1(NCC)WCS>,homozygote,WTSI,involves: C57BL/6N,TDT (Tucker Davis Technologies),"RP2.1 based system, RA4PA Medusa Preamplifier",MGP Select Pipeline,4,4,906,904,906,904
Cpsf3,Cpsf3<tm1a(EUCOMM)Wtsi>,heterozygote,WTSI,involves: C57BL/6N,TDT (Tucker Davis Technologies),"RP2.1 based system, RA4PA Medusa Preamplifier",MGP Select Pipeline,5,5,906,904,906,904
Cpsf3,Cpsf3<tm1b(EUCOMM)Wtsi>,heterozygote,WTSI,involves: C57BL/6N,TDT (Tucker Davis Technologies),"RP2.1 based system, RA4PA Medusa Preamplifier",MGP Select Pipeline,7,7,906,904,906,904
Cpt2,Cpt2<tm1b(KOMP)Wtsi>,heterozygote,WTSI,involves: C57BL/6N,TDT (Tucker Davis Technologies),"RP2.1 based system, RA4PA Medusa Preamplifier",MGP Select Pipeline,4,4,906,904,906,904
Cracdl,Cracdl<tm1b(KOMP)Wtsi>,homozygote,WTSI,involves: C57BL/6N,TDT (Tucker Davis Technologies),"RP2.1 based system, RA4PA Medusa Preamplifier",MGP Select Pipeline,4,4,906,904,906,904
Crb2,Crb2<tm1a(KOMP)Wtsi>,heterozygote,WTSI,involves: C57BL/6N,TDT (Tucker Davis Technologies),"RP2.1 based system, RA4PA Medusa Preamplifier",MGP Select Pipeline,4,4,906,904,906,904
Creb3l1,Creb3l1<tm1e(EUCOMM)Wtsi>,heterozygote,WTSI,involves: C57BL/6N,TDT (Tucker Davis Technologies),"RP2.1 based system, RA4PA Medusa Preamplifier",MGP Select Pipeline,5,5,906,904,906,904
Creld2,Creld2<tm1b(EUCOMM)Hmgu>,homozygote,MRC Harwell,involves: C57BL/6NTac,Intelligent Hearing Systems,Smart EP,Harwell,4,4,860,858,400,400
Crim1,Crim1<em1(IMPC)Wtsi>,heterozygote,WTSI,involves: C57BL/6N,TDT (Tucker Davis Technologies),"RP2.1 based system, RA4PA Medusa Preamplifier",MGP Select Pipeline,4,4,906,904,906,904
Crlf3,Crlf3<em1(IMPC)Wtsi>,homozygote,WTSI,involves: C57BL/6N,TDT (Tucker Davis Technologies),"RP2.1 based system, RA4PA Medusa Preamplifier",MGP Select Pipeline,4,4,906,904,906,904
Crlf3,Crlf3<tm1b(KOMP)Wtsi>,homozygote,WTSI,involves: B6Brd;B6Dnk;B6N-Tyr<c-Brd>,TDT (Tucker Davis Technologies),"RP2.1 based system, RA4PA Medusa Preamplifier",MGP Select Pipeline,4,4,54,54,54,54
Crls1,Crls1<tm1a(EUCOMM)Wtsi>,heterozygote,WTSI,involves: C57BL/6N,TDT (Tucker Davis Technologies),"RP2.1 based system, RA4PA Medusa Preamplifier",MGP Select Pipeline,4,4,906,904,906,904
Csmd1,Csmd1<em1(IMPC)Wtsi>,homozygote,WTSI,involves: C57BL/6N,TDT (Tucker Davis Technologies),"RP2.1 based system, RA4PA Medusa Preamplifier",MGP Select Pipeline,4,4,906,904,906,904
Csnk1g3,Csnk1g3<tm1a(EUCOMM)Wtsi>,homozygote,WTSI,involves: C57BL/6N,TDT (Tucker Davis Technologies),"RP2.1 based system, RA4PA Medusa Preamplifier",MGP Select Pipeline,8,8,906,904,906,904
Ct45a,Ct45a<tm1e(KOMP)Wtsi>,hemizygote,WTSI,involves: C57BL/6N,TDT (Tucker Davis Technologies),"RP2.1 based system, RA4PA Medusa Preamplifier",MGP Select Pipeline,4,4,906,904,906,904
Ctr9,Ctr9<tm1b(EUCOMM)Wtsi>,heterozygote,WTSI,involves: C57BL/6N,TDT (Tucker Davis Technologies),"RP2.1 based system, RA4PA Medusa Preamplifier",MGP Select Pipeline,4,4,906,904,906,904
Cttn,Cttn<tm1b(EUCOMM)Hmgu>,homozygote,MRC Harwell,involves: C57BL/6NTac,Intelligent Hearing Systems,Smart EP,Harwell,4,4,860,858,400,400
Cttnbp2,Cttnbp2<tm1b(KOMP)Wtsi>,homozygote,WTSI,involves: C57BL/6N,TDT (Tucker Davis Technologies),"RP2.1 based system, RA4PA Medusa Preamplifier",MGP Select Pipeline,4,4,906,904,906,904
Cutal,Cutal<tm1a(EUCOMM)Wtsi>,homozygote,WTSI,involves: C57BL/6N,TDT (Tucker Davis Technologies),"RP2.1 based system, RA4PA Medusa Preamplifier",MGP Select Pipeline,4,4,906,904,906,904
Cxcr1,Cxcr1<tm1a(EUCOMM)Wtsi>,homozygote,WTSI,involves: C57BL/6N,TDT (Tucker Davis Technologies),"RP2.1 based system, RA4PA Medusa Preamplifier",MGP Select Pipeline,6,6,906,904,906,904
Cxcr2,Cxcr2<tm1a(EUCOMM)Wtsi>,heterozygote,WTSI,involves: C57BL/6N,TDT (Tucker Davis Technologies),"RP2.1 based system, RA4PA Medusa Preamplifier",MGP Select Pipeline,6,6,906,904,906,904
Cxcr2,Cxcr2<tm1a(EUCOMM)Wtsi>,homozygote,WTSI,involves: C57BL/6N,TDT (Tucker Davis Technologies),"RP2.1 based system, RA4PA Medusa Preamplifier",MGP Select Pipeline,4,4,906,904,906,904
Cyba,Cyba<tm1a(EUCOMM)Wtsi>,homozygote,WTSI,involves: C57BL/6N,TDT (Tucker Davis Technologies),"RP2.1 based system, RA4PA Medusa Preamplifier",MGP Select Pipeline,4,4,906,904,906,904
Cyfip2,Cyfip2<tm1a(EUCOMM)Wtsi>,heterozygote,WTSI,involves: C57BL/6N,TDT (Tucker Davis Technologies),"RP2.1 based system, RA4PA Medusa Preamplifier",MGP Select Pipeline,8,8,906,904,906,904
Cyp11a1,Cyp11a1<tm1b(EUCOMM)Hmgu>,heterozygote,WTSI,involves: C57BL/6N,TDT (Tucker Davis Technologies),"RP2.1 based system, RA4PA Medusa Preamplifier",MGP Select Pipeline,4,4,906,904,906,904
Cyp20a1,Cyp20a1<tm1a(EUCOMM)Wtsi>,homozygote,WTSI,involves: C57BL/6N,TDT (Tucker Davis Technologies),"RP2.1 based system, RA4PA Medusa Preamplifier",MGP Select Pipeline,4,4,906,904,906,904
Cyp2b13,Cyp2b13<tm1b(KOMP)Wtsi>,homozygote,WTSI,involves: C57BL/6N,TDT (Tucker Davis Technologies),"RP2.1 based system, RA4PA Medusa Preamplifier",MGP Select Pipeline,4,4,906,904,906,904
Cyp2e1,Cyp2e1<tm1b(KOMP)Wtsi>,homozygote,MRC Harwell,involves: C57BL/6NTac,Intelligent Hearing Systems,Smart EP,Harwell,4,4,860,858,400,400
Cyp2r1,Cyp2r1<tm1b(EUCOMM)Wtsi>,homozygote,WTSI,involves: C57BL/6N,TDT (Tucker Davis Technologies),"RP2.1 based system, RA4PA Medusa Preamplifier",MGP Select Pipeline,4,4,906,904,906,904
Cyp3a11,Cyp3a11<tm1a(KOMP)Wtsi>,homozygote,WTSI,involves: C57BL/6N,TDT (Tucker Davis Technologies),"RP2.1 based system, RA4PA Medusa Preamplifier",MGP Select Pipeline,4,4,906,904,906,904
D630023F18Rik,D630023F18Rik<tm1b(KOMP)Wtsi>,homozygote,WTSI,involves: C57BL/6N,TDT (Tucker Davis Technologies),"RP2.1 based system, RA4PA Medusa Preamplifier",MGP Select Pipeline,5,5,906,904,906,904
D6Wsu163e,D6Wsu163e<tm1b(EUCOMM)Wtsi>,homozygote,WTSI,involves: C57BL/6N,TDT (Tucker Davis Technologies),"RP2.1 based system, RA4PA Medusa Preamplifier",MGP Select Pipeline,8,8,906,904,906,904
D7Ertd443e,D7Ertd443e<tm2a(KOMP)Wtsi>,homozygote,WTSI,involves: C57BL/6N,TDT (Tucker Davis Technologies),"RP2.1 based system, RA4PA Medusa Preamplifier",MGP Select Pipeline,4,4,906,904,906,904
D930028M14Rik,D930028M14Rik<tm1a(EUCOMM)Wtsi>,heterozygote,WTSI,involves: C57BL/6N,TDT (Tucker Davis Technologies),"RP2.1 based system, RA4PA Medusa Preamplifier",MGP Select Pipeline,4,4,906,904,906,904
Daam2,Daam2<tm1a(KOMP)Wtsi>,homozygote,WTSI,involves: C57BL/6N,TDT (Tucker Davis Technologies),"RP2.1 based system, RA4PA Medusa Preamplifier",MGP Select Pipeline,4,4,906,904,906,904
Dact3,Dact3<tm1b(KOMP)Wtsi>,homozygote,WTSI,involves: C57BL/6N,TDT (Tucker Davis Technologies),"RP2.1 based system, RA4PA Medusa Preamplifier",MGP Select Pipeline,4,4,906,904,906,904
Dap,Dap<tm1a(KOMP)Mbp>,homozygote,WTSI,involves: C57BL/6N,TDT (Tucker Davis Technologies),"RP2.1 based system, RA4PA Medusa Preamplifier",MGP Select Pipeline,4,4,906,904,906,904
Dapk1,Dapk1<tm1b(EUCOMM)Hmgu>,homozygote,MRC Harwell,involves: C57BL/6NTac,Intelligent Hearing Systems,Smart EP,Harwell,4,4,860,858,400,400
Dapk2,Dapk2<tm1b(EUCOMM)Wtsi>,homozygote,WTSI,involves: C57BL/6N,TDT (Tucker Davis Technologies),"RP2.1 based system, RA4PA Medusa Preamplifier",MGP Select Pipeline,4,4,906,904,906,904
Dars2,Dars2<tm1a(KOMP)Wtsi>,heterozygote,WTSI,involves: C57BL/6N,TDT (Tucker Davis Technologies),"RP2.1 based system, RA4PA Medusa Preamplifier",MGP Select Pipeline,4,4,906,904,906,904
Dbn1,Dbn1<tm1b(KOMP)Wtsi>,heterozygote,WTSI,involves: C57BL/6N,TDT (Tucker Davis Technologies),"RP2.1 based system, RA4PA Medusa Preamplifier",MGP Select Pipeline,4,4,906,904,906,904
Dcaf11,Dcaf11<tm1a(KOMP)Wtsi>,homozygote,WTSI,involves: C57BL/6N,TDT (Tucker Davis Technologies),"RP2.1 based system, RA4PA Medusa Preamplifier",MGP Select Pipeline,4,4,906,904,906,904
Dcbld2,Dcbld2<tm1a(KOMP)Wtsi>,homozygote,WTSI,involves: C57BL/6N,TDT (Tucker Davis Technologies),"RP2.1 based system, RA4PA Medusa Preamplifier",MGP Select Pipeline,4,4,906,904,906,904
Dcdc2b,Dcdc2b<tm1b(KOMP)Wtsi>,homozygote,WTSI,involves: C57BL/6N,TDT (Tucker Davis Technologies),"RP2.1 based system, RA4PA Medusa Preamplifier",MGP Select Pipeline,4,4,906,904,906,904
Dcdc2c,Dcdc2c<tm1a(KOMP)Wtsi>,homozygote,WTSI,involves: C57BL/6N,TDT (Tucker Davis Technologies),"RP2.1 based system, RA4PA Medusa Preamplifier",MGP Select Pipeline,4,4,906,904,906,904
Dclk1,Dclk1<tm1a(EUCOMM)Wtsi>,heterozygote,WTSI,involves: C57BL/6N,TDT (Tucker Davis Technologies),"RP2.1 based system, RA4PA Medusa Preamplifier",MGP Select Pipeline,4,4,906,904,906,904
Dclk1,Dclk1<tm1a(EUCOMM)Wtsi>,homozygote,WTSI,involves: C57BL/6N,TDT (Tucker Davis Technologies),"RP2.1 based system, RA4PA Medusa Preamplifier",MGP Select Pipeline,5,5,906,904,906,904
Dcn,Dcn<em1(IMPC)Wtsi>,homozygote,WTSI,involves: C57BL/6N,TDT (Tucker Davis Technologies),"RP2.1 based system, RA4PA Medusa Preamplifier",MGP Select Pipeline,4,4,906,904,906,904
Dctn1,Dctn1<tm1a(EUCOMM)Wtsi>,heterozygote,WTSI,involves: C57BL/6N,TDT (Tucker Davis Technologies),"RP2.1 based system, RA4PA Medusa Preamplifier",MGP Select Pipeline,4,4,906,904,906,904
Dctn4,Dctn4<em1(IMPC)Wtsi>,heterozygote,WTSI,involves: C57BL/6N,TDT (Tucker Davis Technologies),"RP2.1 based system, RA4PA Medusa Preamplifier",MGP Select Pipeline,4,4,906,904,906,904
Dcx,Dcx<tm1a(EUCOMM)Wtsi>,hemizygote,WTSI,involves: C57BL/6N,TDT (Tucker Davis Technologies),"RP2.1 based system, RA4PA Medusa Preamplifier",MGP Select Pipeline,4,4,906,904,906,904
Dcx,Dcx<tm1a(EUCOMM)Wtsi>,homozygote,WTSI,involves: C57BL/6N,TDT (Tucker Davis Technologies),"RP2.1 based system, RA4PA Medusa Preamplifier",MGP Select Pipeline,2,2,906,904,906,904
Ddah1,Ddah1<tm2a(EUCOMM)Wtsi>,homozygote,WTSI,involves: C57BL/6N,TDT (Tucker Davis Technologies),"RP2.1 based system, RA4PA Medusa Preamplifier",MGP Select Pipeline,9,9,906,904,906,904
Ddhd1,Ddhd1<tm1a(KOMP)Wtsi>,homozygote,WTSI,involves: C57BL/6N,TDT (Tucker Davis Technologies),"RP2.1 based system, RA4PA Medusa Preamplifier",MGP Select Pipeline,4,4,906,904,906,904
Ddx42,Ddx42<tm1b(EUCOMM)Wtsi>,heterozygote,WTSI,involves: C57BL/6N,TDT (Tucker Davis Technologies),"RP2.1 based system, RA4PA Medusa Preamplifier",MGP Select Pipeline,4,4,906,904,906,904
Ddx51,Ddx51<tm1a(KOMP)Wtsi>,heterozygote,WTSI,involves: C57BL/6N,TDT (Tucker Davis Technologies),"RP2.1 based system, RA4PA Medusa Preamplifier",MGP Select Pipeline,4,4,906,904,906,904
Ddx55,Ddx55<tm1a(EUCOMM)Wtsi>,heterozygote,WTSI,involves: C57BL/6N,TDT (Tucker Davis Technologies),"RP2.1 based system, RA4PA Medusa Preamplifier",MGP Select Pipeline,4,4,906,904,906,904
Def6,Def6<tm1a(EUCOMM)Wtsi>,homozygote,WTSI,involves: C57BL/6N,TDT (Tucker Davis Technologies),"RP2.1 based system, RA4PA Medusa Preamplifier",MGP Select Pipeline,8,8,906,904,906,904
Defb14,Defb14<tm1b(KOMP)Wtsi>,homozygote,WTSI,involves: C57BL/6N,TDT (Tucker Davis Technologies),"RP2.1 based system, RA4PA Medusa Preamplifier",MGP Select Pipeline,4,4,906,904,906,904
Defb22,Defb22<tm1a(KOMP)Wtsi>,homozygote,WTSI,involves: C57BL/6N,TDT (Tucker Davis Technologies),"RP2.1 based system, RA4PA Medusa Preamplifier",MGP Select Pipeline,4,4,906,904,906,904
Defb30,Defb30<tm2b(KOMP)Wtsi>,homozygote,WTSI,involves: C57BL/6N,TDT (Tucker Davis Technologies),"RP2.1 based system, RA4PA Medusa Preamplifier",MGP Select Pipeline,4,4,906,904,906,904
Dennd1b,Dennd1b<tm1a(EUCOMM)Hmgu>,homozygote,WTSI,involves: C57BL/6N,TDT (Tucker Davis Technologies),"RP2.1 based system, RA4PA Medusa Preamplifier",MGP Select Pipeline,4,4,906,904,906,904
Dennd1c,Dennd1c<tm1a(EUCOMM)Wtsi>,homozygote,WTSI,involves: C57BL/6N,TDT (Tucker Davis Technologies),"RP2.1 based system, RA4PA Medusa Preamplifier",MGP Select Pipeline,7,7,906,904,906,904
Dennd1c,Dennd1c<tm1b(EUCOMM)Wtsi>,homozygote,WTSI,involves: C57BL/6N,TDT (Tucker Davis Technologies),"RP2.1 based system, RA4PA Medusa Preamplifier",MGP Select Pipeline,4,4,906,904,906,904
Dennd4c,Dennd4c<tm1b(EUCOMM)Wtsi>,heterozygote,WTSI,involves: C57BL/6N,TDT (Tucker Davis Technologies),"RP2.1 based system, RA4PA Medusa Preamplifier",MGP Select Pipeline,4,4,906,904,906,904
Denr,Denr<tm1b(KOMP)Wtsi>,heterozygote,WTSI,involves: C57BL/6N,TDT (Tucker Davis Technologies),"RP2.1 based system, RA4PA Medusa Preamplifier",MGP Select Pipeline,4,4,906,904,906,904
Dffb,Dffb<em1(IMPC)Wtsi>,homozygote,WTSI,involves: C57BL/6N,TDT (Tucker Davis Technologies),"RP2.1 based system, RA4PA Medusa Preamplifier",MGP Select Pipeline,8,8,906,904,906,904
Dhodh,Dhodh<tm1b(EUCOMM)Wtsi>,heterozygote,WTSI,involves: C57BL/6N,TDT (Tucker Davis Technologies),"RP2.1 based system, RA4PA Medusa Preamplifier",MGP Select Pipeline,4,4,906,904,906,904
Dhps,Dhps<tm2a(EUCOMM)Wtsi>,heterozygote,WTSI,involves: C57BL/6N,TDT (Tucker Davis Technologies),"RP2.1 based system, RA4PA Medusa Preamplifier",MGP Select Pipeline,4,4,906,904,906,904
Dhrs2,Dhrs2<tm1a(KOMP)Wtsi>,homozygote,WTSI,involves: C57BL/6N,TDT (Tucker Davis Technologies),"RP2.1 based system, RA4PA Medusa Preamplifier",MGP Select Pipeline,4,4,906,904,906,904
Dhx33,Dhx33<tm1b(KOMP)Wtsi>,heterozygote,WTSI,involves: C57BL/6N,TDT (Tucker Davis Technologies),"RP2.1 based system, RA4PA Medusa Preamplifier",MGP Select Pipeline,4,4,906,904,906,904
Dhx35,Dhx35<tm1b(EUCOMM)Wtsi>,heterozygote,WTSI,involves: C57BL/6N,TDT (Tucker Davis Technologies),"RP2.1 based system, RA4PA Medusa Preamplifier",MGP Select Pipeline,4,4,906,904,906,904
Dip2a,Dip2a<tm2b(KOMP)Wtsi>,homozygote,WTSI,involves: C57BL/6N,TDT (Tucker Davis Technologies),"RP2.1 based system, RA4PA Medusa Preamplifier",MGP Select Pipeline,4,4,906,904,906,904
Dipk1a,Dipk1a<tm1a(EUCOMM)Wtsi>,homozygote,WTSI,involves: C57BL/6N,TDT (Tucker Davis Technologies),"RP2.1 based system, RA4PA Medusa Preamplifier",MGP Select Pipeline,6,6,906,904,906,904
Dlg2,Dlg2<tm1a(EUCOMM)Wtsi>,homozygote,WTSI,involves: C57BL/6N,TDT (Tucker Davis Technologies),"RP2.1 based system, RA4PA Medusa Preamplifier",MGP Select Pipeline,4,4,906,904,906,904
Dlg3,Dlg3<tm1a(EUCOMM)Wtsi>,hemizygote,WTSI,involves: C57BL/6N,TDT (Tucker Davis Technologies),"RP2.1 based system, RA4PA Medusa Preamplifier",MGP Select Pipeline,4,4,906,904,906,904
Dlg4,Dlg4<tm1e(EUCOMM)Wtsi>,homozygote,WTSI,involves: C57BL/6N,TDT (Tucker Davis Technologies),"RP2.1 based system, RA4PA Medusa Preamplifier",MGP Select Pipeline,7,5,906,904,906,904
Dlk1,Dlk1<em1(IMPC)Wtsi>,homozygote,WTSI,involves: C57BL/6N,TDT (Tucker Davis Technologies),"RP2.1 based system, RA4PA Medusa Preamplifier",MGP Select Pipeline,5,5,906,904,906,904
Dmgdh,Dmgdh<tm1a(KOMP)Wtsi>,homozygote,WTSI,involves: C57BL/6N,TDT (Tucker Davis Technologies),"RP2.1 based system, RA4PA Medusa Preamplifier",MGP Select Pipeline,4,4,906,904,906,904
Dmxl2,Dmxl2<tm1a(EUCOMM)Wtsi>,heterozygote,WTSI,involves: C57BL/6N,TDT (Tucker Davis Technologies),"RP2.1 based system, RA4PA Medusa Preamplifier",MGP Select Pipeline,6,6,906,904,906,904
Dnah17,Dnah17<tm1e(KOMP)Wtsi>,homozygote,WTSI,involves: C57BL/6N,TDT (Tucker Davis Technologies),"RP2.1 based system, RA4PA Medusa Preamplifier",MGP Select Pipeline,4,4,906,904,906,904
Dnajc8,Dnajc8<tm1b(KOMP)Wtsi>,heterozygote,WTSI,involves: C57BL/6N,TDT (Tucker Davis Technologies),"RP2.1 based system, RA4PA Medusa Preamplifier",MGP Select Pipeline,7,7,906,904,906,904
Dnase1l2,Dnase1l2<tm1.1(KOMP)Wtsi>,homozygote,MRC Harwell,involves: C57BL/6NTac,Intelligent Hearing Systems,Smart EP,Harwell,4,4,860,858,400,400
Dnase1l2,Dnase1l2<tm1.1(KOMP)Wtsi>,homozygote,WTSI,involves: C57BL/6N,TDT (Tucker Davis Technologies),"RP2.1 based system, RA4PA Medusa Preamplifier",MGP Select Pipeline,4,4,906,904,906,904
Dnmt3a,Dnmt3a<tm1a(KOMP)Wtsi>,homozygote,WTSI,involves: C57BL/6N,TDT (Tucker Davis Technologies),"RP2.1 based system, RA4PA Medusa Preamplifier",MGP Select Pipeline,4,4,906,904,906,904
Dnpep,Dnpep<tm1e(EUCOMM)Wtsi>,homozygote,WTSI,involves: C57BL/6N,TDT (Tucker Davis Technologies),"RP2.1 based system, RA4PA Medusa Preamplifier",MGP Select Pipeline,4,4,906,904,906,904
Dop1b,Dop1b<tm1a(EUCOMM)Wtsi>,homozygote,WTSI,involves: C57BL/6N,TDT (Tucker Davis Technologies),"RP2.1 based system, RA4PA Medusa Preamplifier",MGP Select Pipeline,6,6,906,904,906,904
Dph2,Dph2<tm2(EUCOMM)Wtsi>,heterozygote,WTSI,involves: C57BL/6N,TDT (Tucker Davis Technologies),"RP2.1 based system, RA4PA Medusa Preamplifier",MGP Select Pipeline,4,4,906,904,906,904
Dph6,Dph6<tm1a(KOMP)Wtsi>,homozygote,WTSI,involves: C57BL/6N,TDT (Tucker Davis Technologies),"RP2.1 based system, RA4PA Medusa Preamplifier",MGP Select Pipeline,8,8,906,904,906,904
Dpm1,Dpm1<tm1b(KOMP)Wtsi>,heterozygote,WTSI,involves: C57BL/6N,TDT (Tucker Davis Technologies),"RP2.1 based system, RA4PA Medusa Preamplifier",MGP Select Pipeline,4,4,906,904,906,904
Dpp9,Dpp9<tm1b(EUCOMM)Hmgu>,heterozygote,HMGU,involves: C57BL/6NTac,TDT (Tucker Davis Technologies),"RP2.1 based system, RA4PA Medusa Preamplifier",German Mouse Clinic,8,8,960,755,80,69
Dppa1,Dppa1<tm1a(KOMP)Wtsi>,homozygote,WTSI,involves: C57BL/6N,TDT (Tucker Davis Technologies),"RP2.1 based system, RA4PA Medusa Preamplifier",MGP Select Pipeline,4,4,906,904,906,904
Dpy30,Dpy30<tm1a(KOMP)Wtsi>,heterozygote,WTSI,involves: C57BL/6N,TDT (Tucker Davis Technologies),"RP2.1 based system, RA4PA Medusa Preamplifier",MGP Select Pipeline,4,4,906,904,906,904
Dsc2,Dsc2<tm1e(KOMP)Wtsi>,homozygote,WTSI,involves: C57BL/6N,TDT (Tucker Davis Technologies),"RP2.1 based system, RA4PA Medusa Preamplifier",MGP Select Pipeline,4,4,906,904,906,904
Dsg1b,Dsg1b<tm1a(KOMP)Wtsi>,homozygote,WTSI,involves: C57BL/6N,TDT (Tucker Davis Technologies),"RP2.1 based system, RA4PA Medusa Preamplifier",MGP Select Pipeline,4,4,906,904,906,904
Duoxa2,Duoxa2<tm1b(KOMP)Wtsi>,homozygote,WTSI,involves: C57BL/6N,TDT (Tucker Davis Technologies),"RP2.1 based system, RA4PA Medusa Preamplifier",MGP Select Pipeline,8,8,906,904,906,904
Dusp5,Dusp5<tm1a(KOMP)Wtsi>,homozygote,WTSI,involves: C57BL/6N,TDT (Tucker Davis Technologies),"RP2.1 based system, RA4PA Medusa Preamplifier",MGP Select Pipeline,4,4,906,904,906,904
Dynll1,Dynll1<tm1(KOMP)Wtsi>,heterozygote,WTSI,involves: C57BL/6N,TDT (Tucker Davis Technologies),"RP2.1 based system, RA4PA Medusa Preamplifier",MGP Select Pipeline,8,8,906,904,906,904
Dynlrb1,Dynlrb1<tm1a(EUCOMM)Wtsi>,heterozygote,WTSI,involves: C57BL/6N,TDT (Tucker Davis Technologies),"RP2.1 based system, RA4PA Medusa Preamplifier",MGP Select Pipeline,4,4,906,904,906,904
Dynlrb2,Dynlrb2<tm1a(KOMP)Wtsi>,heterozygote,WTSI,involves: C57BL/6N,TDT (Tucker Davis Technologies),"RP2.1 based system, RA4PA Medusa Preamplifier",MGP Select Pipeline,4,4,906,904,906,904
Dynlt2b,Dynlt2b<tm1e(EUCOMM)Wtsi>,homozygote,WTSI,involves: C57BL/6N,TDT (Tucker Davis Technologies),"RP2.1 based system, RA4PA Medusa Preamplifier",MGP Select Pipeline,4,4,906,904,906,904
Eaf1,Eaf1<tm1b(EUCOMM)Wtsi>,heterozygote,MRC Harwell,involves: C57BL/6NTac,Intelligent Hearing Systems,Smart EP,Harwell,4,4,860,858,400,400
Eci3,Eci3<tm1b(EUCOMM)Wtsi>,homozygote,WTSI,involves: C57BL/6N,TDT (Tucker Davis Technologies),"RP2.1 based system, RA4PA Medusa Preamplifier",MGP Select Pipeline,4,4,906,904,906,904
Edc4,Edc4<tm1a(EUCOMM)Wtsi>,heterozygote,WTSI,involves: C57BL/6N,TDT (Tucker Davis Technologies),"RP2.1 based system, RA4PA Medusa Preamplifier",MGP Select Pipeline,4,4,906,904,906,904
Eef1akmt1,Eef1akmt1<tm1a(EUCOMM)Wtsi>,homozygote,WTSI,involves: C57BL/6N,TDT (Tucker Davis Technologies),"RP2.1 based system, RA4PA Medusa Preamplifier",MGP Select Pipeline,4,4,906,904,906,904
Eef2kmt,Eef2kmt<tm1b(EUCOMM)Wtsi>,homozygote,HMGU,involves: C57BL/6NTac,TDT (Tucker Davis Technologies),"RP2.1 based system, RA4PA Medusa Preamplifier",German Mouse Clinic,8,8,960,755,80,69
Efna5,Efna5<tm1b(EUCOMM)Wtsi>,homozygote,HMGU,involves: C57BL/6NTac,TDT (Tucker Davis Technologies),"RP2.1 based system, RA4PA Medusa Preamplifier",German Mouse Clinic,8,7,960,755,80,69
Ehbp1l1,Ehbp1l1<tm1a(EUCOMM)Wtsi>,heterozygote,WTSI,involves: C57BL/6N,TDT (Tucker Davis Technologies),"RP2.1 based system, RA4PA Medusa Preamplifier",MGP Select Pipeline,4,4,906,904,906,904
Eif3h,Eif3h<tm1a(EUCOMM)Hmgu>,heterozygote,WTSI,involves: C57BL/6N,TDT (Tucker Davis Technologies),"RP2.1 based system, RA4PA Medusa Preamplifier",MGP Select Pipeline,4,4,906,904,906,904
Elac2,Elac2<tm1b(EUCOMM)Wtsi>,heterozygote,WTSI,involves: C57BL/6N,TDT (Tucker Davis Technologies),"RP2.1 based system, RA4PA Medusa Preamplifier",MGP Select Pipeline,4,4,906,904,906,904
Elapor2,Elapor2<tm1a(KOMP)Wtsi>,homozygote,WTSI,involves: C57BL/6N,TDT (Tucker Davis Technologies),"RP2.1 based system, RA4PA Medusa Preamplifier",MGP Select Pipeline,4,4,906,904,906,904
Ell2,Ell2<tm1a(EUCOMM)Wtsi>,homozygote,WTSI,involves: C57BL/6N,TDT (Tucker Davis Technologies),"RP2.1 based system, RA4PA Medusa Preamplifier",MGP Select Pipeline,4,4,906,904,906,904
Ell2,Ell2<tm1b(EUCOMM)Wtsi>,homozygote,WTSI,involves: C57BL/6N,TDT (Tucker Davis Technologies),"RP2.1 based system, RA4PA Medusa Preamplifier",MGP Select Pipeline,5,5,906,904,906,904
Elmo1,Elmo1<tm1a(EUCOMM)Wtsi>,homozygote,WTSI,involves: C57BL/6N,TDT (Tucker Davis Technologies),"RP2.1 based system, RA4PA Medusa Preamplifier",MGP Select Pipeline,4,4,906,904,906,904
Elmod1,Elmod1<tm1b(EUCOMM)Hmgu>,homozygote,MRC Harwell,involves: C57BL/6NTac,Intelligent Hearing Systems,Smart EP,Harwell,4,4,860,858,400,400
Enc1,Enc1<tm1a(EUCOMM)Wtsi>,homozygote,WTSI,involves: C57BL/6N,TDT (Tucker Davis Technologies),"RP2.1 based system, RA4PA Medusa Preamplifier",MGP Select Pipeline,5,5,906,904,906,904
Endou,Endou<tm1(KOMP)Vlcg>,homozygote,WTSI,involves: C57BL/6N,TDT (Tucker Davis Technologies),"RP2.1 based system, RA4PA Medusa Preamplifier",MGP Select Pipeline,4,4,906,904,906,904
Entpd6,Entpd6<tm1a(KOMP)Wtsi>,homozygote,WTSI,involves: C57BL/6N,TDT (Tucker Davis Technologies),"RP2.1 based system, RA4PA Medusa Preamplifier",MGP Select Pipeline,4,4,906,904,906,904
Epcip,Epcip<tm1a(EUCOMM)Wtsi>,homozygote,WTSI,involves: C57BL/6N,TDT (Tucker Davis Technologies),"RP2.1 based system, RA4PA Medusa Preamplifier",MGP Select Pipeline,4,4,906,904,906,904
Erlin2,Erlin2<tm1a(EUCOMM)Wtsi>,homozygote,WTSI,involves: C57BL/6N,TDT (Tucker Davis Technologies),"RP2.1 based system, RA4PA Medusa Preamplifier",MGP Select Pipeline,4,4,906,904,906,904
Erp44,Erp44<tm1a(KOMP)Wtsi>,heterozygote,WTSI,involves: C57BL/6N,TDT (Tucker Davis Technologies),"RP2.1 based system, RA4PA Medusa Preamplifier",MGP Select Pipeline,4,4,906,904,906,904
Esyt3,Esyt3<tm1b(EUCOMM)Wtsi>,homozygote,MRC Harwell,involves: C57BL/6NTac,Intelligent Hearing Systems,Smart EP,Harwell,4,4,860,858,400,400
Evi5,Evi5<tm1a(KOMP)Wtsi>,homozygote,WTSI,involves: C57BL/6N,TDT (Tucker Davis Technologies),"RP2.1 based system, RA4PA Medusa Preamplifier",MGP Select Pipeline,8,8,906,904,906,904
Exoc3l2,Exoc3l2<tm1a(KOMP)Wtsi>,homozygote,WTSI,involves: C57BL/6N,TDT (Tucker Davis Technologies),"RP2.1 based system, RA4PA Medusa Preamplifier",MGP Select Pipeline,4,4,906,904,906,904
Exoc3l2,Exoc3l2<tm1b(KOMP)Wtsi>,heterozygote,WTSI,involves: C57BL/6N,TDT (Tucker Davis Technologies),"RP2.1 based system, RA4PA Medusa Preamplifier",MGP Select Pipeline,4,4,906,904,906,904
Exosc9,Exosc9<tm1b(EUCOMM)Wtsi>,heterozygote,WTSI,involves: C57BL/6N,TDT (Tucker Davis Technologies),"RP2.1 based system, RA4PA Medusa Preamplifier",MGP Select Pipeline,4,4,906,904,906,904
Ezr,Ezr<tm2a(EUCOMM)Wtsi>,heterozygote,WTSI,involves: C57BL/6N,TDT (Tucker Davis Technologies),"RP2.1 based system, RA4PA Medusa Preamplifier",MGP Select Pipeline,4,4,906,904,906,904
Fabp1,Fabp1<tm1b(EUCOMM)Hmgu>,homozygote,MRC Harwell,involves: C57BL/6NTac,Intelligent Hearing Systems,Smart EP,Harwell,4,4,860,858,400,400
Fads3,Fads3<tm1b(EUCOMM)Hmgu>,homozygote,WTSI,involves: C57BL/6N,TDT (Tucker Davis Technologies),"RP2.1 based system, RA4PA Medusa Preamplifier",MGP Select Pipeline,9,9,906,904,906,904
Fam151b,Fam151b<tm1b(EUCOMM)Hmgu>,homozygote,MRC Harwell,involves: C57BL/6NTac,Intelligent Hearing Systems,Smart EP,Harwell,4,4,860,858,400,400
Fam163a,Fam163a<tm2b(KOMP)Wtsi>,homozygote,WTSI,involves: C57BL/6N,TDT (Tucker Davis Technologies),"RP2.1 based system, RA4PA Medusa Preamplifier",MGP Select Pipeline,4,4,906,904,906,904
Fam47e,Fam47e<tm1a(EUCOMM)Wtsi>,homozygote,WTSI,involves: C57BL/6N,TDT (Tucker Davis Technologies),"RP2.1 based system, RA4PA Medusa Preamplifier",MGP Select Pipeline,4,4,906,904,906,904
Fanci,Fanci<tm1a(EUCOMM)Wtsi>,heterozygote,WTSI,involves: C57BL/6N,TDT (Tucker Davis Technologies),"RP2.1 based system, RA4PA Medusa Preamplifier",MGP Select Pipeline,4,4,906,904,906,904
Farsa,Farsa<tm2a(EUCOMM)Wtsi>,heterozygote,WTSI,involves: C57BL/6N,TDT (Tucker Davis Technologies),"RP2.1 based system, RA4PA Medusa Preamplifier",MGP Select Pipeline,4,4,906,904,906,904
Fbf1,Fbf1<tm1a(EUCOMM)Wtsi>,homozygote,WTSI,involves: C57BL/6N,TDT (Tucker Davis Technologies),"RP2.1 based system, RA4PA Medusa Preamplifier",MGP Select Pipeline,4,4,906,904,906,904
Fbxl7,Fbxl7<tm1a(EUCOMM)Wtsi>,homozygote,WTSI,involves: C57BL/6N,TDT (Tucker Davis Technologies),"RP2.1 based system, RA4PA Medusa Preamplifier",MGP Select Pipeline,4,4,906,904,906,904
Fbxo33,Fbxo33<tm1b(EUCOMM)Wtsi>,homozygote,WTSI,involves: C57BL/6N,TDT (Tucker Davis Technologies),"RP2.1 based system, RA4PA Medusa Preamplifier",MGP Select Pipeline,8,8,906,904,906,904
Fbxo47,Fbxo47<tm1a(EUCOMM)Wtsi>,heterozygote,WTSI,involves: C57BL/6N,TDT (Tucker Davis Technologies),"RP2.1 based system, RA4PA Medusa Preamplifier",MGP Select Pipeline,4,4,906,904,906,904
Fbxo7,Fbxo7<tm1a(EUCOMM)Wtsi>,homozygote,WTSI,involves: C57BL/6N,TDT (Tucker Davis Technologies),"RP2.1 based system, RA4PA Medusa Preamplifier",MGP Select Pipeline,4,4,906,904,906,904
Fbxw26,Fbxw26<tm1b(KOMP)Wtsi>,homozygote,WTSI,involves: C57BL/6N,TDT (Tucker Davis Technologies),"RP2.1 based system, RA4PA Medusa Preamplifier",MGP Select Pipeline,4,4,906,904,906,904
Fcgbp,Fcgbp<tm1b(EUCOMM)Wtsi>,homozygote,MRC Harwell,involves: C57BL/6NTac,Intelligent Hearing Systems,Smart EP,Harwell,4,4,860,858,400,400
Fdft1,Fdft1<tm1a(KOMP)Wtsi>,heterozygote,WTSI,involves: C57BL/6N,TDT (Tucker Davis Technologies),"RP2.1 based system, RA4PA Medusa Preamplifier",MGP Select Pipeline,4,4,906,904,906,904
Fgf10,Fgf10<tm1b(EUCOMM)Wtsi>,heterozygote,MRC Harwell,involves: C57BL/6NTac,Intelligent Hearing Systems,Smart EP,Harwell,4,4,860,858,400,400
Fgf22,Fgf22<tm1b(EUCOMM)Hmgu>,homozygote,MRC Harwell,involves: C57BL/6NTac,Intelligent Hearing Systems,Smart EP,Harwell,4,4,860,858,400,400
Fggy,Fggy<tm1a(KOMP)Wtsi>,homozygote,WTSI,involves: C57BL/6N,TDT (Tucker Davis Technologies),"RP2.1 based system, RA4PA Medusa Preamplifier",MGP Select Pipeline,4,4,906,904,906,904
Fhip1a,Fhip1a<tm1b(EUCOMM)Wtsi>,heterozygote,WTSI,involves: C57BL/6N,TDT (Tucker Davis Technologies),"RP2.1 based system, RA4PA Medusa Preamplifier",MGP Select Pipeline,4,4,906,904,906,904
Firrm,Firrm<tm1b(EUCOMM)Hmgu>,heterozygote,MRC Harwell,involves: C57BL/6NTac,Intelligent Hearing Systems,Smart EP,Harwell,4,4,860,858,400,400
Fkbp3,Fkbp3<tm2a(EUCOMM)Wtsi>,homozygote,WTSI,involves: C57BL/6N,TDT (Tucker Davis Technologies),"RP2.1 based system, RA4PA Medusa Preamplifier",MGP Select Pipeline,4,4,906,904,906,904
Fnip2,Fnip2<tm1a(KOMP)Wtsi>,homozygote,WTSI,involves: C57BL/6N,TDT (Tucker Davis Technologies),"RP2.1 based system, RA4PA Medusa Preamplifier",MGP Select Pipeline,6,6,906,904,906,904
Frmd7,Frmd7<tm1a(KOMP)Wtsi>,hemizygote,WTSI,involves: C57BL/6N,TDT (Tucker Davis Technologies),"RP2.1 based system, RA4PA Medusa Preamplifier",MGP Select Pipeline,4,4,906,904,906,904
Frrs1,Frrs1<tm1a(EUCOMM)Wtsi>,heterozygote,WTSI,involves: C57BL/6N,TDT (Tucker Davis Technologies),"RP2.1 based system, RA4PA Medusa Preamplifier",MGP Select Pipeline,4,4,906,904,906,904
Frs2,Frs2<tm1b(EUCOMM)Wtsi>,heterozygote,MRC Harwell,involves: C57BL/6NTac,Intelligent Hearing Systems,Smart EP,Harwell,4,4,860,858,400,400
Fryl,Fryl<tm1b(KOMP)Wtsi>,heterozygote,WTSI,involves: C57BL/6N,TDT (Tucker Davis Technologies),"RP2.1 based system, RA4PA Medusa Preamplifier",MGP Select Pipeline,4,4,906,904,906,904
Fundc1,Fundc1<tm1c(KOMP)Wtsi>,hemizygote,WTSI,involves: B6Brd;B6Dnk;B6N-Tyr<c-Brd>,TDT (Tucker Davis Technologies),"RP2.1 based system, RA4PA Medusa Preamplifier",MGP Select Pipeline,4,4,54,54,54,54
Fundc1,Fundc1<tm1c(KOMP)Wtsi>,homozygote,WTSI,involves: B6Brd;B6Dnk;B6N-Tyr<c-Brd>,TDT (Tucker Davis Technologies),"RP2.1 based system, RA4PA Medusa Preamplifier",MGP Select Pipeline,4,4,54,54,54,54
Furin,Furin<tm1b(EUCOMM)Wtsi>,heterozygote,MRC Harwell,involves: C57BL/6NTac,Intelligent Hearing Systems,Smart EP,Harwell,4,4,860,858,400,400
Fxyd3,Fxyd3<tm1a(KOMP)Wtsi>,homozygote,WTSI,involves: C57BL/6N,TDT (Tucker Davis Technologies),"RP2.1 based system, RA4PA Medusa Preamplifier",MGP Select Pipeline,4,4,906,904,906,904
Fyn,Fyn<tm1a(EUCOMM)Wtsi>,heterozygote,WTSI,involves: C57BL/6N,TDT (Tucker Davis Technologies),"RP2.1 based system, RA4PA Medusa Preamplifier",MGP Select Pipeline,4,4,906,904,906,904
Fzd6,Fzd6<tm2a(EUCOMM)Wtsi>,homozygote,WTSI,involves: C57BL/6N,TDT (Tucker Davis Technologies),"RP2.1 based system, RA4PA Medusa Preamplifier",MGP Select Pipeline,4,4,906,904,906,904
G3bp2,G3bp2<tm1a(EUCOMM)Wtsi>,heterozygote,WTSI,involves: C57BL/6N,TDT (Tucker Davis Technologies),"RP2.1 based system, RA4PA Medusa Preamplifier",MGP Select Pipeline,4,4,906,904,906,904
Galnt18,Galnt18<tm1b(KOMP)Wtsi>,homozygote,WTSI,involves: C57BL/6N,TDT (Tucker Davis Technologies),"RP2.1 based system, RA4PA Medusa Preamplifier",MGP Select Pipeline,4,4,906,904,906,904
Galntl5,Galntl5<tm1b(KOMP)Wtsi>,homozygote,WTSI,involves: C57BL/6N,TDT (Tucker Davis Technologies),"RP2.1 based system, RA4PA Medusa Preamplifier",MGP Select Pipeline,4,4,906,904,906,904
Garin3,Garin3<tm1a(KOMP)Wtsi>,homozygote,WTSI,involves: C57BL/6N,TDT (Tucker Davis Technologies),"RP2.1 based system, RA4PA Medusa Preamplifier",MGP Select Pipeline,4,4,906,904,906,904
Gas2l2,Gas2l2<tm1a(KOMP)Wtsi>,homozygote,WTSI,involves: C57BL/6N,TDT (Tucker Davis Technologies),"RP2.1 based system, RA4PA Medusa Preamplifier",MGP Select Pipeline,4,4,906,904,906,904
Gbf1,Gbf1<tm1a(KOMP)Wtsi>,heterozygote,WTSI,involves: C57BL/6N,TDT (Tucker Davis Technologies),"RP2.1 based system, RA4PA Medusa Preamplifier",MGP Select Pipeline,4,4,906,904,906,904
Gbp5,Gbp5<em1(IMPC)Wtsi>,homozygote,WTSI,involves: C57BL/6N,TDT (Tucker Davis Technologies),"RP2.1 based system, RA4PA Medusa Preamplifier",MGP Select Pipeline,4,4,906,904,906,904
Gda,Gda<tm1a(KOMP)Wtsi>,homozygote,WTSI,involves: C57BL/6N,TDT (Tucker Davis Technologies),"RP2.1 based system, RA4PA Medusa Preamplifier",MGP Select Pipeline,4,4,906,904,906,904
Gdpd2,Gdpd2<tm1a(KOMP)Wtsi>,homozygote,WTSI,involves: C57BL/6N,TDT (Tucker Davis Technologies),"RP2.1 based system, RA4PA Medusa Preamplifier",MGP Select Pipeline,4,4,906,904,906,904
Gimap6,Gimap6<tm1a(KOMP)Wtsi>,homozygote,WTSI,involves: C57BL/6N,TDT (Tucker Davis Technologies),"RP2.1 based system, RA4PA Medusa Preamplifier",MGP Select Pipeline,4,4,906,904,906,904
Gldc,Gldc<tm1a(EUCOMM)Wtsi>,heterozygote,WTSI,involves: C57BL/6N,TDT (Tucker Davis Technologies),"RP2.1 based system, RA4PA Medusa Preamplifier",MGP Select Pipeline,4,4,906,904,906,904
Gle1,Gle1<tm1a(EUCOMM)Wtsi>,heterozygote,WTSI,involves: C57BL/6N,TDT (Tucker Davis Technologies),"RP2.1 based system, RA4PA Medusa Preamplifier",MGP Select Pipeline,4,4,906,904,906,904
Glg1,Glg1<tm1a(KOMP)Wtsi>,heterozygote,WTSI,involves: C57BL/6N,TDT (Tucker Davis Technologies),"RP2.1 based system, RA4PA Medusa Preamplifier",MGP Select Pipeline,4,4,906,904,906,904
Glo1,Glo1<tm1a(KOMP)Wtsi>,homozygote,WTSI,involves: C57BL/6N,TDT (Tucker Davis Technologies),"RP2.1 based system, RA4PA Medusa Preamplifier",MGP Select Pipeline,4,4,906,904,906,904
Glt8d2,Glt8d2<tm1a(KOMP)Wtsi>,homozygote,WTSI,involves: C57BL/6N,TDT (Tucker Davis Technologies),"RP2.1 based system, RA4PA Medusa Preamplifier",MGP Select Pipeline,4,4,906,904,906,904
Glyatl3,Glyatl3<em1(IMPC)Wtsi>,homozygote,WTSI,involves: C57BL/6N,TDT (Tucker Davis Technologies),"RP2.1 based system, RA4PA Medusa Preamplifier",MGP Select Pipeline,4,4,906,904,906,904
Gm12253,Gm12253<tm1a(KOMP)Wtsi>,homozygote,WTSI,involves: C57BL/6N,TDT (Tucker Davis Technologies),"RP2.1 based system, RA4PA Medusa Preamplifier",MGP Select Pipeline,4,4,906,904,906,904
Gm13547,Gm13547<tm1a(KOMP)Wtsi>,homozygote,WTSI,involves: C57BL/6N,TDT (Tucker Davis Technologies),"RP2.1 based system, RA4PA Medusa Preamplifier",MGP Select Pipeline,4,4,906,904,906,904
Gm5544,Gm5544<tm1a(KOMP)Wtsi>,heterozygote,WTSI,involves: C57BL/6N,TDT (Tucker Davis Technologies),"RP2.1 based system, RA4PA Medusa Preamplifier",MGP Select Pipeline,4,4,906,904,906,904
Gm6578,Gm6578<tm1a(KOMP)Wtsi>,homozygote,WTSI,involves: C57BL/6N,TDT (Tucker Davis Technologies),"RP2.1 based system, RA4PA Medusa Preamplifier",MGP Select Pipeline,4,4,906,904,906,904
Gmds,Gmds<tm1a(KOMP)Wtsi>,homozygote,WTSI,involves: C57BL/6N,TDT (Tucker Davis Technologies),"RP2.1 based system, RA4PA Medusa Preamplifier",MGP Select Pipeline,7,7,906,904,906,904
Gmnc,Gmnc<tm1b(KOMP)Wtsi>,heterozygote,WTSI,involves: C57BL/6N,TDT (Tucker Davis Technologies),"RP2.1 based system, RA4PA Medusa Preamplifier",MGP Select Pipeline,5,5,906,904,906,904
Gnb3,Gnb3<tm1b(EUCOMM)Wtsi>,homozygote,WTSI,involves: C57BL/6N,TDT (Tucker Davis Technologies),"RP2.1 based system, RA4PA Medusa Preamplifier",MGP Select Pipeline,7,7,906,904,906,904
Golm2,Golm2<tm2b(EUCOMM)Wtsi>,homozygote,WTSI,involves: C57BL/6N,TDT (Tucker Davis Technologies),"RP2.1 based system, RA4PA Medusa Preamplifier",MGP Select Pipeline,4,4,906,904,906,904
Gosr2,Gosr2<tm1b(EUCOMM)Hmgu>,heterozygote,MRC Harwell,involves: C57BL/6NTac,Intelligent Hearing Systems,Smart EP,Harwell,4,4,860,858,400,400
Gpatch1,Gpatch1<em1(IMPC)Wtsi>,heterozygote,WTSI,involves: C57BL/6N,TDT (Tucker Davis Technologies),"RP2.1 based system, RA4PA Medusa Preamplifier",MGP Select Pipeline,3,3,906,904,906,904
Gpbp1l1,Gpbp1l1<tm1a(EUCOMM)Wtsi>,homozygote,WTSI,involves: C57BL/6N,TDT (Tucker Davis Technologies),"RP2.1 based system, RA4PA Medusa Preamplifier",MGP Select Pipeline,4,4,906,904,906,904
Gpc5,Gpc5<tm1a(KOMP)Wtsi>,homozygote,WTSI,involves: C57BL/6N,TDT (Tucker Davis Technologies),"RP2.1 based system, RA4PA Medusa Preamplifier",MGP Select Pipeline,4,4,906,904,906,904
Gpr107,Gpr107<tm1a(KOMP)Wtsi>,heterozygote,WTSI,involves: C57BL/6N,TDT (Tucker Davis Technologies),"RP2.1 based system, RA4PA Medusa Preamplifier",MGP Select Pipeline,4,4,906,904,906,904
Gpr152,Gpr152<tm1b(EUCOMM)Wtsi>,homozygote,WTSI,involves: C57BL/6N,TDT (Tucker Davis Technologies),"RP2.1 based system, RA4PA Medusa Preamplifier",MGP Select Pipeline,9,9,906,904,906,904
Gpr22,Gpr22<tm1b(KOMP)Wtsi>,homozygote,MRC Harwell,involves: C57BL/6NTac,Intelligent Hearing Systems,Smart EP,Harwell,4,4,860,858,400,400
Gpr33,Gpr33<tm1b(EUCOMM)Hmgu>,homozygote,MRC Harwell,involves: C57BL/6NTac,Intelligent Hearing Systems,Smart EP,Harwell,4,4,860,858,400,400
Gpr35,Gpr35<tm1b(EUCOMM)Hmgu>,homozygote,WTSI,involves: C57BL/6N,TDT (Tucker Davis Technologies),"RP2.1 based system, RA4PA Medusa Preamplifier",MGP Select Pipeline,4,4,906,904,906,904
Gprc5b,Gprc5b<tm1a(EUCOMM)Wtsi>,homozygote,WTSI,involves: C57BL/6N,TDT (Tucker Davis Technologies),"RP2.1 based system, RA4PA Medusa Preamplifier",MGP Select Pipeline,4,4,906,904,906,904
Grb7,Grb7<tm1b(EUCOMM)Wtsi>,homozygote,WTSI,involves: C57BL/6N,TDT (Tucker Davis Technologies),"RP2.1 based system, RA4PA Medusa Preamplifier",MGP Select Pipeline,4,4,906,904,906,904
Grm6,Grm6<tm1b(EUCOMM)Wtsi>,homozygote,MRC Harwell,involves: C57BL/6NTac,Intelligent Hearing Systems,Smart EP,Harwell,4,4,860,858,400,400
Grm8,Grm8<tm2a(KOMP)Wtsi>,homozygote,WTSI,involves: C57BL/6N,TDT (Tucker Davis Technologies),"RP2.1 based system, RA4PA Medusa Preamplifier",MGP Select Pipeline,8,8,906,904,906,904
Grsf1,Grsf1<tm1b(EUCOMM)Wtsi>,homozygote,WTSI,involves: C57BL/6N,TDT (Tucker Davis Technologies),"RP2.1 based system, RA4PA Medusa Preamplifier",MGP Select Pipeline,4,4,906,904,906,904
Gsdme,Gsdme<tm1b(KOMP)Wtsi>,homozygote,WTSI,involves: C57BL/6N,TDT (Tucker Davis Technologies),"RP2.1 based system, RA4PA Medusa Preamplifier",MGP Select Pipeline,4,4,906,904,906,904
Gsto2,Gsto2<tm2a(KOMP)Wtsi>,homozygote,WTSI,involves: C57BL/6N,TDT (Tucker Davis Technologies),"RP2.1 based system, RA4PA Medusa Preamplifier",MGP Select Pipeline,6,6,906,904,906,904
Gtf2a1,Gtf2a1<tm1a(KOMP)Wtsi>,heterozygote,WTSI,involves: C57BL/6N,TDT (Tucker Davis Technologies),"RP2.1 based system, RA4PA Medusa Preamplifier",MGP Select Pipeline,5,5,906,904,906,904
Gtf2h2,Gtf2h2<tm1a(EUCOMM)Wtsi>,heterozygote,WTSI,involves: C57BL/6N,TDT (Tucker Davis Technologies),"RP2.1 based system, RA4PA Medusa Preamplifier",MGP Select Pipeline,4,4,906,904,906,904
H13,H13<tm1b(KOMP)Wtsi>,heterozygote,WTSI,involves: C57BL/6N,TDT (Tucker Davis Technologies),"RP2.1 based system, RA4PA Medusa Preamplifier",MGP Select Pipeline,4,4,906,904,906,904
H2-Eb1,H2-Eb1<b-tm1a(KOMP)Wtsi>,homozygote,WTSI,involves: C57BL/6N,TDT (Tucker Davis Technologies),"RP2.1 based system, RA4PA Medusa Preamplifier",MGP Select Pipeline,4,4,906,904,906,904
H2al2a,H2al2a<em1(IMPC)Wtsi>,homozygote,WTSI,involves: C57BL/6N,TDT (Tucker Davis Technologies),"RP2.1 based system, RA4PA Medusa Preamplifier",MGP Select Pipeline,2,2,906,904,906,904
H2bl1,H2bl1<tm1b(EUCOMM)Wtsi>,homozygote,WTSI,involves: C57BL/6N,TDT (Tucker Davis Technologies),"RP2.1 based system, RA4PA Medusa Preamplifier",MGP Select Pipeline,4,4,906,904,906,904
Hace1,Hace1<tm1b(KOMP)Wtsi>,heterozygote,MRC Harwell,involves: C57BL/6NTac,Intelligent Hearing Systems,Smart EP,Harwell,4,4,860,858,400,400
Hacl1,Hacl1<tm1a(KOMP)Wtsi>,homozygote,WTSI,involves: C57BL/6N,TDT (Tucker Davis Technologies),"RP2.1 based system, RA4PA Medusa Preamplifier",MGP Select Pipeline,4,4,906,904,906,904
Hao2,Hao2<em1(IMPC)Wtsi>,homozygote,WTSI,involves: C57BL/6N,TDT (Tucker Davis Technologies),"RP2.1 based system, RA4PA Medusa Preamplifier",MGP Select Pipeline,4,4,906,904,906,904
Hbs1l,Hbs1l<tm1a(KOMP)Wtsi>,homozygote,WTSI,involves: C57BL/6N,TDT (Tucker Davis Technologies),"RP2.1 based system, RA4PA Medusa Preamplifier",MGP Select Pipeline,5,5,906,904,906,904
Hectd2,Hectd2<tm1b(KOMP)Wtsi>,homozygote,MRC Harwell,involves: C57BL/6NTac,Intelligent Hearing Systems,Smart EP,Harwell,4,4,860,858,400,400
Hecw2,Hecw2<tm1a(EUCOMM)Wtsi>,heterozygote,WTSI,involves: C57BL/6N,TDT (Tucker Davis Technologies),"RP2.1 based system, RA4PA Medusa Preamplifier",MGP Select Pipeline,4,4,906,904,906,904
Herc1,Herc1<em1(IMPC)Wtsi>,homozygote,WTSI,involves: C57BL/6N,TDT (Tucker Davis Technologies),"RP2.1 based system, RA4PA Medusa Preamplifier",MGP Select Pipeline,5,5,906,904,906,904
Herc1,Herc1<em2(IMPC)Wtsi>,homozygote,WTSI,involves: C57BL/6N,TDT (Tucker Davis Technologies),"RP2.1 based system, RA4PA Medusa Preamplifier",MGP Select Pipeline,6,6,906,904,906,904
Herc1,Herc1<em3(IMPC)Wtsi>,homozygote,WTSI,involves: C57BL/6N,TDT (Tucker Davis Technologies),"RP2.1 based system, RA4PA Medusa Preamplifier",MGP Select Pipeline,6,6,906,904,906,904
Hibadh,Hibadh<tm1b(EUCOMM)Wtsi>,homozygote,WTSI,involves: C57BL/6N,TDT (Tucker Davis Technologies),"RP2.1 based system, RA4PA Medusa Preamplifier",MGP Select Pipeline,4,4,906,904,906,904
Hmgxb3,Hmgxb3<tm1a(EUCOMM)Wtsi>,heterozygote,WTSI,involves: C57BL/6N,TDT (Tucker Davis Technologies),"RP2.1 based system, RA4PA Medusa Preamplifier",MGP Select Pipeline,7,7,906,904,906,904
Homez,Homez<tm1e(KOMP)Wtsi>,homozygote,WTSI,involves: C57BL/6N,TDT (Tucker Davis Technologies),"RP2.1 based system, RA4PA Medusa Preamplifier",MGP Select Pipeline,4,4,906,904,906,904
Hpf1,Hpf1<em1(IMPC)Wtsi>,homozygote,WTSI,involves: C57BL/6N,TDT (Tucker Davis Technologies),"RP2.1 based system, RA4PA Medusa Preamplifier",MGP Select Pipeline,4,4,906,904,906,904
Hrnr,Hrnr<em1(IMPC)Wtsi>,homozygote,WTSI,involves: C57BL/6N,TDT (Tucker Davis Technologies),"RP2.1 based system, RA4PA Medusa Preamplifier",MGP Select Pipeline,4,4,906,904,906,904
Hsf2bp,Hsf2bp<tm1b(EUCOMM)Hmgu>,homozygote,HMGU,involves: C57BL/6NTac,TDT (Tucker Davis Technologies),"RP2.1 based system, RA4PA Medusa Preamplifier",German Mouse Clinic,5,5,960,755,80,69
Hsp90aa1,Hsp90aa1<tm1(KOMP)Wtsi>,homozygote,WTSI,involves: C57BL/6N,TDT (Tucker Davis Technologies),"RP2.1 based system, RA4PA Medusa Preamplifier",MGP Select Pipeline,4,4,906,904,906,904
Ido2,Ido2<tm3a(EUCOMM)Wtsi>,homozygote,WTSI,involves: C57BL/6N,TDT (Tucker Davis Technologies),"RP2.1 based system, RA4PA Medusa Preamplifier",MGP Select Pipeline,4,4,906,904,906,904
Ifi27,Ifi27<tm1b(EUCOMM)Wtsi>,homozygote,WTSI,involves: C57BL/6N,TDT (Tucker Davis Technologies),"RP2.1 based system, RA4PA Medusa Preamplifier",MGP Select Pipeline,4,4,906,904,906,904
Ifitm6,Ifitm6<tm1b(EUCOMM)Wtsi>,homozygote,WTSI,involves: C57BL/6N,TDT (Tucker Davis Technologies),"RP2.1 based system, RA4PA Medusa Preamplifier",MGP Select Pipeline,4,4,906,904,906,904
Ifnar1,Ifnar1<tm2a(EUCOMM)Wtsi>,homozygote,WTSI,involves: C57BL/6N,TDT (Tucker Davis Technologies),"RP2.1 based system, RA4PA Medusa Preamplifier",MGP Select Pipeline,8,8,906,904,906,904
Ifnlr1,Ifnlr1<tm1a(EUCOMM)Wtsi>,homozygote,WTSI,involves: C57BL/6N,TDT (Tucker Davis Technologies),"RP2.1 based system, RA4PA Medusa Preamplifier",MGP Select Pipeline,4,4,906,904,906,904
Ift140,Ift140<tm1a(KOMP)Wtsi>,heterozygote,WTSI,involves: C57BL/6N,TDT (Tucker Davis Technologies),"RP2.1 based system, RA4PA Medusa Preamplifier",MGP Select Pipeline,4,4,906,904,906,904
Ift80,Ift80<tm1a(KOMP)Wtsi>,heterozygote,WTSI,involves: C57BL/6N,TDT (Tucker Davis Technologies),"RP2.1 based system, RA4PA Medusa Preamplifier",MGP Select Pipeline,4,4,906,904,906,904
Ift80,Ift80<tm1a(KOMP)Wtsi>,homozygote,WTSI,involves: C57BL/6N,TDT (Tucker Davis Technologies),"RP2.1 based system, RA4PA Medusa Preamplifier",MGP Select Pipeline,6,6,906,904,906,904
Igfbp3,Igfbp3<tm1b(KOMP)Wtsi>,homozygote,MRC Harwell,involves: C57BL/6NTac,Intelligent Hearing Systems,Smart EP,Harwell,4,4,860,858,400,400
Il10rb,Il10rb<tm1a(KOMP)Wtsi>,homozygote,WTSI,involves: C57BL/6N,TDT (Tucker Davis Technologies),"RP2.1 based system, RA4PA Medusa Preamplifier",MGP Select Pipeline,4,4,906,904,906,904
Il17rd,Il17rd<tm1b(EUCOMM)Hmgu>,homozygote,MRC Harwell,involves: C57BL/6NTac,Intelligent Hearing Systems,Smart EP,Harwell,4,4,860,858,400,400
Il18rap,Il18rap<em1(IMPC)Wtsi>,homozygote,WTSI,involves: C57BL/6N,TDT (Tucker Davis Technologies),"RP2.1 based system, RA4PA Medusa Preamplifier",MGP Select Pipeline,3,3,906,904,906,904
Il1r2,Il1r2<tm1a(EUCOMM)Wtsi>,homozygote,WTSI,involves: C57BL/6N,TDT (Tucker Davis Technologies),"RP2.1 based system, RA4PA Medusa Preamplifier",MGP Select Pipeline,4,4,906,904,906,904
Il23r,Il23r<tm2a(EUCOMM)Wtsi>,homozygote,WTSI,involves: C57BL/6N,TDT (Tucker Davis Technologies),"RP2.1 based system, RA4PA Medusa Preamplifier",MGP Select Pipeline,4,4,906,904,906,904
Il27,Il27<tm1b(EUCOMM)Wtsi>,homozygote,WTSI,involves: C57BL/6N,TDT (Tucker Davis Technologies),"RP2.1 based system, RA4PA Medusa Preamplifier",MGP Select Pipeline,4,4,906,904,906,904
Ildr1,Ildr1<tm1(KOMP)Wtsi>,homozygote,WTSI,involves: C57BL/6N,TDT (Tucker Davis Technologies),"RP2.1 based system, RA4PA Medusa Preamplifier",MGP Select Pipeline,7,7,906,904,906,904
Inava,Inava<tm2a(EUCOMM)Wtsi>,homozygote,WTSI,involves: C57BL/6N,TDT (Tucker Davis Technologies),"RP2.1 based system, RA4PA Medusa Preamplifier",MGP Select Pipeline,4,4,906,904,906,904
Inka2,Inka2<tm1a(KOMP)Wtsi>,homozygote,WTSI,involves: C57BL/6N,TDT (Tucker Davis Technologies),"RP2.1 based system, RA4PA Medusa Preamplifier",MGP Select Pipeline,4,4,906,904,906,904
Inpp1,Inpp1<tm1b(KOMP)Wtsi>,homozygote,WTSI,involves: B6Brd;B6Dnk;B6N-Tyr<c-Brd>,TDT (Tucker Davis Technologies),"RP2.1 based system, RA4PA Medusa Preamplifier",MGP Select Pipeline,8,8,54,54,54,54
Ints2,Ints2<tm1a(KOMP)Wtsi>,heterozygote,WTSI,involves: C57BL/6N,TDT (Tucker Davis Technologies),"RP2.1 based system, RA4PA Medusa Preamplifier",MGP Select Pipeline,4,4,906,904,906,904
Irag2,Irag2<tm1b(EUCOMM)Wtsi>,homozygote,WTSI,involves: C57BL/6N,TDT (Tucker Davis Technologies),"RP2.1 based system, RA4PA Medusa Preamplifier",MGP Select Pipeline,4,4,906,904,906,904
Irak1,Irak1<tm1b(EUCOMM)Hmgu>,homozygote,WTSI,involves: C57BL/6N,TDT (Tucker Davis Technologies),"RP2.1 based system, RA4PA Medusa Preamplifier",MGP Select Pipeline,4,4,906,904,906,904
Irf5,Irf5<tm1e(EUCOMM)Wtsi>,homozygote,WTSI,involves: C57BL/6N,TDT (Tucker Davis Technologies),"RP2.1 based system, RA4PA Medusa Preamplifier",MGP Select Pipeline,5,5,906,904,906,904
Irf7,Irf7<tm1(KOMP)Wtsi>,homozygote,WTSI,involves: C57BL/6N,TDT (Tucker Davis Technologies),"RP2.1 based system, RA4PA Medusa Preamplifier",MGP Select Pipeline,6,6,906,904,906,904
Isg20,Isg20<tm1a(KOMP)Wtsi>,homozygote,WTSI,involves: C57BL/6N,TDT (Tucker Davis Technologies),"RP2.1 based system, RA4PA Medusa Preamplifier",MGP Select Pipeline,6,6,906,904,906,904
Itga2,Itga2<tm1b(EUCOMM)Hmgu>,homozygote,MRC Harwell,involves: C57BL/6NTac,Intelligent Hearing Systems,Smart EP,Harwell,4,4,860,858,400,400
Izumo1r,Izumo1r<tm2a(KOMP)Wtsi>,homozygote,WTSI,involves: C57BL/6N,TDT (Tucker Davis Technologies),"RP2.1 based system, RA4PA Medusa Preamplifier",MGP Select Pipeline,4,4,906,904,906,904
Jmjd1c,Jmjd1c<tm1a(EUCOMM)Wtsi>,heterozygote,WTSI,involves: C57BL/6N,TDT (Tucker Davis Technologies),"RP2.1 based system, RA4PA Medusa Preamplifier",MGP Select Pipeline,4,4,906,904,906,904
Josd1,Josd1<em1(IMPC)Wtsi>,homozygote,WTSI,involves: C57BL/6N,TDT (Tucker Davis Technologies),"RP2.1 based system, RA4PA Medusa Preamplifier",MGP Select Pipeline,6,6,906,904,906,904
Kat2b,Kat2b<em1(IMPC)Wtsi>,homozygote,WTSI,involves: C57BL/6N,TDT (Tucker Davis Technologies),"RP2.1 based system, RA4PA Medusa Preamplifier",MGP Select Pipeline,6,6,906,904,906,904
Kcnh4,Kcnh4<tm1b(KOMP)Wtsi>,homozygote,WTSI,involves: C57BL/6N,TDT (Tucker Davis Technologies),"RP2.1 based system, RA4PA Medusa Preamplifier",MGP Select Pipeline,4,4,906,904,906,904
Kcnip4,Kcnip4<tm1a(KOMP)Wtsi>,homozygote,WTSI,involves: C57BL/6N,TDT (Tucker Davis Technologies),"RP2.1 based system, RA4PA Medusa Preamplifier",MGP Select Pipeline,4,4,906,904,906,904
Kcnv2,Kcnv2<tm1Wtsi>,homozygote,WTSI,involves: C57BL/6N,TDT (Tucker Davis Technologies),"RP2.1 based system, RA4PA Medusa Preamplifier",MGP Select Pipeline,6,6,906,904,906,904
Kdm4d,Kdm4d<tm2a(EUCOMM)Wtsi>,homozygote,WTSI,involves: C57BL/6N,TDT (Tucker Davis Technologies),"RP2.1 based system, RA4PA Medusa Preamplifier",MGP Select Pipeline,4,4,906,904,906,904
Kdm7a,Kdm7a<tm1a(EUCOMM)Wtsi>,homozygote,WTSI,involves: C57BL/6N,TDT (Tucker Davis Technologies),"RP2.1 based system, RA4PA Medusa Preamplifier",MGP Select Pipeline,6,6,906,904,906,904
Kdm8,Kdm8<tm1b(EUCOMM)Wtsi>,heterozygote,MRC Harwell,involves: C57BL/6NTac,Intelligent Hearing Systems,Smart EP,Harwell,4,4,860,858,400,400
Kdm8,Kdm8<tm1a(EUCOMM)Wtsi>,heterozygote,WTSI,involves: C57BL/6N,TDT (Tucker Davis Technologies),"RP2.1 based system, RA4PA Medusa Preamplifier",MGP Select Pipeline,4,4,906,904,906,904
Kera,Kera<em1(IMPC)Wtsi>,homozygote,WTSI,involves: C57BL/6N,TDT (Tucker Davis Technologies),"RP2.1 based system, RA4PA Medusa Preamplifier",MGP Select Pipeline,4,4,906,904,906,904
Kif13b,Kif13b<tm1b(EUCOMM)Wtsi>,homozygote,WTSI,involves: C57BL/6N,TDT (Tucker Davis Technologies),"RP2.1 based system, RA4PA Medusa Preamplifier",MGP Select Pipeline,4,4,906,904,906,904
Kif18b,Kif18b<tm1a(EUCOMM)Wtsi>,heterozygote,WTSI,involves: C57BL/6N,TDT (Tucker Davis Technologies),"RP2.1 based system, RA4PA Medusa Preamplifier",MGP Select Pipeline,4,4,906,904,906,904
Kif24,Kif24<tm1b(KOMP)Wtsi>,homozygote,WTSI,involves: C57BL/6N,TDT (Tucker Davis Technologies),"RP2.1 based system, RA4PA Medusa Preamplifier",MGP Select Pipeline,4,4,906,904,906,904
Kif3b,Kif3b<tm1b(EUCOMM)Wtsi>,heterozygote,WTSI,involves: C57BL/6N,TDT (Tucker Davis Technologies),"RP2.1 based system, RA4PA Medusa Preamplifier",MGP Select Pipeline,4,4,906,904,906,904
Kifap3,Kifap3<tm1a(KOMP)Wtsi>,heterozygote,WTSI,involves: C57BL/6N,TDT (Tucker Davis Technologies),"RP2.1 based system, RA4PA Medusa Preamplifier",MGP Select Pipeline,4,4,906,904,906,904
Kifbp,Kifbp<tm1a(KOMP)Wtsi>,heterozygote,WTSI,involves: C57BL/6N,TDT (Tucker Davis Technologies),"RP2.1 based system, RA4PA Medusa Preamplifier",MGP Select Pipeline,4,4,906,904,906,904
Klc2,Klc2<tm1e(EUCOMM)Wtsi>,homozygote,WTSI,involves: C57BL/6N,TDT (Tucker Davis Technologies),"RP2.1 based system, RA4PA Medusa Preamplifier",MGP Select Pipeline,13,13,906,904,906,904
Klf17,Klf17<tm1b(KOMP)Wtsi>,homozygote,WTSI,involves: C57BL/6N,TDT (Tucker Davis Technologies),"RP2.1 based system, RA4PA Medusa Preamplifier",MGP Select Pipeline,8,8,906,904,906,904
Klf7,Klf7<tm1b(EUCOMM)Hmgu>,heterozygote,MRC Harwell,involves: C57BL/6NTac,Intelligent Hearing Systems,Smart EP,Harwell,4,4,860,858,400,400
Klhdc2,Klhdc2<tm1b(EUCOMM)Hmgu>,heterozygote,MRC Harwell,involves: C57BL/6NTac,Intelligent Hearing Systems,Smart EP,Harwell,4,4,860,858,400,400
Klhl18,Klhl18<tm1a(KOMP)Wtsi>,homozygote,WTSI,involves: C57BL/6N,TDT (Tucker Davis Technologies),"RP2.1 based system, RA4PA Medusa Preamplifier",MGP Select Pipeline,8,8,906,904,906,904
Klhl21,Klhl21<tm1a(KOMP)Wtsi>,heterozygote,WTSI,involves: C57BL/6N,TDT (Tucker Davis Technologies),"RP2.1 based system, RA4PA Medusa Preamplifier",MGP Select Pipeline,4,4,906,904,906,904
Klhl30,Klhl30<tm1a(KOMP)Wtsi>,homozygote,WTSI,involves: C57BL/6N,TDT (Tucker Davis Technologies),"RP2.1 based system, RA4PA Medusa Preamplifier",MGP Select Pipeline,4,4,906,904,906,904
Klk5,Klk5<tm2a(KOMP)Wtsi>,homozygote,WTSI,involves: C57BL/6N,TDT (Tucker Davis Technologies),"RP2.1 based system, RA4PA Medusa Preamplifier",MGP Select Pipeline,4,4,906,904,906,904
Klk6,Klk6<em1(IMPC)Wtsi>,homozygote,WTSI,involves: C57BL/6N,TDT (Tucker Davis Technologies),"RP2.1 based system, RA4PA Medusa Preamplifier",MGP Select Pipeline,4,4,906,904,906,904
Klk9,Klk9<tm1a(KOMP)Wtsi>,homozygote,WTSI,involves: C57BL/6N,TDT (Tucker Davis Technologies),"RP2.1 based system, RA4PA Medusa Preamplifier",MGP Select Pipeline,5,5,906,904,906,904
Klkb1,Klkb1<tm1b(EUCOMM)Wtsi>,homozygote,HMGU,involves: C57BL/6NTac,TDT (Tucker Davis Technologies),"RP2.1 based system, RA4PA Medusa Preamplifier",German Mouse Clinic,8,8,960,755,80,69
Klrb1a,Klrb1a<tm1a(KOMP)Wtsi>,homozygote,WTSI,involves: C57BL/6N,TDT (Tucker Davis Technologies),"RP2.1 based system, RA4PA Medusa Preamplifier",MGP Select Pipeline,4,4,906,904,906,904
Krt31,Krt31<tm1e(KOMP)Wtsi>,homozygote,WTSI,involves: C57BL/6N,TDT (Tucker Davis Technologies),"RP2.1 based system, RA4PA Medusa Preamplifier",MGP Select Pipeline,8,8,906,904,906,904
Krt7,Krt7<tm1b(KOMP)Wtsi>,homozygote,WTSI,involves: C57BL/6N,TDT (Tucker Davis Technologies),"RP2.1 based system, RA4PA Medusa Preamplifier",MGP Select Pipeline,4,4,906,904,906,904
Krt83,Krt83<tm1b(KOMP)Wtsi>,homozygote,WTSI,involves: C57BL/6N,TDT (Tucker Davis Technologies),"RP2.1 based system, RA4PA Medusa Preamplifier",MGP Select Pipeline,4,4,906,904,906,904
Krt88,Krt88<tm1a(KOMP)Wtsi>,homozygote,WTSI,involves: C57BL/6N,TDT (Tucker Davis Technologies),"RP2.1 based system, RA4PA Medusa Preamplifier",MGP Select Pipeline,4,4,906,904,906,904
L3mbtl2,L3mbtl2<tm2a(EUCOMM)Wtsi>,heterozygote,WTSI,involves: C57BL/6N,TDT (Tucker Davis Technologies),"RP2.1 based system, RA4PA Medusa Preamplifier",MGP Select Pipeline,4,4,906,904,906,904
Lamb3,Lamb3<tm1b(KOMP)Wtsi>,homozygote,MRC Harwell,involves: C57BL/6NTac,Intelligent Hearing Systems,Smart EP,Harwell,4,4,860,858,400,400
Lamc3,Lamc3<tm1a(KOMP)Wtsi>,homozygote,WTSI,involves: C57BL/6N,TDT (Tucker Davis Technologies),"RP2.1 based system, RA4PA Medusa Preamplifier",MGP Select Pipeline,4,4,906,904,906,904
Lars1,Lars1<tm1b(KOMP)Wtsi>,heterozygote,WTSI,involves: C57BL/6N,TDT (Tucker Davis Technologies),"RP2.1 based system, RA4PA Medusa Preamplifier",MGP Select Pipeline,4,4,906,904,906,904
Lce1m,Lce1m<tm1b(EUCOMM)Wtsi>,homozygote,WTSI,involves: C57BL/6N,TDT (Tucker Davis Technologies),"RP2.1 based system, RA4PA Medusa Preamplifier",MGP Select Pipeline,4,4,906,904,906,904
Lce3c,Lce3c<tm2a(EUCOMM)Wtsi>,homozygote,WTSI,involves: C57BL/6N,TDT (Tucker Davis Technologies),"RP2.1 based system, RA4PA Medusa Preamplifier",MGP Select Pipeline,4,4,906,904,906,904
Ldhb,Ldhb<tm1b(KOMP)Wtsi>,homozygote,WTSI,involves: C57BL/6N,TDT (Tucker Davis Technologies),"RP2.1 based system, RA4PA Medusa Preamplifier",MGP Select Pipeline,10,10,906,904,906,904
Ldlrad4,Ldlrad4<tm1b(EUCOMM)Wtsi>,homozygote,WTSI,involves: C57BL/6N,TDT (Tucker Davis Technologies),"RP2.1 based system, RA4PA Medusa Preamplifier",MGP Select Pipeline,5,5,906,904,906,904
Leo1,Leo1<tm1a(EUCOMM)Wtsi>,heterozygote,WTSI,involves: C57BL/6N,TDT (Tucker Davis Technologies),"RP2.1 based system, RA4PA Medusa Preamplifier",MGP Select Pipeline,4,4,906,904,906,904
Leprot,Leprot<tm2a(KOMP)Wtsi>,homozygote,WTSI,involves: C57BL/6N,TDT (Tucker Davis Technologies),"RP2.1 based system, RA4PA Medusa Preamplifier",MGP Select Pipeline,4,4,906,904,906,904
Leprot,Leprot<tm2b(KOMP)Wtsi>,homozygote,WTSI,involves: C57BL/6N,TDT (Tucker Davis Technologies),"RP2.1 based system, RA4PA Medusa Preamplifier",MGP Select Pipeline,4,4,906,904,906,904
Lgals3,Lgals3<tm1b(EUCOMM)Wtsi>,homozygote,MRC Harwell,involves: C57BL/6NTac,Intelligent Hearing Systems,Smart EP,Harwell,4,4,860,858,400,400
Lgals7,Lgals7<tm1a(EUCOMM)Wtsi>,homozygote,WTSI,involves: C57BL/6N,TDT (Tucker Davis Technologies),"RP2.1 based system, RA4PA Medusa Preamplifier",MGP Select Pipeline,4,4,906,904,906,904
Lgals7,Lgals7<tm1b(EUCOMM)Wtsi>,homozygote,WTSI,involves: C57BL/6N,TDT (Tucker Davis Technologies),"RP2.1 based system, RA4PA Medusa Preamplifier",MGP Select Pipeline,4,4,906,904,906,904
Lifr,Lifr<tm1b(EUCOMM)Hmgu>,heterozygote,MRC Harwell,involves: C57BL/6NTac,Intelligent Hearing Systems,Smart EP,Harwell,4,4,860,858,400,400
Lonrf3,Lonrf3<tm1a(KOMP)Wtsi>,homozygote,WTSI,involves: C57BL/6N,TDT (Tucker Davis Technologies),"RP2.1 based system, RA4PA Medusa Preamplifier",MGP Select Pipeline,4,4,906,904,906,904
Lonrf3,Lonrf3<tm1b(KOMP)Wtsi>,hemizygote,WTSI,involves: C57BL/6N,TDT (Tucker Davis Technologies),"RP2.1 based system, RA4PA Medusa Preamplifier",MGP Select Pipeline,4,4,906,904,906,904
Lpxn,Lpxn<tm1b(EUCOMM)Hmgu>,homozygote,WTSI,involves: C57BL/6N,TDT (Tucker Davis Technologies),"RP2.1 based system, RA4PA Medusa Preamplifier",MGP Select Pipeline,7,7,906,904,906,904
Lrmda,Lrmda<tm1e(EUCOMM)Wtsi>,homozygote,WTSI,involves: C57BL/6N,TDT (Tucker Davis Technologies),"RP2.1 based system, RA4PA Medusa Preamplifier",MGP Select Pipeline,4,4,906,904,906,904
Lrrc23,Lrrc23<tm1a(EUCOMM)Wtsi>,homozygote,WTSI,involves: C57BL/6N,TDT (Tucker Davis Technologies),"RP2.1 based system, RA4PA Medusa Preamplifier",MGP Select Pipeline,6,6,906,904,906,904
Lrrc71,Lrrc71<tm1a(KOMP)Wtsi>,homozygote,WTSI,involves: C57BL/6N,TDT (Tucker Davis Technologies),"RP2.1 based system, RA4PA Medusa Preamplifier",MGP Select Pipeline,5,5,906,904,906,904
Lrrc8d,Lrrc8d<tm1a(EUCOMM)Wtsi>,homozygote,WTSI,involves: C57BL/6N,TDT (Tucker Davis Technologies),"RP2.1 based system, RA4PA Medusa Preamplifier",MGP Select Pipeline,4,4,906,904,906,904
Lyplal1,Lyplal1<tm1a(KOMP)Wtsi>,homozygote,WTSI,involves: C57BL/6N,TDT (Tucker Davis Technologies),"RP2.1 based system, RA4PA Medusa Preamplifier",MGP Select Pipeline,4,4,906,904,906,904
Lyrm9,Lyrm9<tm1a(KOMP)Mbp>,homozygote,WTSI,involves: C57BL/6N,TDT (Tucker Davis Technologies),"RP2.1 based system, RA4PA Medusa Preamplifier",MGP Select Pipeline,4,4,906,904,906,904
Lztr1,Lztr1<tm1a(EUCOMM)Wtsi>,heterozygote,WTSI,involves: C57BL/6N,TDT (Tucker Davis Technologies),"RP2.1 based system, RA4PA Medusa Preamplifier",MGP Select Pipeline,4,4,906,904,906,904
Macrod1,Macrod1<em1(IMPC)Wtsi>,homozygote,WTSI,involves: C57BL/6N,TDT (Tucker Davis Technologies),"RP2.1 based system, RA4PA Medusa Preamplifier",MGP Select Pipeline,5,5,906,904,906,904
Magea9,Magea9<tm1a(KOMP)Wtsi>,hemizygote,WTSI,involves: C57BL/6N,TDT (Tucker Davis Technologies),"RP2.1 based system, RA4PA Medusa Preamplifier",MGP Select Pipeline,4,4,906,904,906,904
Magea9,Magea9<tm1a(KOMP)Wtsi>,homozygote,WTSI,involves: C57BL/6N,TDT (Tucker Davis Technologies),"RP2.1 based system, RA4PA Medusa Preamplifier",MGP Select Pipeline,3,3,906,904,906,904
Mamstr,Mamstr<tm1b(EUCOMM)Wtsi>,homozygote,WTSI,involves: C57BL/6N,TDT (Tucker Davis Technologies),"RP2.1 based system, RA4PA Medusa Preamplifier",MGP Select Pipeline,8,8,906,904,906,904
Man2b2,Man2b2<tm1b(KOMP)Wtsi>,homozygote,WTSI,involves: C57BL/6N,TDT (Tucker Davis Technologies),"RP2.1 based system, RA4PA Medusa Preamplifier",MGP Select Pipeline,4,4,906,904,906,904
Map2k7,Map2k7<tm1a(EUCOMM)Wtsi>,heterozygote,WTSI,involves: C57BL/6N,TDT (Tucker Davis Technologies),"RP2.1 based system, RA4PA Medusa Preamplifier",MGP Select Pipeline,4,4,906,904,906,904
Map3k1,Map3k1<tm1a(KOMP)Wtsi>,heterozygote,WTSI,involves: C57BL/6N,TDT (Tucker Davis Technologies),"RP2.1 based system, RA4PA Medusa Preamplifier",MGP Select Pipeline,4,4,906,904,906,904
Map3k7,Map3k7<tm1b(EUCOMM)Wtsi>,heterozygote,MRC Harwell,involves: C57BL/6NTac,Intelligent Hearing Systems,Smart EP,Harwell,4,4,860,858,400,400
Mapk10,Mapk10<tm1a(EUCOMM)Wtsi>,homozygote,WTSI,involves: C57BL/6N,TDT (Tucker Davis Technologies),"RP2.1 based system, RA4PA Medusa Preamplifier",MGP Select Pipeline,4,4,906,904,906,904
Mapkapk2,Mapkapk2<tm1b(EUCOMM)Hmgu>,homozygote,MRC Harwell,involves: C57BL/6NTac,Intelligent Hearing Systems,Smart EP,Harwell,4,4,860,858,400,400
Mapkbp1,Mapkbp1<tm1b(EUCOMM)Hmgu>,homozygote,MRC Harwell,involves: C57BL/6NTac,Intelligent Hearing Systems,Smart EP,Harwell,4,4,860,858,400,400
Mast2,Mast2<tm1a(KOMP)Wtsi>,homozygote,WTSI,involves: C57BL/6N,TDT (Tucker Davis Technologies),"RP2.1 based system, RA4PA Medusa Preamplifier",MGP Select Pipeline,4,4,906,904,906,904
Mau2,Mau2<tm1b(KOMP)Wtsi>,heterozygote,WTSI,involves: C57BL/6N,TDT (Tucker Davis Technologies),"RP2.1 based system, RA4PA Medusa Preamplifier",MGP Select Pipeline,4,4,906,904,906,904
Mbd1,Mbd1<em1(IMPC)Wtsi>,homozygote,WTSI,involves: C57BL/6N,TDT (Tucker Davis Technologies),"RP2.1 based system, RA4PA Medusa Preamplifier",MGP Select Pipeline,6,6,906,904,906,904
Mbl2,Mbl2<em1(IMPC)Wtsi>,homozygote,WTSI,involves: C57BL/6N,TDT (Tucker Davis Technologies),"RP2.1 based system, RA4PA Medusa Preamplifier",MGP Select Pipeline,6,6,906,904,906,904
Mcf2l,Mcf2l<tm1a(EUCOMM)Hmgu>,homozygote,WTSI,involves: C57BL/6N,TDT (Tucker Davis Technologies),"RP2.1 based system, RA4PA Medusa Preamplifier",MGP Select Pipeline,4,4,906,904,906,904
Med22,Med22<tm1a(EUCOMM)Wtsi>,heterozygote,WTSI,involves: C57BL/6N,TDT (Tucker Davis Technologies),"RP2.1 based system, RA4PA Medusa Preamplifier",MGP Select Pipeline,5,5,906,904,906,904
Med23,Med23<em1(IMPC)Wtsi>,heterozygote,WTSI,involves: C57BL/6N,TDT (Tucker Davis Technologies),"RP2.1 based system, RA4PA Medusa Preamplifier",MGP Select Pipeline,4,4,906,904,906,904
Medag,Medag<tm2b(KOMP)Wtsi>,homozygote,WTSI,involves: C57BL/6N,TDT (Tucker Davis Technologies),"RP2.1 based system, RA4PA Medusa Preamplifier",MGP Select Pipeline,4,4,906,904,906,904
Metrnl,Metrnl<tm1b(KOMP)Wtsi>,homozygote,WTSI,involves: C57BL/6N,TDT (Tucker Davis Technologies),"RP2.1 based system, RA4PA Medusa Preamplifier",MGP Select Pipeline,4,4,906,904,906,904
Mettl24,Mettl24<tm1a(KOMP)Wtsi>,homozygote,WTSI,involves: C57BL/6N,TDT (Tucker Davis Technologies),"RP2.1 based system, RA4PA Medusa Preamplifier",MGP Select Pipeline,4,4,906,904,906,904
Mgat4c,Mgat4c<tm1a(EUCOMM)Wtsi>,homozygote,WTSI,involves: C57BL/6N,TDT (Tucker Davis Technologies),"RP2.1 based system, RA4PA Medusa Preamplifier",MGP Select Pipeline,8,8,906,904,906,904
Micu2,Micu2<tm1a(EUCOMM)Wtsi>,homozygote,WTSI,involves: C57BL/6N,TDT (Tucker Davis Technologies),"RP2.1 based system, RA4PA Medusa Preamplifier",MGP Select Pipeline,4,4,906,904,906,904
Minar2,Minar2<tm1b(KOMP)Wtsi>,homozygote,WTSI,involves: C57BL/6N,TDT (Tucker Davis Technologies),"RP2.1 based system, RA4PA Medusa Preamplifier",MGP Select Pipeline,8,8,906,904,906,904
Mir146,Mir146<tm1Wtsi>,homozygote,WTSI,involves: C57BL/6N,TDT (Tucker Davis Technologies),"RP2.1 based system, RA4PA Medusa Preamplifier",MGP Select Pipeline,4,4,906,904,906,904
Mir96,Mir96<tm2.2(IMPC)Wtsi>,heterozygote,WTSI,involves: C57BL/6N,TDT (Tucker Davis Technologies),"RP2.1 based system, RA4PA Medusa Preamplifier",MGP Select Pipeline,4,4,906,904,906,904
Mir96,Mir96<tm2.2(IMPC)Wtsi>,homozygote,WTSI,involves: C57BL/6N,TDT (Tucker Davis Technologies),"RP2.1 based system, RA4PA Medusa Preamplifier",MGP Select Pipeline,6,6,906,904,906,904
Mir96,Mir96<tm3.2(IMPC)Wtsi>,homozygote,WTSI,involves: C57BL/6N,TDT (Tucker Davis Technologies),"RP2.1 based system, RA4PA Medusa Preamplifier",MGP Select Pipeline,5,5,906,904,906,904
Mkrn2,Mkrn2<em1(IMPC)Wtsi>,homozygote,WTSI,involves: C57BL/6N,TDT (Tucker Davis Technologies),"RP2.1 based system, RA4PA Medusa Preamplifier",MGP Select Pipeline,4,4,906,904,906,904
Mkrn2,Mkrn2<tm1b(KOMP)Wtsi>,homozygote,WTSI,involves: C57BL/6N,TDT (Tucker Davis Technologies),"RP2.1 based system, RA4PA Medusa Preamplifier",MGP Select Pipeline,10,10,906,904,906,904
Mlec,Mlec<tm1a(EUCOMM)Wtsi>,homozygote,WTSI,involves: C57BL/6N,TDT (Tucker Davis Technologies),"RP2.1 based system, RA4PA Medusa Preamplifier",MGP Select Pipeline,4,4,906,904,906,904
Mllt3,Mllt3<tm1b(EUCOMM)Hmgu>,heterozygote,MRC Harwell,involves: C57BL/6NTac,Intelligent Hearing Systems,Smart EP,Harwell,4,4,860,858,400,400
Mmp16,Mmp16<tm1b(EUCOMM)Wtsi>,homozygote,MRC Harwell,involves: C57BL/6NTac,Intelligent Hearing Systems,Smart EP,Harwell,4,4,860,858,400,400
Mmrn1,Mmrn1<tm1b(EUCOMM)Hmgu>,homozygote,MRC Harwell,involves: C57BL/6NTac,Intelligent Hearing Systems,Smart EP,Harwell,4,4,860,858,400,400
Mospd1,Mospd1<tm1a(KOMP)Wtsi>,hemizygote,WTSI,involves: C57BL/6N,TDT (Tucker Davis Technologies),"RP2.1 based system, RA4PA Medusa Preamplifier",MGP Select Pipeline,5,5,906,904,906,904
Mpg,Mpg<tm1a(EUCOMM)Wtsi>,homozygote,WTSI,involves: C57BL/6N,TDT (Tucker Davis Technologies),"RP2.1 based system, RA4PA Medusa Preamplifier",MGP Select Pipeline,4,4,906,904,906,904
Mpo,Mpo<tm1b(KOMP)Wtsi>,homozygote,MRC Harwell,involves: C57BL/6NTac,Intelligent Hearing Systems,Smart EP,Harwell,4,4,860,858,400,400
Mrap2,Mrap2<tm1a(EUCOMM)Wtsi>,homozygote,WTSI,involves: C57BL/6N,TDT (Tucker Davis Technologies),"RP2.1 based system, RA4PA Medusa Preamplifier",MGP Select Pipeline,4,4,906,904,906,904
Mrm1,Mrm1<tm2a(EUCOMM)Wtsi>,homozygote,WTSI,involves: C57BL/6N,TDT (Tucker Davis Technologies),"RP2.1 based system, RA4PA Medusa Preamplifier",MGP Select Pipeline,4,4,906,904,906,904
Mroh4,Mroh4<tm1b(KOMP)Wtsi>,homozygote,WTSI,involves: C57BL/6N,TDT (Tucker Davis Technologies),"RP2.1 based system, RA4PA Medusa Preamplifier",MGP Select Pipeline,4,4,906,904,906,904
Mroh9,Mroh9<tm1a(EUCOMM)Wtsi>,homozygote,WTSI,involves: C57BL/6N,TDT (Tucker Davis Technologies),"RP2.1 based system, RA4PA Medusa Preamplifier",MGP Select Pipeline,7,7,906,904,906,904
Mrps21,Mrps21<tm1e(EUCOMM)Wtsi>,heterozygote,WTSI,involves: C57BL/6N,TDT (Tucker Davis Technologies),"RP2.1 based system, RA4PA Medusa Preamplifier",MGP Select Pipeline,5,5,906,904,906,904
Mrps5,Mrps5<tm1b(EUCOMM)Wtsi>,heterozygote,WTSI,involves: C57BL/6N,TDT (Tucker Davis Technologies),"RP2.1 based system, RA4PA Medusa Preamplifier",MGP Select Pipeline,4,4,906,904,906,904
Mtch2,Mtch2<tm1b(EUCOMM)Hmgu>,heterozygote,MRC Harwell,involves: C57BL/6NTac,Intelligent Hearing Systems,Smart EP,Harwell,4,4,860,858,400,400
Mtss2,Mtss2<tm1a(KOMP)Wtsi>,homozygote,WTSI,involves: C57BL/6N,TDT (Tucker Davis Technologies),"RP2.1 based system, RA4PA Medusa Preamplifier",MGP Select Pipeline,4,4,906,904,906,904
Mxra7,Mxra7<tm1b(EUCOMM)Wtsi>,homozygote,MRC Harwell,involves: C57BL/6NTac,Intelligent Hearing Systems,Smart EP,Harwell,4,4,860,858,400,400
Mybbp1a,Mybbp1a<tm1b(EUCOMM)Hmgu>,heterozygote,HMGU,involves: C57BL/6NTac,TDT (Tucker Davis Technologies),"RP2.1 based system, RA4PA Medusa Preamplifier",German Mouse Clinic,6,6,960,755,80,69
Mybphl,Mybphl<tm1a(KOMP)Wtsi>,homozygote,WTSI,involves: C57BL/6N,TDT (Tucker Davis Technologies),"RP2.1 based system, RA4PA Medusa Preamplifier",MGP Select Pipeline,4,4,906,904,906,904
Mybphl,Mybphl<tm1b(KOMP)Wtsi>,heterozygote,WTSI,involves: C57BL/6N,TDT (Tucker Davis Technologies),"RP2.1 based system, RA4PA Medusa Preamplifier",MGP Select Pipeline,4,4,906,904,906,904
Mybphl,Mybphl<tm1b(KOMP)Wtsi>,homozygote,WTSI,involves: C57BL/6N,TDT (Tucker Davis Technologies),"RP2.1 based system, RA4PA Medusa Preamplifier",MGP Select Pipeline,1,1,906,904,906,904
Myh14,Myh14<tm1a(EUCOMM)Wtsi>,homozygote,WTSI,involves: C57BL/6N,TDT (Tucker Davis Technologies),"RP2.1 based system, RA4PA Medusa Preamplifier",MGP Select Pipeline,8,8,906,904,906,904
Myh7b,Myh7b<tm1a(KOMP)Wtsi>,homozygote,WTSI,involves: C57BL/6N,TDT (Tucker Davis Technologies),"RP2.1 based system, RA4PA Medusa Preamplifier",MGP Select Pipeline,4,4,906,904,906,904
Myo10,Myo10<tm2(KOMP)Wtsi>,homozygote,WTSI,involves: C57BL/6N,TDT (Tucker Davis Technologies),"RP2.1 based system, RA4PA Medusa Preamplifier",MGP Select Pipeline,11,11,906,904,906,904
Myo7a,Myo7a<tm1a(EUCOMM)Wtsi>,homozygote,WTSI,involves: C57BL/6N,TDT (Tucker Davis Technologies),"RP2.1 based system, RA4PA Medusa Preamplifier",MGP Select Pipeline,8,8,906,904,906,904
Myo9a,Myo9a<tm1b(EUCOMM)Wtsi>,heterozygote,WTSI,involves: C57BL/6N,TDT (Tucker Davis Technologies),"RP2.1 based system, RA4PA Medusa Preamplifier",MGP Select Pipeline,4,4,906,904,906,904
Myrfl,Myrfl<tm1a(EUCOMM)Wtsi>,homozygote,WTSI,involves: C57BL/6N,TDT (Tucker Davis Technologies),"RP2.1 based system, RA4PA Medusa Preamplifier",MGP Select Pipeline,5,5,906,904,906,904
Myt1l,Myt1l<tm1a(EUCOMM)Wtsi>,homozygote,WTSI,involves: C57BL/6N,TDT (Tucker Davis Technologies),"RP2.1 based system, RA4PA Medusa Preamplifier",MGP Select Pipeline,4,4,906,904,906,904
Naaa,Naaa<tm1a(KOMP)Wtsi>,homozygote,WTSI,involves: C57BL/6N,TDT (Tucker Davis Technologies),"RP2.1 based system, RA4PA Medusa Preamplifier",MGP Select Pipeline,10,9,906,904,906,904
Nacad,Nacad<tm1(KOMP)Wtsi>,homozygote,WTSI,involves: C57BL/6N,TDT (Tucker Davis Technologies),"RP2.1 based system, RA4PA Medusa Preamplifier",MGP Select Pipeline,8,8,906,904,906,904
Nacc2,Nacc2<tm2b(EUCOMM)Wtsi>,homozygote,WTSI,involves: C57BL/6N,TDT (Tucker Davis Technologies),"RP2.1 based system, RA4PA Medusa Preamplifier",MGP Select Pipeline,6,6,906,904,906,904
Nadk2,Nadk2<tm1b(EUCOMM)Wtsi>,heterozygote,WTSI,involves: C57BL/6N,TDT (Tucker Davis Technologies),"RP2.1 based system, RA4PA Medusa Preamplifier",MGP Select Pipeline,8,8,906,904,906,904
Naga,Naga<tm1a(EUCOMM)Wtsi>,homozygote,WTSI,involves: C57BL/6N,TDT (Tucker Davis Technologies),"RP2.1 based system, RA4PA Medusa Preamplifier",MGP Select Pipeline,4,4,906,904,906,904
Nat10,Nat10<tm1a(KOMP)Wtsi>,heterozygote,WTSI,involves: C57BL/6N,TDT (Tucker Davis Technologies),"RP2.1 based system, RA4PA Medusa Preamplifier",MGP Select Pipeline,4,4,906,904,906,904
Natd1,Natd1<tm1b(EUCOMM)Wtsi>,homozygote,WTSI,involves: C57BL/6N,TDT (Tucker Davis Technologies),"RP2.1 based system, RA4PA Medusa Preamplifier",MGP Select Pipeline,4,4,906,904,906,904
Nbeal2,Nbeal2<tm1a(EUCOMM)Wtsi>,homozygote,WTSI,involves: C57BL/6N,TDT (Tucker Davis Technologies),"RP2.1 based system, RA4PA Medusa Preamplifier",MGP Select Pipeline,4,4,906,904,906,904
Ncf2,Ncf2<tm1a(EUCOMM)Wtsi>,homozygote,WTSI,involves: C57BL/6N,TDT (Tucker Davis Technologies),"RP2.1 based system, RA4PA Medusa Preamplifier",MGP Select Pipeline,4,4,906,904,906,904
Ndfip2,Ndfip2<tm1b(EUCOMM)Hmgu>,homozygote,HMGU,involves: C57BL/6NTac,TDT (Tucker Davis Technologies),"RP2.1 based system, RA4PA Medusa Preamplifier",German Mouse Clinic,8,8,960,755,80,69
Ndufb8,Ndufb8<tm1a(EUCOMM)Wtsi>,heterozygote,WTSI,involves: C57BL/6N,TDT (Tucker Davis Technologies),"RP2.1 based system, RA4PA Medusa Preamplifier",MGP Select Pipeline,4,4,906,904,906,904
Nebl,Nebl<tm1b(EUCOMM)Wtsi>,homozygote,WTSI,involves: C57BL/6N,TDT (Tucker Davis Technologies),"RP2.1 based system, RA4PA Medusa Preamplifier",MGP Select Pipeline,4,4,906,904,906,904
Nek3,Nek3<tm1b(EUCOMM)Wtsi>,homozygote,WTSI,involves: C57BL/6N,TDT (Tucker Davis Technologies),"RP2.1 based system, RA4PA Medusa Preamplifier",MGP Select Pipeline,4,4,906,904,906,904
Nek9,Nek9<tm1a(EUCOMM)Wtsi>,heterozygote,WTSI,involves: C57BL/6N,TDT (Tucker Davis Technologies),"RP2.1 based system, RA4PA Medusa Preamplifier",MGP Select Pipeline,4,4,906,904,906,904
Nelfe,Nelfe<tm1a(EUCOMM)Wtsi>,heterozygote,WTSI,involves: C57BL/6N,TDT (Tucker Davis Technologies),"RP2.1 based system, RA4PA Medusa Preamplifier",MGP Select Pipeline,7,7,906,904,906,904
Nfkbil1,Nfkbil1<tm1a(KOMP)Wtsi>,homozygote,WTSI,involves: C57BL/6N,TDT (Tucker Davis Technologies),"RP2.1 based system, RA4PA Medusa Preamplifier",MGP Select Pipeline,4,4,906,904,906,904
Ngrn,Ngrn<tm1a(KOMP)Wtsi>,heterozygote,WTSI,involves: C57BL/6N,TDT (Tucker Davis Technologies),"RP2.1 based system, RA4PA Medusa Preamplifier",MGP Select Pipeline,4,4,906,904,906,904
Nherf2,Nherf2<tm2a(EUCOMM)Hmgu>,homozygote,WTSI,involves: C57BL/6N,TDT (Tucker Davis Technologies),"RP2.1 based system, RA4PA Medusa Preamplifier",MGP Select Pipeline,6,6,906,904,906,904
Nherf4,Nherf4<tm1a(KOMP)Wtsi>,homozygote,WTSI,involves: C57BL/6N,TDT (Tucker Davis Technologies),"RP2.1 based system, RA4PA Medusa Preamplifier",MGP Select Pipeline,8,8,906,904,906,904
Nhlrc2,Nhlrc2<tm1a(KOMP)Wtsi>,heterozygote,WTSI,involves: C57BL/6N,TDT (Tucker Davis Technologies),"RP2.1 based system, RA4PA Medusa Preamplifier",MGP Select Pipeline,4,4,906,904,906,904
Nhp2,Nhp2<tm1a(KOMP)Wtsi>,heterozygote,WTSI,involves: C57BL/6N,TDT (Tucker Davis Technologies),"RP2.1 based system, RA4PA Medusa Preamplifier",MGP Select Pipeline,4,4,906,904,906,904
Ninj2,Ninj2<tm1a(KOMP)Wtsi>,homozygote,WTSI,involves: C57BL/6N,TDT (Tucker Davis Technologies),"RP2.1 based system, RA4PA Medusa Preamplifier",MGP Select Pipeline,4,4,906,904,906,904
Nipsnap3a,Nipsnap3a<tm1b(KOMP)Wtsi>,homozygote,WTSI,involves: C57BL/6N,TDT (Tucker Davis Technologies),"RP2.1 based system, RA4PA Medusa Preamplifier",MGP Select Pipeline,4,4,906,904,906,904
Nme4,Nme4<tm1a(EUCOMM)Wtsi>,homozygote,WTSI,involves: C57BL/6N,TDT (Tucker Davis Technologies),"RP2.1 based system, RA4PA Medusa Preamplifier",MGP Select Pipeline,4,4,906,904,906,904
Nmrk1,Nmrk1<tm1a(KOMP)Wtsi>,homozygote,WTSI,involves: C57BL/6N,TDT (Tucker Davis Technologies),"RP2.1 based system, RA4PA Medusa Preamplifier",MGP Select Pipeline,4,4,906,904,906,904
Npat,Npat<tm1b(EUCOMM)Wtsi>,heterozygote,WTSI,involves: C57BL/6N,TDT (Tucker Davis Technologies),"RP2.1 based system, RA4PA Medusa Preamplifier",MGP Select Pipeline,4,4,906,904,906,904
Nptn,Nptn<tm1b(EUCOMM)Hmgu>,homozygote,MRC Harwell,involves: C57BL/6NTac,Intelligent Hearing Systems,Smart EP,Harwell,4,4,860,858,400,400
Nrbp1,Nrbp1<tm3b(EUCOMM)Wtsi>,heterozygote,WTSI,involves: C57BL/6N,TDT (Tucker Davis Technologies),"RP2.1 based system, RA4PA Medusa Preamplifier",MGP Select Pipeline,4,4,906,904,906,904
Nrde2,Nrde2<tm2a(KOMP)Wtsi>,heterozygote,WTSI,involves: C57BL/6N,TDT (Tucker Davis Technologies),"RP2.1 based system, RA4PA Medusa Preamplifier",MGP Select Pipeline,4,4,906,904,906,904
Nubpl,Nubpl<tm1b(KOMP)Wtsi>,heterozygote,WTSI,involves: C57BL/6N,TDT (Tucker Davis Technologies),"RP2.1 based system, RA4PA Medusa Preamplifier",MGP Select Pipeline,4,4,906,904,906,904
Nudt12,Nudt12<tm1a(KOMP)Wtsi>,homozygote,WTSI,involves: C57BL/6N,TDT (Tucker Davis Technologies),"RP2.1 based system, RA4PA Medusa Preamplifier",MGP Select Pipeline,4,4,906,904,906,904
Nup85,Nup85<tm1a(KOMP)Wtsi>,heterozygote,WTSI,involves: C57BL/6N,TDT (Tucker Davis Technologies),"RP2.1 based system, RA4PA Medusa Preamplifier",MGP Select Pipeline,6,6,906,904,906,904
Nutm2,Nutm2<tm2b(EUCOMM)Wtsi>,homozygote,WTSI,involves: C57BL/6N,TDT (Tucker Davis Technologies),"RP2.1 based system, RA4PA Medusa Preamplifier",MGP Select Pipeline,4,4,906,904,906,904
Nxn,Nxn<tm1b(EUCOMM)Wtsi>,heterozygote,MRC Harwell,involves: C57BL/6NTac,Intelligent Hearing Systems,Smart EP,Harwell,4,4,860,858,400,400
Nxn,Nxn<tm1b(EUCOMM)Wtsi>,heterozygote,WTSI,involves: C57BL/6N,TDT (Tucker Davis Technologies),"RP2.1 based system, RA4PA Medusa Preamplifier",MGP Select Pipeline,4,4,906,904,906,904
Oaf,Oaf<tm1a(EUCOMM)Wtsi>,homozygote,WTSI,involves: C57BL/6N,TDT (Tucker Davis Technologies),"RP2.1 based system, RA4PA Medusa Preamplifier",MGP Select Pipeline,4,4,906,904,906,904
Oas1g,Oas1g<tm3e(KOMP)Wtsi>,homozygote,WTSI,involves: C57BL/6N,TDT (Tucker Davis Technologies),"RP2.1 based system, RA4PA Medusa Preamplifier",MGP Select Pipeline,4,4,906,904,906,904
Ocm,Ocm<tm1e(EUCOMM)Wtsi>,homozygote,WTSI,involves: C57BL/6N,TDT (Tucker Davis Technologies),"RP2.1 based system, RA4PA Medusa Preamplifier",MGP Select Pipeline,8,8,906,904,906,904
Ogdh,Ogdh<tm1e(KOMP)Wtsi>,heterozygote,WTSI,involves: C57BL/6N,TDT (Tucker Davis Technologies),"RP2.1 based system, RA4PA Medusa Preamplifier",MGP Select Pipeline,4,4,906,904,906,904
Oog2,Oog2<tm1a(EUCOMM)Wtsi>,homozygote,WTSI,involves: C57BL/6N,TDT (Tucker Davis Technologies),"RP2.1 based system, RA4PA Medusa Preamplifier",MGP Select Pipeline,6,6,906,904,906,904
Orc1,Orc1<tm1a(KOMP)Wtsi>,heterozygote,WTSI,involves: C57BL/6N,TDT (Tucker Davis Technologies),"RP2.1 based system, RA4PA Medusa Preamplifier",MGP Select Pipeline,4,4,906,904,906,904
Orc3,Orc3<tm1a(EUCOMM)Wtsi>,heterozygote,WTSI,involves: C57BL/6N,TDT (Tucker Davis Technologies),"RP2.1 based system, RA4PA Medusa Preamplifier",MGP Select Pipeline,4,4,906,904,906,904
Os9,Os9<tm1a(EUCOMM)Wtsi>,homozygote,WTSI,involves: C57BL/6N,TDT (Tucker Davis Technologies),"RP2.1 based system, RA4PA Medusa Preamplifier",MGP Select Pipeline,7,7,906,904,906,904
Osbpl3,Osbpl3<tm1a(EUCOMM)Wtsi>,homozygote,WTSI,involves: C57BL/6N,TDT (Tucker Davis Technologies),"RP2.1 based system, RA4PA Medusa Preamplifier",MGP Select Pipeline,4,4,906,904,906,904
Otub1,Otub1<tm1b(EUCOMM)Hmgu>,heterozygote,MRC Harwell,involves: C57BL/6NTac,Intelligent Hearing Systems,Smart EP,Harwell,4,4,860,858,400,400
Otud7b,Otud7b<tm1b(EUCOMM)Wtsi>,heterozygote,WTSI,involves: C57BL/6N,TDT (Tucker Davis Technologies),"RP2.1 based system, RA4PA Medusa Preamplifier",MGP Select Pipeline,8,8,906,904,906,904
Oxr1,Oxr1<tm1a(EUCOMM)Wtsi>,heterozygote,WTSI,involves: C57BL/6N,TDT (Tucker Davis Technologies),"RP2.1 based system, RA4PA Medusa Preamplifier",MGP Select Pipeline,4,4,906,904,906,904
P2rx6,P2rx6<tm2b(EUCOMM)Wtsi>,homozygote,MRC Harwell,involves: C57BL/6NTac,Intelligent Hearing Systems,Smart EP,Harwell,4,4,860,858,400,400
P2rx7,P2rx7<tm1b(EUCOMM)Wtsi>,homozygote,HMGU,involves: C57BL/6NTac,TDT (Tucker Davis Technologies),"RP2.1 based system, RA4PA Medusa Preamplifier",German Mouse Clinic,8,6,960,755,80,69
Pabir3,Pabir3<tm1b(EUCOMM)Wtsi>,hemizygote,WTSI,involves: C57BL/6N,TDT (Tucker Davis Technologies),"RP2.1 based system, RA4PA Medusa Preamplifier",MGP Select Pipeline,4,4,906,904,906,904
Pabpc4,Pabpc4<tm1a(KOMP)Wtsi>,homozygote,WTSI,involves: C57BL/6N,TDT (Tucker Davis Technologies),"RP2.1 based system, RA4PA Medusa Preamplifier",MGP Select Pipeline,4,4,906,904,906,904
Pabpn1l,Pabpn1l<tm1a(EUCOMM)Wtsi>,homozygote,WTSI,involves: C57BL/6N,TDT (Tucker Davis Technologies),"RP2.1 based system, RA4PA Medusa Preamplifier",MGP Select Pipeline,4,4,906,904,906,904
Pacsin3,Pacsin3<tm1a(EUCOMM)Wtsi>,homozygote,WTSI,involves: C57BL/6N,TDT (Tucker Davis Technologies),"RP2.1 based system, RA4PA Medusa Preamplifier",MGP Select Pipeline,4,4,906,904,906,904
Pam16,Pam16<tm1b(EUCOMM)Wtsi>,heterozygote,WTSI,involves: C57BL/6N,TDT (Tucker Davis Technologies),"RP2.1 based system, RA4PA Medusa Preamplifier",MGP Select Pipeline,4,4,906,904,906,904
Pbdc1,Pbdc1<tm2a(KOMP)Wtsi>,hemizygote,WTSI,involves: C57BL/6N,TDT (Tucker Davis Technologies),"RP2.1 based system, RA4PA Medusa Preamplifier",MGP Select Pipeline,4,4,906,904,906,904
Pbx3,Pbx3<tm1b(EUCOMM)Wtsi>,heterozygote,MRC Harwell,involves: C57BL/6NTac,Intelligent Hearing Systems,Smart EP,Harwell,4,4,860,858,400,400
Pced1a,Pced1a<tm1b(EUCOMM)Wtsi>,homozygote,WTSI,involves: C57BL/6N,TDT (Tucker Davis Technologies),"RP2.1 based system, RA4PA Medusa Preamplifier",MGP Select Pipeline,7,7,906,904,906,904
Pclaf,Pclaf<tm1a(EUCOMM)Wtsi>,homozygote,WTSI,involves: C57BL/6N,TDT (Tucker Davis Technologies),"RP2.1 based system, RA4PA Medusa Preamplifier",MGP Select Pipeline,4,4,906,904,906,904
Pdcd2,Pdcd2<tm1b(EUCOMM)Wtsi>,heterozygote,WTSI,involves: C57BL/6N,TDT (Tucker Davis Technologies),"RP2.1 based system, RA4PA Medusa Preamplifier",MGP Select Pipeline,6,6,906,904,906,904
Pdia4,Pdia4<tm1b(EUCOMM)Wtsi>,homozygote,WTSI,involves: C57BL/6N,TDT (Tucker Davis Technologies),"RP2.1 based system, RA4PA Medusa Preamplifier",MGP Select Pipeline,4,4,906,904,906,904
Pdk3,Pdk3<tm2a(KOMP)Wtsi>,homozygote,WTSI,involves: C57BL/6N,TDT (Tucker Davis Technologies),"RP2.1 based system, RA4PA Medusa Preamplifier",MGP Select Pipeline,4,4,906,904,906,904
Pdpn,Pdpn<tm1b(EUCOMM)Wtsi>,heterozygote,MRC Harwell,involves: C57BL/6NTac,Intelligent Hearing Systems,Smart EP,Harwell,4,4,860,858,400,400
Pdpn,Pdpn<tm1b(EUCOMM)Wtsi>,homozygote,MRC Harwell,involves: C57BL/6NTac,Intelligent Hearing Systems,Smart EP,Harwell,1,1,860,858,400,400
Pdxk,Pdxk<tm1a(EUCOMM)Wtsi>,heterozygote,WTSI,involves: C57BL/6N,TDT (Tucker Davis Technologies),"RP2.1 based system, RA4PA Medusa Preamplifier",MGP Select Pipeline,4,4,906,904,906,904
Pdzk1,Pdzk1<tm2b(EUCOMM)Wtsi>,heterozygote,WTSI,involves: C57BL/6N,TDT (Tucker Davis Technologies),"RP2.1 based system, RA4PA Medusa Preamplifier",MGP Select Pipeline,6,6,906,904,906,904
Pear1,Pear1<tm1a(KOMP)Wtsi>,homozygote,WTSI,involves: C57BL/6N,TDT (Tucker Davis Technologies),"RP2.1 based system, RA4PA Medusa Preamplifier",MGP Select Pipeline,4,4,906,904,906,904
Pepd,Pepd<tm1a(KOMP)Wtsi>,homozygote,WTSI,involves: C57BL/6N,TDT (Tucker Davis Technologies),"RP2.1 based system, RA4PA Medusa Preamplifier",MGP Select Pipeline,7,7,906,904,906,904
Pfkfb4,Pfkfb4<tm1a(KOMP)Wtsi>,homozygote,WTSI,involves: C57BL/6N,TDT (Tucker Davis Technologies),"RP2.1 based system, RA4PA Medusa Preamplifier",MGP Select Pipeline,4,4,906,904,906,904
Pgap2,Pgap2<tm1b(EUCOMM)Wtsi>,heterozygote,WTSI,involves: C57BL/6N,TDT (Tucker Davis Technologies),"RP2.1 based system, RA4PA Medusa Preamplifier",MGP Select Pipeline,4,4,906,904,906,904
Phtf2,Phtf2<tm1a(EUCOMM)Wtsi>,homozygote,WTSI,involves: C57BL/6N,TDT (Tucker Davis Technologies),"RP2.1 based system, RA4PA Medusa Preamplifier",MGP Select Pipeline,5,5,906,904,906,904
Pias2,Pias2<tm1a(KOMP)Wtsi>,homozygote,WTSI,involves: C57BL/6N,TDT (Tucker Davis Technologies),"RP2.1 based system, RA4PA Medusa Preamplifier",MGP Select Pipeline,4,4,906,904,906,904
Pierce1,Pierce1<tm2b(EUCOMM)Wtsi>,homozygote,WTSI,involves: C57BL/6N,TDT (Tucker Davis Technologies),"RP2.1 based system, RA4PA Medusa Preamplifier",MGP Select Pipeline,4,4,906,904,906,904
Pigf,Pigf<tm1a(KOMP)Wtsi>,heterozygote,WTSI,involves: C57BL/6N,TDT (Tucker Davis Technologies),"RP2.1 based system, RA4PA Medusa Preamplifier",MGP Select Pipeline,4,4,906,904,906,904
Pigl,Pigl<tm1b(KOMP)Wtsi>,heterozygote,WTSI,involves: C57BL/6N,TDT (Tucker Davis Technologies),"RP2.1 based system, RA4PA Medusa Preamplifier",MGP Select Pipeline,4,4,906,904,906,904
Pitrm1,Pitrm1<tm1a(KOMP)Wtsi>,heterozygote,WTSI,involves: C57BL/6N,TDT (Tucker Davis Technologies),"RP2.1 based system, RA4PA Medusa Preamplifier",MGP Select Pipeline,4,4,906,904,906,904
Pitx1,Pitx1<em1(IMPC)Wtsi>,heterozygote,WTSI,involves: C57BL/6N,TDT (Tucker Davis Technologies),"RP2.1 based system, RA4PA Medusa Preamplifier",MGP Select Pipeline,4,4,906,904,906,904
Pkd1l2,Pkd1l2<tm1b(KOMP)Mbp>,homozygote,MRC Harwell,involves: C57BL/6NTac,Intelligent Hearing Systems,Smart EP,Harwell,4,4,860,858,400,400
Pla2g10,Pla2g10<tm1b(EUCOMM)Hmgu>,homozygote,HMGU,involves: C57BL/6NTac,TDT (Tucker Davis Technologies),"RP2.1 based system, RA4PA Medusa Preamplifier",German Mouse Clinic,7,7,960,755,80,69
Pla2g6,Pla2g6<tm1a(EUCOMM)Wtsi>,homozygote,WTSI,involves: C57BL/6N,TDT (Tucker Davis Technologies),"RP2.1 based system, RA4PA Medusa Preamplifier",MGP Select Pipeline,4,4,906,904,906,904
Pld3,Pld3<tm1e(EUCOMM)Wtsi>,homozygote,WTSI,involves: C57BL/6N,TDT (Tucker Davis Technologies),"RP2.1 based system, RA4PA Medusa Preamplifier",MGP Select Pipeline,7,7,906,904,906,904
Pld5,Pld5<tm1b(KOMP)Wtsi>,homozygote,WTSI,involves: B6Brd;B6Dnk;B6N-Tyr<c-Brd>,TDT (Tucker Davis Technologies),"RP2.1 based system, RA4PA Medusa Preamplifier",MGP Select Pipeline,4,4,54,54,54,54
Plet1,Plet1<em1(IMPC)Wtsi>,homozygote,WTSI,involves: C57BL/6N,TDT (Tucker Davis Technologies),"RP2.1 based system, RA4PA Medusa Preamplifier",MGP Select Pipeline,4,4,906,904,906,904
Pls3,Pls3<tm1a(EUCOMM)Wtsi>,hemizygote,WTSI,involves: C57BL/6N,TDT (Tucker Davis Technologies),"RP2.1 based system, RA4PA Medusa Preamplifier",MGP Select Pipeline,4,4,906,904,906,904
Plscr2,Plscr2<tm1b(KOMP)Wtsi>,homozygote,WTSI,involves: C57BL/6N,TDT (Tucker Davis Technologies),"RP2.1 based system, RA4PA Medusa Preamplifier",MGP Select Pipeline,4,4,906,904,906,904
Plxna2,Plxna2<tm1a(EUCOMM)Wtsi>,homozygote,WTSI,involves: C57BL/6N,TDT (Tucker Davis Technologies),"RP2.1 based system, RA4PA Medusa Preamplifier",MGP Select Pipeline,4,4,906,904,906,904
Plxnb3,Plxnb3<tm1a(KOMP)Wtsi>,hemizygote,WTSI,involves: C57BL/6N,TDT (Tucker Davis Technologies),"RP2.1 based system, RA4PA Medusa Preamplifier",MGP Select Pipeline,6,6,906,904,906,904
Polb,Polb<tm1a(KOMP)Wtsi>,heterozygote,WTSI,involves: C57BL/6N,TDT (Tucker Davis Technologies),"RP2.1 based system, RA4PA Medusa Preamplifier",MGP Select Pipeline,4,4,906,904,906,904
Pold3,Pold3<tm1b(EUCOMM)Wtsi>,heterozygote,WTSI,involves: C57BL/6N,TDT (Tucker Davis Technologies),"RP2.1 based system, RA4PA Medusa Preamplifier",MGP Select Pipeline,4,4,906,904,906,904
Poln,Poln<tm1b(EUCOMM)Hmgu>,homozygote,MRC Harwell,involves: C57BL/6NTac,Intelligent Hearing Systems,Smart EP,Harwell,4,4,860,858,400,400
Polr3f,Polr3f<tm1a(EUCOMM)Wtsi>,heterozygote,WTSI,involves: C57BL/6N,TDT (Tucker Davis Technologies),"RP2.1 based system, RA4PA Medusa Preamplifier",MGP Select Pipeline,4,4,906,904,906,904
Polr3g,Polr3g<tm1a(EUCOMM)Wtsi>,heterozygote,WTSI,involves: C57BL/6N,TDT (Tucker Davis Technologies),"RP2.1 based system, RA4PA Medusa Preamplifier",MGP Select Pipeline,4,4,906,904,906,904
Pop4,Pop4<tm1a(EUCOMM)Wtsi>,heterozygote,WTSI,involves: C57BL/6N,TDT (Tucker Davis Technologies),"RP2.1 based system, RA4PA Medusa Preamplifier",MGP Select Pipeline,4,4,906,904,906,904
Ppil3,Ppil3<tm1b(EUCOMM)Wtsi>,homozygote,WTSI,involves: C57BL/6N,TDT (Tucker Davis Technologies),"RP2.1 based system, RA4PA Medusa Preamplifier",MGP Select Pipeline,7,7,906,904,906,904
Ppp1r42,Ppp1r42<tm1a(KOMP)Wtsi>,homozygote,WTSI,involves: C57BL/6N,TDT (Tucker Davis Technologies),"RP2.1 based system, RA4PA Medusa Preamplifier",MGP Select Pipeline,4,4,906,904,906,904
Praf2,Praf2<tm1e(EUCOMM)Wtsi>,hemizygote,WTSI,involves: C57BL/6N,TDT (Tucker Davis Technologies),"RP2.1 based system, RA4PA Medusa Preamplifier",MGP Select Pipeline,4,4,906,904,906,904
Praf2,Praf2<tm1e(EUCOMM)Wtsi>,homozygote,WTSI,involves: C57BL/6N,TDT (Tucker Davis Technologies),"RP2.1 based system, RA4PA Medusa Preamplifier",MGP Select Pipeline,4,4,906,904,906,904
Pramel15,Pramel15<tm1b(KOMP)Wtsi>,homozygote,WTSI,involves: C57BL/6N,TDT (Tucker Davis Technologies),"RP2.1 based system, RA4PA Medusa Preamplifier",MGP Select Pipeline,4,4,906,904,906,904
Pramel31,Pramel31<tm2b(KOMP)Wtsi>,homozygote,WTSI,involves: C57BL/6N,TDT (Tucker Davis Technologies),"RP2.1 based system, RA4PA Medusa Preamplifier",MGP Select Pipeline,9,9,906,904,906,904
Pramex1,Pramex1<tm1a(KOMP)Wtsi>,hemizygote,WTSI,involves: C57BL/6N,TDT (Tucker Davis Technologies),"RP2.1 based system, RA4PA Medusa Preamplifier",MGP Select Pipeline,4,4,906,904,906,904
Pramex1,Pramex1<tm1a(KOMP)Wtsi>,homozygote,WTSI,involves: C57BL/6N,TDT (Tucker Davis Technologies),"RP2.1 based system, RA4PA Medusa Preamplifier",MGP Select Pipeline,1,1,906,904,906,904
Prdm4,Prdm4<tm1b(EUCOMM)Hmgu>,homozygote,MRC Harwell,involves: C57BL/6NTac,Intelligent Hearing Systems,Smart EP,Harwell,5,5,860,858,400,400
Prkab1,Prkab1<tm1b(KOMP)Wtsi>,homozygote,MRC Harwell,involves: C57BL/6NTac,Intelligent Hearing Systems,Smart EP,Harwell,8,8,860,858,400,400
Prkab1,Prkab1<tm1b(KOMP)Wtsi>,homozygote,WTSI,involves: C57BL/6N,TDT (Tucker Davis Technologies),"RP2.1 based system, RA4PA Medusa Preamplifier",MGP Select Pipeline,6,6,906,904,906,904
Prps1,Prps1<tm1a(EUCOMM)Wtsi>,heterozygote,WTSI,involves: C57BL/6N,TDT (Tucker Davis Technologies),"RP2.1 based system, RA4PA Medusa Preamplifier",MGP Select Pipeline,3,3,906,904,906,904
Prrc2b,Prrc2b<tm1a(EUCOMM)Wtsi>,heterozygote,WTSI,involves: C57BL/6N,TDT (Tucker Davis Technologies),"RP2.1 based system, RA4PA Medusa Preamplifier",MGP Select Pipeline,4,4,906,904,906,904
Prrg2,Prrg2<tm1b(EUCOMM)Wtsi>,homozygote,WTSI,involves: C57BL/6N,TDT (Tucker Davis Technologies),"RP2.1 based system, RA4PA Medusa Preamplifier",MGP Select Pipeline,4,4,906,904,906,904
Prrt2,Prrt2<tm1a(KOMP)Wtsi>,homozygote,WTSI,involves: C57BL/6N,TDT (Tucker Davis Technologies),"RP2.1 based system, RA4PA Medusa Preamplifier",MGP Select Pipeline,9,9,906,904,906,904
Prss52,Prss52<tm2a(KOMP)Wtsi>,homozygote,WTSI,involves: C57BL/6N,TDT (Tucker Davis Technologies),"RP2.1 based system, RA4PA Medusa Preamplifier",MGP Select Pipeline,4,4,906,904,906,904
Prss53,Prss53<em1(IMPC)Wtsi>,homozygote,WTSI,involves: C57BL/6N,TDT (Tucker Davis Technologies),"RP2.1 based system, RA4PA Medusa Preamplifier",MGP Select Pipeline,4,4,906,904,906,904
Psph,Psph<tm1a(EUCOMM)Hmgu>,heterozygote,WTSI,involves: C57BL/6N,TDT (Tucker Davis Technologies),"RP2.1 based system, RA4PA Medusa Preamplifier",MGP Select Pipeline,6,5,906,904,906,904
Pth,Pth<tm1a(EUCOMM)Wtsi>,homozygote,WTSI,involves: C57BL/6N,TDT (Tucker Davis Technologies),"RP2.1 based system, RA4PA Medusa Preamplifier",MGP Select Pipeline,4,4,906,904,906,904
Pth1r,Pth1r<tm1a(EUCOMM)Hmgu>,heterozygote,WTSI,involves: C57BL/6N,TDT (Tucker Davis Technologies),"RP2.1 based system, RA4PA Medusa Preamplifier",MGP Select Pipeline,4,4,906,904,906,904
Pth2r,Pth2r<tm2a(KOMP)Wtsi>,homozygote,WTSI,involves: C57BL/6N,TDT (Tucker Davis Technologies),"RP2.1 based system, RA4PA Medusa Preamplifier",MGP Select Pipeline,4,4,906,904,906,904
Pthlh,Pthlh<tm1a(KOMP)Wtsi>,heterozygote,WTSI,involves: C57BL/6N,TDT (Tucker Davis Technologies),"RP2.1 based system, RA4PA Medusa Preamplifier",MGP Select Pipeline,4,4,906,904,906,904
Ptprd,Ptprd<tm2a(KOMP)Wtsi>,homozygote,WTSI,involves: C57BL/6N,TDT (Tucker Davis Technologies),"RP2.1 based system, RA4PA Medusa Preamplifier",MGP Select Pipeline,7,7,906,904,906,904
Pus10,Pus10<tm1b(EUCOMM)Hmgu>,homozygote,WTSI,involves: C57BL/6N,TDT (Tucker Davis Technologies),"RP2.1 based system, RA4PA Medusa Preamplifier",MGP Select Pipeline,3,3,906,904,906,904
Pwp1,Pwp1<tm1a(EUCOMM)Wtsi>,heterozygote,WTSI,involves: C57BL/6N,TDT (Tucker Davis Technologies),"RP2.1 based system, RA4PA Medusa Preamplifier",MGP Select Pipeline,4,4,906,904,906,904
Pycr2,Pycr2<tm1a(EUCOMM)Wtsi>,homozygote,WTSI,involves: C57BL/6N,TDT (Tucker Davis Technologies),"RP2.1 based system, RA4PA Medusa Preamplifier",MGP Select Pipeline,8,8,906,904,906,904
Rab15,Rab15<tm1a(KOMP)Wtsi>,homozygote,WTSI,involves: C57BL/6N,TDT (Tucker Davis Technologies),"RP2.1 based system, RA4PA Medusa Preamplifier",MGP Select Pipeline,4,4,906,904,906,904
Rab17,Rab17<tm1a(KOMP)Wtsi>,homozygote,WTSI,involves: C57BL/6N,TDT (Tucker Davis Technologies),"RP2.1 based system, RA4PA Medusa Preamplifier",MGP Select Pipeline,4,4,906,904,906,904
Rab21,Rab21<tm1b(KOMP)Wtsi>,heterozygote,WTSI,involves: C57BL/6N,TDT (Tucker Davis Technologies),"RP2.1 based system, RA4PA Medusa Preamplifier",MGP Select Pipeline,4,4,906,904,906,904
Rab5c,Rab5c<tm1a(EUCOMM)Wtsi>,heterozygote,WTSI,involves: C57BL/6N,TDT (Tucker Davis Technologies),"RP2.1 based system, RA4PA Medusa Preamplifier",MGP Select Pipeline,4,4,906,904,906,904
Rala,Rala<tm1a(EUCOMM)Wtsi>,heterozygote,WTSI,involves: C57BL/6N,TDT (Tucker Davis Technologies),"RP2.1 based system, RA4PA Medusa Preamplifier",MGP Select Pipeline,4,4,906,904,906,904
Ralb,Ralb<tm1a(EUCOMM)Wtsi>,homozygote,WTSI,involves: C57BL/6N,TDT (Tucker Davis Technologies),"RP2.1 based system, RA4PA Medusa Preamplifier",MGP Select Pipeline,4,4,906,904,906,904
Ralgapb,Ralgapb<tm1a(KOMP)Wtsi>,heterozygote,WTSI,involves: C57BL/6N,TDT (Tucker Davis Technologies),"RP2.1 based system, RA4PA Medusa Preamplifier",MGP Select Pipeline,4,4,906,904,906,904
Ralgps2,Ralgps2<tm1a(EUCOMM)Wtsi>,homozygote,WTSI,involves: C57BL/6N,TDT (Tucker Davis Technologies),"RP2.1 based system, RA4PA Medusa Preamplifier",MGP Select Pipeline,6,6,906,904,906,904
Raph1,Raph1<tm1b(EUCOMM)Wtsi>,homozygote,WTSI,involves: C57BL/6N,TDT (Tucker Davis Technologies),"RP2.1 based system, RA4PA Medusa Preamplifier",MGP Select Pipeline,6,6,906,904,906,904
Rasal2,Rasal2<tm1a(EUCOMM)Wtsi>,homozygote,WTSI,involves: C57BL/6N,TDT (Tucker Davis Technologies),"RP2.1 based system, RA4PA Medusa Preamplifier",MGP Select Pipeline,6,6,906,904,906,904
Rasgrp4,Rasgrp4<tm2a(KOMP)Wtsi>,homozygote,WTSI,involves: C57BL/6N,TDT (Tucker Davis Technologies),"RP2.1 based system, RA4PA Medusa Preamplifier",MGP Select Pipeline,4,4,906,904,906,904
Rbak,Rbak<tm1b(KOMP)Wtsi>,homozygote,WTSI,involves: C57BL/6N,TDT (Tucker Davis Technologies),"RP2.1 based system, RA4PA Medusa Preamplifier",MGP Select Pipeline,4,4,906,904,906,904
Rbm14,Rbm14<tm1a(KOMP)Wtsi>,homozygote,WTSI,involves: C57BL/6N,TDT (Tucker Davis Technologies),"RP2.1 based system, RA4PA Medusa Preamplifier",MGP Select Pipeline,4,4,906,904,906,904
Rbm33,Rbm33<tm1b(EUCOMM)Wtsi>,heterozygote,WTSI,involves: C57BL/6N,TDT (Tucker Davis Technologies),"RP2.1 based system, RA4PA Medusa Preamplifier",MGP Select Pipeline,4,4,906,904,906,904
Rbm47,Rbm47<tm1a(EUCOMM)Wtsi>,homozygote,WTSI,involves: C57BL/6N,TDT (Tucker Davis Technologies),"RP2.1 based system, RA4PA Medusa Preamplifier",MGP Select Pipeline,4,4,906,904,906,904
Rbmx,Rbmx<tm2a(KOMP)Wtsi>,homozygote,WTSI,involves: C57BL/6N,TDT (Tucker Davis Technologies),"RP2.1 based system, RA4PA Medusa Preamplifier",MGP Select Pipeline,4,4,906,904,906,904
Rbmx,Rbmx<tm2b(KOMP)Wtsi>,hemizygote,WTSI,involves: C57BL/6N,TDT (Tucker Davis Technologies),"RP2.1 based system, RA4PA Medusa Preamplifier",MGP Select Pipeline,4,4,906,904,906,904
Rbsn,Rbsn<tm1a(EUCOMM)Wtsi>,heterozygote,WTSI,involves: C57BL/6N,TDT (Tucker Davis Technologies),"RP2.1 based system, RA4PA Medusa Preamplifier",MGP Select Pipeline,4,4,906,904,906,904
Rdh16f2,Rdh16f2<tm1a(KOMP)Wtsi>,homozygote,WTSI,involves: C57BL/6N,TDT (Tucker Davis Technologies),"RP2.1 based system, RA4PA Medusa Preamplifier",MGP Select Pipeline,4,4,906,904,906,904
Reg3d,Reg3d<tm1b(EUCOMM)Wtsi>,homozygote,WTSI,involves: C57BL/6N,TDT (Tucker Davis Technologies),"RP2.1 based system, RA4PA Medusa Preamplifier",MGP Select Pipeline,4,4,906,904,906,904
Reg3g,Reg3g<tm1a(KOMP)Wtsi>,homozygote,WTSI,involves: C57BL/6N,TDT (Tucker Davis Technologies),"RP2.1 based system, RA4PA Medusa Preamplifier",MGP Select Pipeline,4,4,906,904,906,904
Repin1,Repin1<tm1a(EUCOMM)Wtsi>,homozygote,WTSI,involves: C57BL/6N,TDT (Tucker Davis Technologies),"RP2.1 based system, RA4PA Medusa Preamplifier",MGP Select Pipeline,4,4,906,904,906,904
Retreg3,Retreg3<tm2b(EUCOMM)Wtsi>,homozygote,MRC Harwell,involves: C57BL/6NTac,Intelligent Hearing Systems,Smart EP,Harwell,4,4,860,858,400,400
Rhbdl3,Rhbdl3<tm1b(EUCOMM)Wtsi>,heterozygote,MRC Harwell,involves: C57BL/6NTac,Intelligent Hearing Systems,Smart EP,Harwell,4,4,860,858,400,400
Rhbdl3,Rhbdl3<tm1b(EUCOMM)Wtsi>,homozygote,MRC Harwell,involves: C57BL/6NTac,Intelligent Hearing Systems,Smart EP,Harwell,5,5,860,858,400,400
Rhox13,Rhox13<tm1a(KOMP)Wtsi>,hemizygote,WTSI,involves: C57BL/6N,TDT (Tucker Davis Technologies),"RP2.1 based system, RA4PA Medusa Preamplifier",MGP Select Pipeline,6,6,906,904,906,904
Rhox13,Rhox13<tm1a(KOMP)Wtsi>,homozygote,WTSI,involves: C57BL/6N,TDT (Tucker Davis Technologies),"RP2.1 based system, RA4PA Medusa Preamplifier",MGP Select Pipeline,7,7,906,904,906,904
Rhox13,Rhox13<tm1b(KOMP)Wtsi>,hemizygote,WTSI,involves: C57BL/6N,TDT (Tucker Davis Technologies),"RP2.1 based system, RA4PA Medusa Preamplifier",MGP Select Pipeline,4,4,906,904,906,904
Ric8b,Ric8b<tm1b(EUCOMM)Hmgu>,heterozygote,MRC Harwell,involves: C57BL/6NTac,Intelligent Hearing Systems,Smart EP,Harwell,4,4,860,858,400,400
Rida,Rida<tm1a(KOMP)Wtsi>,homozygote,WTSI,involves: C57BL/6N,TDT (Tucker Davis Technologies),"RP2.1 based system, RA4PA Medusa Preamplifier",MGP Select Pipeline,4,4,906,904,906,904
Rimbp2,Rimbp2<em1(IMPC)Wtsi>,homozygote,WTSI,involves: C57BL/6N,TDT (Tucker Davis Technologies),"RP2.1 based system, RA4PA Medusa Preamplifier",MGP Select Pipeline,8,8,906,904,906,904
Rlbp1,Rlbp1<tm1b(EUCOMM)Hmgu>,homozygote,MRC Harwell,involves: C57BL/6NTac,Intelligent Hearing Systems,Smart EP,Harwell,3,3,860,858,400,400
Rnaseh2c,Rnaseh2c<tm1(KOMP)Wtsi>,heterozygote,WTSI,involves: C57BL/6N,TDT (Tucker Davis Technologies),"RP2.1 based system, RA4PA Medusa Preamplifier",MGP Select Pipeline,5,5,906,904,906,904
Rnasek,Rnasek<tm1b(EUCOMM)Wtsi>,heterozygote,WTSI,involves: C57BL/6N,TDT (Tucker Davis Technologies),"RP2.1 based system, RA4PA Medusa Preamplifier",MGP Select Pipeline,4,4,906,904,906,904
Rnf10,Rnf10<tm1b(KOMP)Wtsi>,homozygote,MRC Harwell,involves: C57BL/6NTac,Intelligent Hearing Systems,Smart EP,Harwell,4,4,860,858,400,400
Rnf10,Rnf10<tm1b(KOMP)Wtsi>,homozygote,WTSI,involves: C57BL/6N,TDT (Tucker Davis Technologies),"RP2.1 based system, RA4PA Medusa Preamplifier",MGP Select Pipeline,11,11,906,904,906,904
Rnf114,Rnf114<em1(IMPC)Wtsi>,homozygote,WTSI,involves: C57BL/6N,TDT (Tucker Davis Technologies),"RP2.1 based system, RA4PA Medusa Preamplifier",MGP Select Pipeline,2,2,906,904,906,904
Rnf125,Rnf125<tm1a(EUCOMM)Hmgu>,homozygote,WTSI,involves: C57BL/6N,TDT (Tucker Davis Technologies),"RP2.1 based system, RA4PA Medusa Preamplifier",MGP Select Pipeline,4,4,906,904,906,904
Rnf138,Rnf138<tm1b(EUCOMM)Hmgu>,homozygote,WTSI,involves: C57BL/6N,TDT (Tucker Davis Technologies),"RP2.1 based system, RA4PA Medusa Preamplifier",MGP Select Pipeline,4,4,906,904,906,904
Rnf157,Rnf157<tm1b(EUCOMM)Wtsi>,homozygote,WTSI,involves: C57BL/6N,TDT (Tucker Davis Technologies),"RP2.1 based system, RA4PA Medusa Preamplifier",MGP Select Pipeline,4,4,906,904,906,904
Rnf183,Rnf183<tm1b(KOMP)Wtsi>,homozygote,MRC Harwell,involves: C57BL/6NTac,Intelligent Hearing Systems,Smart EP,Harwell,4,4,860,858,400,400
Ropn1l,Ropn1l<tm1b(EUCOMM)Wtsi>,homozygote,WTSI,involves: C57BL/6N,TDT (Tucker Davis Technologies),"RP2.1 based system, RA4PA Medusa Preamplifier",MGP Select Pipeline,8,8,906,904,906,904
Rpgrip1l,Rpgrip1l<tm1a(EUCOMM)Wtsi>,heterozygote,WTSI,involves: C57BL/6N,TDT (Tucker Davis Technologies),"RP2.1 based system, RA4PA Medusa Preamplifier",MGP Select Pipeline,4,4,906,904,906,904
Rpia,Rpia<tm1a(KOMP)Wtsi>,heterozygote,WTSI,involves: C57BL/6N,TDT (Tucker Davis Technologies),"RP2.1 based system, RA4PA Medusa Preamplifier",MGP Select Pipeline,4,4,906,904,906,904
Rsad1,Rsad1<tm1(KOMP)Vlcg>,homozygote,WTSI,involves: C57BL/6N,TDT (Tucker Davis Technologies),"RP2.1 based system, RA4PA Medusa Preamplifier",MGP Select Pipeline,4,4,906,904,906,904
Rsbn1,Rsbn1<tm1b(EUCOMM)Wtsi>,heterozygote,MRC Harwell,involves: C57BL/6NTac,Intelligent Hearing Systems,Smart EP,Harwell,4,4,860,858,400,400
Rspo4,Rspo4<tm1a(KOMP)Wtsi>,homozygote,WTSI,involves: C57BL/6N,TDT (Tucker Davis Technologies),"RP2.1 based system, RA4PA Medusa Preamplifier",MGP Select Pipeline,4,4,906,904,906,904
Rtbdn,Rtbdn<tm1a(EUCOMM)Wtsi>,homozygote,WTSI,involves: C57BL/6N,TDT (Tucker Davis Technologies),"RP2.1 based system, RA4PA Medusa Preamplifier",MGP Select Pipeline,4,4,906,904,906,904
Rtn1,Rtn1<tm1b(KOMP)Wtsi>,homozygote,MRC Harwell,involves: C57BL/6NTac,Intelligent Hearing Systems,Smart EP,Harwell,4,4,860,858,400,400
Rufy2,Rufy2<tm1a(EUCOMM)Wtsi>,heterozygote,WTSI,involves: C57BL/6N,TDT (Tucker Davis Technologies),"RP2.1 based system, RA4PA Medusa Preamplifier",MGP Select Pipeline,4,4,906,904,906,904
Rufy2,Rufy2<tm1a(EUCOMM)Wtsi>,homozygote,WTSI,involves: C57BL/6N,TDT (Tucker Davis Technologies),"RP2.1 based system, RA4PA Medusa Preamplifier",MGP Select Pipeline,5,5,906,904,906,904
Rundc1,Rundc1<tm1a(EUCOMM)Wtsi>,heterozygote,WTSI,involves: C57BL/6N,TDT (Tucker Davis Technologies),"RP2.1 based system, RA4PA Medusa Preamplifier",MGP Select Pipeline,4,4,906,904,906,904
Rundc1,Rundc1<tm1b(EUCOMM)Wtsi>,heterozygote,WTSI,involves: C57BL/6N,TDT (Tucker Davis Technologies),"RP2.1 based system, RA4PA Medusa Preamplifier",MGP Select Pipeline,4,4,906,904,906,904
Rwdd1,Rwdd1<tm1b(KOMP)Wtsi>,homozygote,WTSI,involves: C57BL/6N,TDT (Tucker Davis Technologies),"RP2.1 based system, RA4PA Medusa Preamplifier",MGP Select Pipeline,4,4,906,904,906,904
Rxfp2,Rxfp2<tm1b(EUCOMM)Wtsi>,homozygote,HMGU,involves: C57BL/6NTac,TDT (Tucker Davis Technologies),"RP2.1 based system, RA4PA Medusa Preamplifier",German Mouse Clinic,8,3,960,755,80,69
Sag,Sag<tm1a(EUCOMM)Wtsi>,homozygote,WTSI,involves: C57BL/6N,TDT (Tucker Davis Technologies),"RP2.1 based system, RA4PA Medusa Preamplifier",MGP Select Pipeline,4,4,906,904,906,904
Sap130,Sap130<tm1a(KOMP)Mbp>,heterozygote,WTSI,involves: C57BL/6N,TDT (Tucker Davis Technologies),"RP2.1 based system, RA4PA Medusa Preamplifier",MGP Select Pipeline,4,4,906,904,906,904
Scaf11,Scaf11<em1(IMPC)Wtsi>,homozygote,WTSI,involves: C57BL/6N,TDT (Tucker Davis Technologies),"RP2.1 based system, RA4PA Medusa Preamplifier",MGP Select Pipeline,7,7,906,904,906,904
Scn3b,Scn3b<tm1a(KOMP)Wtsi>,homozygote,WTSI,involves: C57BL/6N,TDT (Tucker Davis Technologies),"RP2.1 based system, RA4PA Medusa Preamplifier",MGP Select Pipeline,4,4,906,904,906,904
Scnn1b,Scnn1b<tm1b(EUCOMM)Hmgu>,heterozygote,MRC Harwell,involves: C57BL/6NTac,Intelligent Hearing Systems,Smart EP,Harwell,4,4,860,858,400,400
Sec1,Sec1<tm1a(EUCOMM)Wtsi>,homozygote,WTSI,involves: C57BL/6N,TDT (Tucker Davis Technologies),"RP2.1 based system, RA4PA Medusa Preamplifier",MGP Select Pipeline,4,4,906,904,906,904
Sec22b,Sec22b<tm1a(EUCOMM)Wtsi>,heterozygote,WTSI,involves: C57BL/6N,TDT (Tucker Davis Technologies),"RP2.1 based system, RA4PA Medusa Preamplifier",MGP Select Pipeline,4,4,906,904,906,904
Secisbp2,Secisbp2<tm1c(EUCOMM)Wtsi>,homozygote,WTSI,involves: C57BL/6N,TDT (Tucker Davis Technologies),"RP2.1 based system, RA4PA Medusa Preamplifier",MGP Select Pipeline,4,4,906,904,906,904
Seh1l,Seh1l<tm1a(EUCOMM)Wtsi>,heterozygote,WTSI,involves: C57BL/6N,TDT (Tucker Davis Technologies),"RP2.1 based system, RA4PA Medusa Preamplifier",MGP Select Pipeline,4,4,906,904,906,904
Sel1l,Sel1l<tm1e(KOMP)Wtsi>,heterozygote,WTSI,involves: C57BL/6N,TDT (Tucker Davis Technologies),"RP2.1 based system, RA4PA Medusa Preamplifier",MGP Select Pipeline,4,4,906,904,906,904
Selenok,Selenok<tm1a(EUCOMM)Wtsi>,homozygote,WTSI,involves: C57BL/6N,TDT (Tucker Davis Technologies),"RP2.1 based system, RA4PA Medusa Preamplifier",MGP Select Pipeline,4,4,906,904,906,904
Selenok,Selenok<tm1b(EUCOMM)Wtsi>,homozygote,WTSI,involves: C57BL/6N,TDT (Tucker Davis Technologies),"RP2.1 based system, RA4PA Medusa Preamplifier",MGP Select Pipeline,7,7,906,904,906,904
Selenow,Selenow<tm1b(EUCOMM)Wtsi>,homozygote,WTSI,involves: C57BL/6N,TDT (Tucker Davis Technologies),"RP2.1 based system, RA4PA Medusa Preamplifier",MGP Select Pipeline,4,4,906,904,906,904
Septin10,Septin10<tm1a(KOMP)Wtsi>,heterozygote,WTSI,involves: C57BL/6N,TDT (Tucker Davis Technologies),"RP2.1 based system, RA4PA Medusa Preamplifier",MGP Select Pipeline,4,4,906,904,906,904
Septin10,Septin10<tm1a(KOMP)Wtsi>,homozygote,WTSI,involves: C57BL/6N,TDT (Tucker Davis Technologies),"RP2.1 based system, RA4PA Medusa Preamplifier",MGP Select Pipeline,4,4,906,904,906,904
Serinc3,Serinc3<tm1a(KOMP)Wtsi>,homozygote,WTSI,involves: C57BL/6N,TDT (Tucker Davis Technologies),"RP2.1 based system, RA4PA Medusa Preamplifier",MGP Select Pipeline,6,6,906,904,906,904
Serpina3c,Serpina3c<tm1a(KOMP)Wtsi>,homozygote,WTSI,involves: C57BL/6N,TDT (Tucker Davis Technologies),"RP2.1 based system, RA4PA Medusa Preamplifier",MGP Select Pipeline,4,4,906,904,906,904
Setd4,Setd4<tm1a(KOMP)Wtsi>,homozygote,WTSI,involves: C57BL/6N,TDT (Tucker Davis Technologies),"RP2.1 based system, RA4PA Medusa Preamplifier",MGP Select Pipeline,5,5,906,904,906,904
Setd5,Setd5<tm1a(EUCOMM)Wtsi>,heterozygote,WTSI,involves: C57BL/6N,TDT (Tucker Davis Technologies),"RP2.1 based system, RA4PA Medusa Preamplifier",MGP Select Pipeline,9,9,906,904,906,904
Sfxn3,Sfxn3<tm1b(KOMP)Wtsi>,homozygote,WTSI,involves: C57BL/6N,TDT (Tucker Davis Technologies),"RP2.1 based system, RA4PA Medusa Preamplifier",MGP Select Pipeline,6,6,906,904,906,904
Sgms1,Sgms1<tm1a(EUCOMM)Wtsi>,homozygote,WTSI,involves: C57BL/6N,TDT (Tucker Davis Technologies),"RP2.1 based system, RA4PA Medusa Preamplifier",MGP Select Pipeline,4,4,906,904,906,904
Sgsm1,Sgsm1<tm1b(EUCOMM)Wtsi>,homozygote,WTSI,involves: C57BL/6N,TDT (Tucker Davis Technologies),"RP2.1 based system, RA4PA Medusa Preamplifier",MGP Select Pipeline,4,4,906,904,906,904
Sh2d5,Sh2d5<tm1a(EUCOMM)Wtsi>,homozygote,WTSI,involves: C57BL/6N,TDT (Tucker Davis Technologies),"RP2.1 based system, RA4PA Medusa Preamplifier",MGP Select Pipeline,4,4,906,904,906,904
Sh3bgrl3,Sh3bgrl3<tm2b(EUCOMM)Wtsi>,homozygote,WTSI,involves: C57BL/6N,TDT (Tucker Davis Technologies),"RP2.1 based system, RA4PA Medusa Preamplifier",MGP Select Pipeline,4,4,906,904,906,904
Sh3bp4,Sh3bp4<tm1a(EUCOMM)Wtsi>,homozygote,WTSI,involves: C57BL/6N,TDT (Tucker Davis Technologies),"RP2.1 based system, RA4PA Medusa Preamplifier",MGP Select Pipeline,4,4,906,904,906,904
Sh3pxd2a,Sh3pxd2a<tm1b(EUCOMM)Wtsi>,heterozygote,WTSI,involves: C57BL/6N,TDT (Tucker Davis Technologies),"RP2.1 based system, RA4PA Medusa Preamplifier",MGP Select Pipeline,4,4,906,904,906,904
Sik3,Sik3<tm1a(EUCOMM)Hmgu>,homozygote,WTSI,involves: C57BL/6N,TDT (Tucker Davis Technologies),"RP2.1 based system, RA4PA Medusa Preamplifier",MGP Select Pipeline,4,4,906,904,906,904
Sirt1,Sirt1<tm1b(EUCOMM)Wtsi>,heterozygote,MRC Harwell,involves: C57BL/6NTac,Intelligent Hearing Systems,Smart EP,Harwell,4,4,860,858,400,400
Sirt1,Sirt1<tm1b(EUCOMM)Wtsi>,homozygote,MRC Harwell,involves: C57BL/6NTac,Intelligent Hearing Systems,Smart EP,Harwell,2,2,860,858,400,400
Sirt3,Sirt3<tm1a(EUCOMM)Wtsi>,homozygote,WTSI,involves: C57BL/6N,TDT (Tucker Davis Technologies),"RP2.1 based system, RA4PA Medusa Preamplifier",MGP Select Pipeline,6,6,906,904,906,904
Sirt4,Sirt4<tm1b(EUCOMM)Hmgu>,homozygote,MRC Harwell,involves: C57BL/6NTac,Intelligent Hearing Systems,Smart EP,Harwell,4,4,860,858,400,400
Skida1,Skida1<tm1(KOMP)Wtsi>,heterozygote,WTSI,involves: C57BL/6N,TDT (Tucker Davis Technologies),"RP2.1 based system, RA4PA Medusa Preamplifier",MGP Select Pipeline,4,4,906,904,906,904
Slamf9,Slamf9<tm1b(EUCOMM)Wtsi>,homozygote,WTSI,involves: C57BL/6N,TDT (Tucker Davis Technologies),"RP2.1 based system, RA4PA Medusa Preamplifier",MGP Select Pipeline,4,4,906,904,906,904
Slc16a4,Slc16a4<tm2e(EUCOMM)Wtsi>,homozygote,WTSI,involves: C57BL/6N,TDT (Tucker Davis Technologies),"RP2.1 based system, RA4PA Medusa Preamplifier",MGP Select Pipeline,4,4,906,904,906,904
Slc16a6,Slc16a6<tm1a(EUCOMM)Wtsi>,homozygote,WTSI,involves: C57BL/6N,TDT (Tucker Davis Technologies),"RP2.1 based system, RA4PA Medusa Preamplifier",MGP Select Pipeline,4,4,906,904,906,904
Slc1a4,Slc1a4<tm1e(KOMP)Wtsi>,homozygote,WTSI,involves: C57BL/6N,TDT (Tucker Davis Technologies),"RP2.1 based system, RA4PA Medusa Preamplifier",MGP Select Pipeline,4,4,906,904,906,904
Slc20a2,Slc20a2<tm1a(EUCOMM)Wtsi>,heterozygote,WTSI,involves: C57BL/6N,TDT (Tucker Davis Technologies),"RP2.1 based system, RA4PA Medusa Preamplifier",MGP Select Pipeline,4,4,906,904,906,904
Slc20a2,Slc20a2<tm1a(EUCOMM)Wtsi>,homozygote,WTSI,involves: C57BL/6N,TDT (Tucker Davis Technologies),"RP2.1 based system, RA4PA Medusa Preamplifier",MGP Select Pipeline,7,6,906,904,906,904
Slc25a20,Slc25a20<tm1a(EUCOMM)Wtsi>,heterozygote,WTSI,involves: C57BL/6N,TDT (Tucker Davis Technologies),"RP2.1 based system, RA4PA Medusa Preamplifier",MGP Select Pipeline,4,4,906,904,906,904
Slc25a21,Slc25a21<tm1d(KOMP)Wtsi>,homozygote,WTSI,involves: B6Brd;B6Dnk;B6N-Tyr<c-Brd>,TDT (Tucker Davis Technologies),"RP2.1 based system, RA4PA Medusa Preamplifier",MGP Select Pipeline,5,5,54,54,54,54
Slc25a28,Slc25a28<tm1b(EUCOMM)Wtsi>,homozygote,WTSI,involves: C57BL/6N,TDT (Tucker Davis Technologies),"RP2.1 based system, RA4PA Medusa Preamplifier",MGP Select Pipeline,4,4,906,904,906,904
Slc25a30,Slc25a30<tm1a(EUCOMM)Wtsi>,homozygote,WTSI,involves: C57BL/6N,TDT (Tucker Davis Technologies),"RP2.1 based system, RA4PA Medusa Preamplifier",MGP Select Pipeline,4,4,906,904,906,904
Slc25a4,Slc25a4<tm1a(EUCOMM)Wtsi>,homozygote,WTSI,involves: C57BL/6N,TDT (Tucker Davis Technologies),"RP2.1 based system, RA4PA Medusa Preamplifier",MGP Select Pipeline,4,4,906,904,906,904
Slc38a10,Slc38a10<tm1a(EUCOMM)Wtsi>,homozygote,WTSI,involves: C57BL/6N,TDT (Tucker Davis Technologies),"RP2.1 based system, RA4PA Medusa Preamplifier",MGP Select Pipeline,5,5,906,904,906,904
Slc38a2,Slc38a2<tm1a(KOMP)Wtsi>,heterozygote,WTSI,involves: C57BL/6N,TDT (Tucker Davis Technologies),"RP2.1 based system, RA4PA Medusa Preamplifier",MGP Select Pipeline,4,4,906,904,906,904
Slc39a8,Slc39a8<tm1b(EUCOMM)Wtsi>,heterozygote,MRC Harwell,involves: C57BL/6NTac,Intelligent Hearing Systems,Smart EP,Harwell,4,4,860,858,400,400
Slc40a1,Slc40a1<tm1b(EUCOMM)Hmgu>,heterozygote,MRC Harwell,involves: C57BL/6NTac,Intelligent Hearing Systems,Smart EP,Harwell,4,4,860,858,400,400
Slc5a7,Slc5a7<tm1a(KOMP)Wtsi>,heterozygote,WTSI,involves: C57BL/6N,TDT (Tucker Davis Technologies),"RP2.1 based system, RA4PA Medusa Preamplifier",MGP Select Pipeline,4,4,906,904,906,904
Slc66a3,Slc66a3<tm1a(KOMP)Wtsi>,homozygote,WTSI,involves: C57BL/6N,TDT (Tucker Davis Technologies),"RP2.1 based system, RA4PA Medusa Preamplifier",MGP Select Pipeline,4,4,906,904,906,904
Slitrk4,Slitrk4<tm1b(KOMP)Wtsi>,hemizygote,WTSI,involves: C57BL/6N,TDT (Tucker Davis Technologies),"RP2.1 based system, RA4PA Medusa Preamplifier",MGP Select Pipeline,4,4,906,904,906,904
Slu7,Slu7<tm1a(KOMP)Wtsi>,heterozygote,WTSI,involves: C57BL/6N,TDT (Tucker Davis Technologies),"RP2.1 based system, RA4PA Medusa Preamplifier",MGP Select Pipeline,4,4,906,904,906,904
Slx4ip,Slx4ip<tm1a(EUCOMM)Wtsi>,homozygote,WTSI,involves: C57BL/6N,TDT (Tucker Davis Technologies),"RP2.1 based system, RA4PA Medusa Preamplifier",MGP Select Pipeline,4,4,906,904,906,904
Smg9,Smg9<tm1b(EUCOMM)Wtsi>,heterozygote,WTSI,involves: C57BL/6N,TDT (Tucker Davis Technologies),"RP2.1 based system, RA4PA Medusa Preamplifier",MGP Select Pipeline,4,4,906,904,906,904
Smoc1,Smoc1<tm1b(EUCOMM)Wtsi>,heterozygote,MRC Harwell,involves: C57BL/6NTac,Intelligent Hearing Systems,Smart EP,Harwell,4,4,860,858,400,400
Smoc1,Smoc1<tm1b(EUCOMM)Wtsi>,homozygote,MRC Harwell,involves: C57BL/6NTac,Intelligent Hearing Systems,Smart EP,Harwell,3,3,860,858,400,400
Smpd4,Smpd4<tm2b(KOMP)Wtsi>,heterozygote,WTSI,involves: C57BL/6N,TDT (Tucker Davis Technologies),"RP2.1 based system, RA4PA Medusa Preamplifier",MGP Select Pipeline,4,4,906,904,906,904
Smyd5,Smyd5<tm1a(EUCOMM)Wtsi>,homozygote,WTSI,involves: C57BL/6N,TDT (Tucker Davis Technologies),"RP2.1 based system, RA4PA Medusa Preamplifier",MGP Select Pipeline,4,4,906,904,906,904
Snap47,Snap47<tm1a(EUCOMM)Wtsi>,homozygote,WTSI,involves: C57BL/6N,TDT (Tucker Davis Technologies),"RP2.1 based system, RA4PA Medusa Preamplifier",MGP Select Pipeline,4,4,906,904,906,904
Snx31,Snx31<tm1a(KOMP)Wtsi>,homozygote,WTSI,involves: C57BL/6N,TDT (Tucker Davis Technologies),"RP2.1 based system, RA4PA Medusa Preamplifier",MGP Select Pipeline,4,4,906,904,906,904
Snx8,Snx8<tm2a(EUCOMM)Hmgu>,homozygote,WTSI,involves: C57BL/6N,TDT (Tucker Davis Technologies),"RP2.1 based system, RA4PA Medusa Preamplifier",MGP Select Pipeline,4,4,906,904,906,904
Spata25,Spata25<tm1(KOMP)Wtsi>,homozygote,WTSI,involves: C57BL/6N,TDT (Tucker Davis Technologies),"RP2.1 based system, RA4PA Medusa Preamplifier",MGP Select Pipeline,8,8,906,904,906,904
Spink10,Spink10<tm1a(KOMP)Wtsi>,homozygote,WTSI,involves: C57BL/6N,TDT (Tucker Davis Technologies),"RP2.1 based system, RA4PA Medusa Preamplifier",MGP Select Pipeline,4,4,906,904,906,904
Spink14,Spink14<tm1e(KOMP)Wtsi>,homozygote,WTSI,involves: C57BL/6N,TDT (Tucker Davis Technologies),"RP2.1 based system, RA4PA Medusa Preamplifier",MGP Select Pipeline,4,4,906,904,906,904
Spns2,Spns2<tm1b(KOMP)Wtsi>,homozygote,WTSI,involves: B6Brd;B6Dnk;B6N-Tyr<c-Brd>,TDT (Tucker Davis Technologies),"RP2.1 based system, RA4PA Medusa Preamplifier",MGP Select Pipeline,8,8,54,54,54,54
Spopl,Spopl<tm1a(EUCOMM)Wtsi>,homozygote,WTSI,involves: C57BL/6N,TDT (Tucker Davis Technologies),"RP2.1 based system, RA4PA Medusa Preamplifier",MGP Select Pipeline,5,5,906,904,906,904
Sqle,Sqle<tm1a(EUCOMM)Wtsi>,heterozygote,WTSI,involves: C57BL/6N,TDT (Tucker Davis Technologies),"RP2.1 based system, RA4PA Medusa Preamplifier",MGP Select Pipeline,6,6,906,904,906,904
Srrm4,Srrm4<tm1e(EUCOMM)Wtsi>,heterozygote,WTSI,involves: C57BL/6N,TDT (Tucker Davis Technologies),"RP2.1 based system, RA4PA Medusa Preamplifier",MGP Select Pipeline,7,7,906,904,906,904
Srrm4,Srrm4<tm1e(EUCOMM)Wtsi>,homozygote,WTSI,involves: C57BL/6N,TDT (Tucker Davis Technologies),"RP2.1 based system, RA4PA Medusa Preamplifier",MGP Select Pipeline,3,3,906,904,906,904
Srsf7,Srsf7<tm1a(EUCOMM)Wtsi>,heterozygote,WTSI,involves: C57BL/6N,TDT (Tucker Davis Technologies),"RP2.1 based system, RA4PA Medusa Preamplifier",MGP Select Pipeline,8,8,906,904,906,904
Ssbp1,Ssbp1<tm1a(KOMP)Wtsi>,heterozygote,WTSI,involves: C57BL/6N,TDT (Tucker Davis Technologies),"RP2.1 based system, RA4PA Medusa Preamplifier",MGP Select Pipeline,4,4,906,904,906,904
Ssr2,Ssr2<tm1b(EUCOMM)Wtsi>,heterozygote,WTSI,involves: C57BL/6N,TDT (Tucker Davis Technologies),"RP2.1 based system, RA4PA Medusa Preamplifier",MGP Select Pipeline,4,4,906,904,906,904
Stard10,Stard10<tm1b(KOMP)Wtsi>,homozygote,MRC Harwell,involves: C57BL/6NTac,Intelligent Hearing Systems,Smart EP,Harwell,4,4,860,858,400,400
Stard8,Stard8<tm1a(EUCOMM)Wtsi>,hemizygote,WTSI,involves: C57BL/6N,TDT (Tucker Davis Technologies),"RP2.1 based system, RA4PA Medusa Preamplifier",MGP Select Pipeline,4,4,906,904,906,904
Stard8,Stard8<tm1b(EUCOMM)Wtsi>,hemizygote,WTSI,involves: C57BL/6N,TDT (Tucker Davis Technologies),"RP2.1 based system, RA4PA Medusa Preamplifier",MGP Select Pipeline,4,4,906,904,906,904
Stau2,Stau2<tm1a(EUCOMM)Wtsi>,homozygote,WTSI,involves: C57BL/6N,TDT (Tucker Davis Technologies),"RP2.1 based system, RA4PA Medusa Preamplifier",MGP Select Pipeline,4,4,906,904,906,904
Stimate,Stimate<tm2b(KOMP)Wtsi>,homozygote,WTSI,involves: C57BL/6N,TDT (Tucker Davis Technologies),"RP2.1 based system, RA4PA Medusa Preamplifier",MGP Select Pipeline,6,6,906,904,906,904
Stxbp4,Stxbp4<tm1a(EUCOMM)Wtsi>,homozygote,WTSI,involves: C57BL/6N,TDT (Tucker Davis Technologies),"RP2.1 based system, RA4PA Medusa Preamplifier",MGP Select Pipeline,6,6,906,904,906,904
Sult1c1,Sult1c1<tm1b(KOMP)Wtsi>,homozygote,WTSI,involves: C57BL/6N,TDT (Tucker Davis Technologies),"RP2.1 based system, RA4PA Medusa Preamplifier",MGP Select Pipeline,4,4,906,904,906,904
Supt3,Supt3<tm1a(EUCOMM)Hmgu>,heterozygote,WTSI,involves: C57BL/6N,TDT (Tucker Davis Technologies),"RP2.1 based system, RA4PA Medusa Preamplifier",MGP Select Pipeline,4,4,906,904,906,904
Supt5,Supt5<tm2a(KOMP)Wtsi>,heterozygote,WTSI,involves: C57BL/6N,TDT (Tucker Davis Technologies),"RP2.1 based system, RA4PA Medusa Preamplifier",MGP Select Pipeline,4,4,906,904,906,904
Syt1,Syt1<tm1a(EUCOMM)Wtsi>,heterozygote,WTSI,involves: C57BL/6N,TDT (Tucker Davis Technologies),"RP2.1 based system, RA4PA Medusa Preamplifier",MGP Select Pipeline,4,4,906,904,906,904
Syt16,Syt16<tm1a(EUCOMM)Wtsi>,homozygote,WTSI,involves: C57BL/6N,TDT (Tucker Davis Technologies),"RP2.1 based system, RA4PA Medusa Preamplifier",MGP Select Pipeline,4,4,906,904,906,904
Tatdn3,Tatdn3<tm1a(EUCOMM)Wtsi>,homozygote,WTSI,involves: C57BL/6N,TDT (Tucker Davis Technologies),"RP2.1 based system, RA4PA Medusa Preamplifier",MGP Select Pipeline,5,5,906,904,906,904
Tatdn3,Tatdn3<tm1b(EUCOMM)Wtsi>,homozygote,WTSI,involves: C57BL/6N,TDT (Tucker Davis Technologies),"RP2.1 based system, RA4PA Medusa Preamplifier",MGP Select Pipeline,8,8,906,904,906,904
Tbc1d22a,Tbc1d22a<tm1b(KOMP)Wtsi>,homozygote,WTSI,involves: C57BL/6N,TDT (Tucker Davis Technologies),"RP2.1 based system, RA4PA Medusa Preamplifier",MGP Select Pipeline,4,4,906,904,906,904
Tceal5,Tceal5<tm1a(KOMP)Wtsi>,hemizygote,WTSI,involves: C57BL/6N,TDT (Tucker Davis Technologies),"RP2.1 based system, RA4PA Medusa Preamplifier",MGP Select Pipeline,4,4,906,904,906,904
Tceal5,Tceal5<tm1b(KOMP)Wtsi>,hemizygote,WTSI,involves: C57BL/6N,TDT (Tucker Davis Technologies),"RP2.1 based system, RA4PA Medusa Preamplifier",MGP Select Pipeline,4,4,906,904,906,904
Tceal9,Tceal9<tm1a(KOMP)Wtsi>,hemizygote,WTSI,involves: C57BL/6N,TDT (Tucker Davis Technologies),"RP2.1 based system, RA4PA Medusa Preamplifier",MGP Select Pipeline,4,4,906,904,906,904
Tcf4,Tcf4<tm1a(EUCOMM)Wtsi>,heterozygote,WTSI,involves: C57BL/6N,TDT (Tucker Davis Technologies),"RP2.1 based system, RA4PA Medusa Preamplifier",MGP Select Pipeline,4,4,906,904,906,904
Tcf4,Tcf4<tm1a(EUCOMM)Wtsi>,homozygote,WTSI,involves: C57BL/6N,TDT (Tucker Davis Technologies),"RP2.1 based system, RA4PA Medusa Preamplifier",MGP Select Pipeline,1,1,906,904,906,904
Tcf7l2,Tcf7l2<tm1a(EUCOMM)Wtsi>,heterozygote,WTSI,involves: C57BL/6N,TDT (Tucker Davis Technologies),"RP2.1 based system, RA4PA Medusa Preamplifier",MGP Select Pipeline,4,4,906,904,906,904
Tchp,Tchp<tm1a(EUCOMM)Wtsi>,homozygote,WTSI,involves: C57BL/6N,TDT (Tucker Davis Technologies),"RP2.1 based system, RA4PA Medusa Preamplifier",MGP Select Pipeline,4,4,906,904,906,904
Tcp11,Tcp11<tm1a(EUCOMM)Wtsi>,homozygote,WTSI,involves: C57BL/6N,TDT (Tucker Davis Technologies),"RP2.1 based system, RA4PA Medusa Preamplifier",MGP Select Pipeline,6,6,906,904,906,904
Tcte1,Tcte1<tm1a(KOMP)Wtsi>,homozygote,WTSI,involves: C57BL/6N,TDT (Tucker Davis Technologies),"RP2.1 based system, RA4PA Medusa Preamplifier",MGP Select Pipeline,4,4,906,904,906,904
Tead3,Tead3<tm1a(EUCOMM)Wtsi>,homozygote,WTSI,involves: C57BL/6N,TDT (Tucker Davis Technologies),"RP2.1 based system, RA4PA Medusa Preamplifier",MGP Select Pipeline,4,4,906,904,906,904
Tent5c,Tent5c<tm1b(KOMP)Wtsi>,heterozygote,WTSI,involves: C57BL/6N,TDT (Tucker Davis Technologies),"RP2.1 based system, RA4PA Medusa Preamplifier",MGP Select Pipeline,4,4,906,904,906,904
Tepsin,Tepsin<tm1b(KOMP)Wtsi>,homozygote,WTSI,involves: C57BL/6N,TDT (Tucker Davis Technologies),"RP2.1 based system, RA4PA Medusa Preamplifier",MGP Select Pipeline,4,4,906,904,906,904
Tet1,Tet1<tm1a(KOMP)Wtsi>,heterozygote,WTSI,involves: C57BL/6N,TDT (Tucker Davis Technologies),"RP2.1 based system, RA4PA Medusa Preamplifier",MGP Select Pipeline,4,4,906,904,906,904
Tet1,Tet1<tm1a(KOMP)Wtsi>,homozygote,WTSI,involves: C57BL/6N,TDT (Tucker Davis Technologies),"RP2.1 based system, RA4PA Medusa Preamplifier",MGP Select Pipeline,2,2,906,904,906,904
Tex38,Tex38<tm1a(KOMP)Wtsi>,homozygote,WTSI,involves: C57BL/6N,TDT (Tucker Davis Technologies),"RP2.1 based system, RA4PA Medusa Preamplifier",MGP Select Pipeline,4,4,906,904,906,904
Tff1,Tff1<tm1a(EUCOMM)Wtsi>,homozygote,WTSI,involves: C57BL/6N,TDT (Tucker Davis Technologies),"RP2.1 based system, RA4PA Medusa Preamplifier",MGP Select Pipeline,6,6,906,904,906,904
Tgfb1i1,Tgfb1i1<tm1b(KOMP)Wtsi>,homozygote,WTSI,involves: C57BL/6N,TDT (Tucker Davis Technologies),"RP2.1 based system, RA4PA Medusa Preamplifier",MGP Select Pipeline,7,7,906,904,906,904
Tgm6,Tgm6<tm1a(KOMP)Wtsi>,homozygote,WTSI,involves: C57BL/6N,TDT (Tucker Davis Technologies),"RP2.1 based system, RA4PA Medusa Preamplifier",MGP Select Pipeline,5,5,906,904,906,904
Timeless,Timeless<tm1b(EUCOMM)Hmgu>,heterozygote,WTSI,involves: C57BL/6N,TDT (Tucker Davis Technologies),"RP2.1 based system, RA4PA Medusa Preamplifier",MGP Select Pipeline,4,4,906,904,906,904
Timmdc1,Timmdc1<tm1b(EUCOMM)Wtsi>,heterozygote,WTSI,involves: C57BL/6N,TDT (Tucker Davis Technologies),"RP2.1 based system, RA4PA Medusa Preamplifier",MGP Select Pipeline,5,5,906,904,906,904
Tlr11,Tlr11<em1(IMPC)Wtsi>,homozygote,WTSI,involves: C57BL/6N,TDT (Tucker Davis Technologies),"RP2.1 based system, RA4PA Medusa Preamplifier",MGP Select Pipeline,2,2,906,904,906,904
Tm9sf4,Tm9sf4<tm1a(KOMP)Wtsi>,homozygote,WTSI,involves: C57BL/6N,TDT (Tucker Davis Technologies),"RP2.1 based system, RA4PA Medusa Preamplifier",MGP Select Pipeline,5,5,906,904,906,904
Tmc3,Tmc3<tm2b(KOMP)Wtsi>,homozygote,WTSI,involves: C57BL/6N,TDT (Tucker Davis Technologies),"RP2.1 based system, RA4PA Medusa Preamplifier",MGP Select Pipeline,7,7,906,904,906,904
Tmco2,Tmco2<tm1a(KOMP)Wtsi>,homozygote,WTSI,involves: C57BL/6N,TDT (Tucker Davis Technologies),"RP2.1 based system, RA4PA Medusa Preamplifier",MGP Select Pipeline,2,2,906,904,906,904
Tmem126a,Tmem126a<tm1a(EUCOMM)Wtsi>,homozygote,WTSI,involves: C57BL/6N,TDT (Tucker Davis Technologies),"RP2.1 based system, RA4PA Medusa Preamplifier",MGP Select Pipeline,4,4,906,904,906,904
Tmem127,Tmem127<tm1(KOMP)Wtsi>,homozygote,WTSI,involves: C57BL/6N,TDT (Tucker Davis Technologies),"RP2.1 based system, RA4PA Medusa Preamplifier",MGP Select Pipeline,4,4,906,904,906,904
Tmem18,Tmem18<tm1b(EUCOMM)Wtsi>,homozygote,WTSI,involves: C57BL/6N,TDT (Tucker Davis Technologies),"RP2.1 based system, RA4PA Medusa Preamplifier",MGP Select Pipeline,4,4,906,904,906,904
Tmem185a,Tmem185a<tm1a(KOMP)Wtsi>,homozygote,WTSI,involves: C57BL/6N,TDT (Tucker Davis Technologies),"RP2.1 based system, RA4PA Medusa Preamplifier",MGP Select Pipeline,4,4,906,904,906,904
Tmem241,Tmem241<tm1b(EUCOMM)Wtsi>,homozygote,WTSI,involves: C57BL/6N,TDT (Tucker Davis Technologies),"RP2.1 based system, RA4PA Medusa Preamplifier",MGP Select Pipeline,4,4,906,904,906,904
Tmem254,Tmem254<tm2a(KOMP)Wtsi>,homozygote,WTSI,involves: C57BL/6N,TDT (Tucker Davis Technologies),"RP2.1 based system, RA4PA Medusa Preamplifier",MGP Select Pipeline,4,4,906,904,906,904
Tmem30a,Tmem30a<tm1a(KOMP)Wtsi>,heterozygote,WTSI,involves: C57BL/6N,TDT (Tucker Davis Technologies),"RP2.1 based system, RA4PA Medusa Preamplifier",MGP Select Pipeline,5,5,906,904,906,904
Tmem37,Tmem37<tm1a(EUCOMM)Wtsi>,homozygote,WTSI,involves: C57BL/6N,TDT (Tucker Davis Technologies),"RP2.1 based system, RA4PA Medusa Preamplifier",MGP Select Pipeline,4,4,906,904,906,904
Tmem42,Tmem42<tm1b(KOMP)Wtsi>,homozygote,WTSI,involves: C57BL/6N,TDT (Tucker Davis Technologies),"RP2.1 based system, RA4PA Medusa Preamplifier",MGP Select Pipeline,4,4,906,904,906,904
Tnik,Tnik<tm3a(EUCOMM)Wtsi>,homozygote,WTSI,involves: C57BL/6N,TDT (Tucker Davis Technologies),"RP2.1 based system, RA4PA Medusa Preamplifier",MGP Select Pipeline,5,5,906,904,906,904
Tomm20l,Tomm20l<tm1a(EUCOMM)Wtsi>,homozygote,WTSI,involves: C57BL/6N,TDT (Tucker Davis Technologies),"RP2.1 based system, RA4PA Medusa Preamplifier",MGP Select Pipeline,5,5,906,904,906,904
Tomm20l,Tomm20l<tm1b(EUCOMM)Wtsi>,homozygote,WTSI,involves: C57BL/6N,TDT (Tucker Davis Technologies),"RP2.1 based system, RA4PA Medusa Preamplifier",MGP Select Pipeline,7,7,906,904,906,904
Traf2,Traf2<tm1a(EUCOMM)Wtsi>,heterozygote,WTSI,involves: C57BL/6N,TDT (Tucker Davis Technologies),"RP2.1 based system, RA4PA Medusa Preamplifier",MGP Select Pipeline,4,4,906,904,906,904
Traf6,Traf6<tm2a(EUCOMM)Wtsi>,heterozygote,WTSI,involves: C57BL/6N,TDT (Tucker Davis Technologies),"RP2.1 based system, RA4PA Medusa Preamplifier",MGP Select Pipeline,4,4,906,904,906,904
Tram2,Tram2<tm1a(KOMP)Wtsi>,homozygote,WTSI,involves: C57BL/6N,TDT (Tucker Davis Technologies),"RP2.1 based system, RA4PA Medusa Preamplifier",MGP Select Pipeline,8,8,906,904,906,904
Trappc10,Trappc10<tm1b(KOMP)Wtsi>,homozygote,WTSI,involves: C57BL/6N,TDT (Tucker Davis Technologies),"RP2.1 based system, RA4PA Medusa Preamplifier",MGP Select Pipeline,6,6,906,904,906,904
Trappc9,Trappc9<tm1a(EUCOMM)Wtsi>,homozygote,WTSI,involves: C57BL/6N,TDT (Tucker Davis Technologies),"RP2.1 based system, RA4PA Medusa Preamplifier",MGP Select Pipeline,4,4,906,904,906,904
Trem1,Trem1<tm1(KOMP)Vlcg>,homozygote,WTSI,involves: C57BL/6N,TDT (Tucker Davis Technologies),"RP2.1 based system, RA4PA Medusa Preamplifier",MGP Select Pipeline,4,4,906,904,906,904
Trim17,Trim17<tm1e(EUCOMM)Wtsi>,homozygote,WTSI,involves: C57BL/6N,TDT (Tucker Davis Technologies),"RP2.1 based system, RA4PA Medusa Preamplifier",MGP Select Pipeline,4,4,906,904,906,904
Trim21,Trim21<em1(IMPC)Wtsi>,homozygote,WTSI,involves: C57BL/6N,TDT (Tucker Davis Technologies),"RP2.1 based system, RA4PA Medusa Preamplifier",MGP Select Pipeline,6,6,906,904,906,904
Trim25,Trim25<tm2b(EUCOMM)Hmgu>,homozygote,WTSI,involves: C57BL/6N,TDT (Tucker Davis Technologies),"RP2.1 based system, RA4PA Medusa Preamplifier",MGP Select Pipeline,4,4,906,904,906,904
Trim29,Trim29<tm1a(EUCOMM)Wtsi>,homozygote,WTSI,involves: C57BL/6N,TDT (Tucker Davis Technologies),"RP2.1 based system, RA4PA Medusa Preamplifier",MGP Select Pipeline,4,4,906,904,906,904
Trim29,Trim29<tm1b(EUCOMM)Wtsi>,homozygote,WTSI,involves: C57BL/6N,TDT (Tucker Davis Technologies),"RP2.1 based system, RA4PA Medusa Preamplifier",MGP Select Pipeline,4,4,906,904,906,904
Trim56,Trim56<tm1a(EUCOMM)Wtsi>,homozygote,WTSI,involves: C57BL/6N,TDT (Tucker Davis Technologies),"RP2.1 based system, RA4PA Medusa Preamplifier",MGP Select Pipeline,4,4,906,904,906,904
Trim65,Trim65<tm1b(KOMP)Wtsi>,homozygote,WTSI,involves: C57BL/6N,TDT (Tucker Davis Technologies),"RP2.1 based system, RA4PA Medusa Preamplifier",MGP Select Pipeline,4,4,906,904,906,904
Trmt2a,Trmt2a<tm2b(EUCOMM)Wtsi>,homozygote,WTSI,involves: C57BL/6N,TDT (Tucker Davis Technologies),"RP2.1 based system, RA4PA Medusa Preamplifier",MGP Select Pipeline,5,5,906,904,906,904
Trp53rkb,Trp53rkb<tm1a(EUCOMM)Wtsi>,homozygote,WTSI,involves: C57BL/6N,TDT (Tucker Davis Technologies),"RP2.1 based system, RA4PA Medusa Preamplifier",MGP Select Pipeline,4,4,906,904,906,904
Trub2,Trub2<tm2a(EUCOMM)Wtsi>,heterozygote,WTSI,involves: C57BL/6N,TDT (Tucker Davis Technologies),"RP2.1 based system, RA4PA Medusa Preamplifier",MGP Select Pipeline,4,4,906,904,906,904
Tsfm,Tsfm<tm1a(EUCOMM)Wtsi>,heterozygote,WTSI,involves: C57BL/6N,TDT (Tucker Davis Technologies),"RP2.1 based system, RA4PA Medusa Preamplifier",MGP Select Pipeline,4,4,906,904,906,904
Tsks,Tsks<em1(IMPC)Wtsi>,homozygote,WTSI,involves: C57BL/6N,TDT (Tucker Davis Technologies),"RP2.1 based system, RA4PA Medusa Preamplifier",MGP Select Pipeline,4,4,906,904,906,904
Ttll11,Ttll11<tm1a(EUCOMM)Wtsi>,homozygote,WTSI,involves: C57BL/6N,TDT (Tucker Davis Technologies),"RP2.1 based system, RA4PA Medusa Preamplifier",MGP Select Pipeline,4,4,906,904,906,904
Tuba3a,Tuba3a<tm1b(KOMP)Wtsi>,homozygote,WTSI,involves: C57BL/6N,TDT (Tucker Davis Technologies),"RP2.1 based system, RA4PA Medusa Preamplifier",MGP Select Pipeline,4,4,906,904,906,904
Tuft1,Tuft1<tm1a(KOMP)Wtsi>,homozygote,WTSI,involves: C57BL/6N,TDT (Tucker Davis Technologies),"RP2.1 based system, RA4PA Medusa Preamplifier",MGP Select Pipeline,4,4,906,904,906,904
Ubash3a,Ubash3a<tm1a(KOMP)Wtsi>,homozygote,WTSI,involves: C57BL/6N,TDT (Tucker Davis Technologies),"RP2.1 based system, RA4PA Medusa Preamplifier",MGP Select Pipeline,4,4,906,904,906,904
Ube2d1,Ube2d1<tm3e(EUCOMM)Wtsi>,homozygote,WTSI,involves: C57BL/6N,TDT (Tucker Davis Technologies),"RP2.1 based system, RA4PA Medusa Preamplifier",MGP Select Pipeline,4,4,906,904,906,904
Ube2e2,Ube2e2<tm1b(KOMP)Wtsi>,homozygote,MRC Harwell,involves: C57BL/6NTac,Intelligent Hearing Systems,Smart EP,Harwell,4,4,860,858,400,400
Ubxn10,Ubxn10<tm1b(EUCOMM)Wtsi>,homozygote,WTSI,involves: C57BL/6N,TDT (Tucker Davis Technologies),"RP2.1 based system, RA4PA Medusa Preamplifier",MGP Select Pipeline,7,7,906,904,906,904
Uevld,Uevld<tm1a(EUCOMM)Wtsi>,homozygote,WTSI,involves: C57BL/6N,TDT (Tucker Davis Technologies),"RP2.1 based system, RA4PA Medusa Preamplifier",MGP Select Pipeline,4,4,906,904,906,904
Umodl1,Umodl1<tm1a(KOMP)Wtsi>,homozygote,WTSI,involves: C57BL/6N,TDT (Tucker Davis Technologies),"RP2.1 based system, RA4PA Medusa Preamplifier",MGP Select Pipeline,6,6,906,904,906,904
Unk,Unk<tm1a(KOMP)Wtsi>,homozygote,WTSI,involves: C57BL/6N,TDT (Tucker Davis Technologies),"RP2.1 based system, RA4PA Medusa Preamplifier",MGP Select Pipeline,6,6,906,904,906,904
Upb1,Upb1<tm1a(EUCOMM)Wtsi>,homozygote,WTSI,involves: C57BL/6N,TDT (Tucker Davis Technologies),"RP2.1 based system, RA4PA Medusa Preamplifier",MGP Select Pipeline,4,4,906,904,906,904
Uri1,Uri1<tm1a(EUCOMM)Wtsi>,homozygote,WTSI,involves: C57BL/6N,TDT (Tucker Davis Technologies),"RP2.1 based system, RA4PA Medusa Preamplifier",MGP Select Pipeline,4,4,906,904,906,904
Ush1c,Ush1c<tm1a(KOMP)Wtsi>,homozygote,WTSI,involves: C57BL/6N,TDT (Tucker Davis Technologies),"RP2.1 based system, RA4PA Medusa Preamplifier",MGP Select Pipeline,6,6,906,904,906,904
Ushbp1,Ushbp1<tm1a(EUCOMM)Wtsi>,homozygote,WTSI,involves: C57BL/6N,TDT (Tucker Davis Technologies),"RP2.1 based system, RA4PA Medusa Preamplifier",MGP Select Pipeline,8,8,906,904,906,904
Usp11,Usp11<tm1(KOMP)Wtsi>,homozygote,WTSI,involves: C57BL/6N,TDT (Tucker Davis Technologies),"RP2.1 based system, RA4PA Medusa Preamplifier",MGP Select Pipeline,4,4,906,904,906,904
Usp20,Usp20<tm1a(EUCOMM)Hmgu>,homozygote,WTSI,involves: C57BL/6N,TDT (Tucker Davis Technologies),"RP2.1 based system, RA4PA Medusa Preamplifier",MGP Select Pipeline,4,4,906,904,906,904
Usp21,Usp21<tm1a(EUCOMM)Wtsi>,homozygote,WTSI,involves: C57BL/6N,TDT (Tucker Davis Technologies),"RP2.1 based system, RA4PA Medusa Preamplifier",MGP Select Pipeline,4,4,906,904,906,904
Usp22,Usp22<tm1b(KOMP)Wtsi>,heterozygote,MRC Harwell,involves: C57BL/6NTac,Intelligent Hearing Systems,Smart EP,Harwell,4,4,860,858,400,400
Usp22,Usp22<tm1a(KOMP)Wtsi>,heterozygote,WTSI,involves: C57BL/6N,TDT (Tucker Davis Technologies),"RP2.1 based system, RA4PA Medusa Preamplifier",MGP Select Pipeline,4,4,906,904,906,904
Usp24,Usp24<tm1a(KOMP)Wtsi>,homozygote,WTSI,involves: C57BL/6N,TDT (Tucker Davis Technologies),"RP2.1 based system, RA4PA Medusa Preamplifier",MGP Select Pipeline,4,4,906,904,906,904
Usp3,Usp3<tm1b(EUCOMM)Wtsi>,heterozygote,MRC Harwell,involves: C57BL/6NTac,Intelligent Hearing Systems,Smart EP,Harwell,4,4,860,858,400,400
Usp3,Usp3<tm1a(EUCOMM)Wtsi>,heterozygote,WTSI,involves: C57BL/6N,TDT (Tucker Davis Technologies),"RP2.1 based system, RA4PA Medusa Preamplifier",MGP Select Pipeline,4,4,906,904,906,904
Usp3,Usp3<tm1a(EUCOMM)Wtsi>,homozygote,WTSI,involves: C57BL/6N,TDT (Tucker Davis Technologies),"RP2.1 based system, RA4PA Medusa Preamplifier",MGP Select Pipeline,1,1,906,904,906,904
Usp30,Usp30<tm2b(EUCOMM)Hmgu>,homozygote,WTSI,involves: C57BL/6N,TDT (Tucker Davis Technologies),"RP2.1 based system, RA4PA Medusa Preamplifier",MGP Select Pipeline,4,4,906,904,906,904
Usp37,Usp37<em1(IMPC)Wtsi>,heterozygote,WTSI,involves: C57BL/6N,TDT (Tucker Davis Technologies),"RP2.1 based system, RA4PA Medusa Preamplifier",MGP Select Pipeline,4,4,906,904,906,904
Usp5,Usp5<tm1a(EUCOMM)Hmgu>,heterozygote,WTSI,involves: C57BL/6N,TDT (Tucker Davis Technologies),"RP2.1 based system, RA4PA Medusa Preamplifier",MGP Select Pipeline,4,4,906,904,906,904
Vamp3,Vamp3<tm2b(EUCOMM)Wtsi>,homozygote,WTSI,involves: C57BL/6N,TDT (Tucker Davis Technologies),"RP2.1 based system, RA4PA Medusa Preamplifier",MGP Select Pipeline,7,7,906,904,906,904
Virma,Virma<tm1a(KOMP)Wtsi>,heterozygote,WTSI,involves: C57BL/6N,TDT (Tucker Davis Technologies),"RP2.1 based system, RA4PA Medusa Preamplifier",MGP Select Pipeline,4,4,906,904,906,904
Vps13a,Vps13a<tm1b(EUCOMM)Wtsi>,homozygote,WTSI,involves: C57BL/6N,TDT (Tucker Davis Technologies),"RP2.1 based system, RA4PA Medusa Preamplifier",MGP Select Pipeline,6,6,906,904,906,904
Vps33b,Vps33b<tm1a(EUCOMM)Wtsi>,heterozygote,WTSI,involves: C57BL/6N,TDT (Tucker Davis Technologies),"RP2.1 based system, RA4PA Medusa Preamplifier",MGP Select Pipeline,4,4,906,904,906,904
Vps51,Vps51<tm1a(KOMP)Wtsi>,heterozygote,WTSI,involves: C57BL/6N,TDT (Tucker Davis Technologies),"RP2.1 based system, RA4PA Medusa Preamplifier",MGP Select Pipeline,6,6,906,904,906,904
Vps53,Vps53<tm1a(KOMP)Wtsi>,heterozygote,WTSI,involves: C57BL/6N,TDT (Tucker Davis Technologies),"RP2.1 based system, RA4PA Medusa Preamplifier",MGP Select Pipeline,4,4,906,904,906,904
Vps72,Vps72<tm1a(EUCOMM)Wtsi>,heterozygote,WTSI,involves: C57BL/6N,TDT (Tucker Davis Technologies),"RP2.1 based system, RA4PA Medusa Preamplifier",MGP Select Pipeline,6,6,906,904,906,904
Vwa3a,Vwa3a<tm1b(KOMP)Wtsi>,homozygote,WTSI,involves: C57BL/6N,TDT (Tucker Davis Technologies),"RP2.1 based system, RA4PA Medusa Preamplifier",MGP Select Pipeline,6,6,906,904,906,904
Vxn,Vxn<tm1a(KOMP)Wtsi>,homozygote,WTSI,involves: C57BL/6N,TDT (Tucker Davis Technologies),"RP2.1 based system, RA4PA Medusa Preamplifier",MGP Select Pipeline,4,4,906,904,906,904
Vxn,Vxn<tm1b(KOMP)Wtsi>,homozygote,WTSI,involves: C57BL/6N,TDT (Tucker Davis Technologies),"RP2.1 based system, RA4PA Medusa Preamplifier",MGP Select Pipeline,4,4,906,904,906,904
Wac,Wac<tm2b(EUCOMM)Wtsi>,heterozygote,WTSI,involves: C57BL/6N,TDT (Tucker Davis Technologies),"RP2.1 based system, RA4PA Medusa Preamplifier",MGP Select Pipeline,4,4,906,904,906,904
Washc2,Washc2<tm2b(KOMP)Wtsi>,heterozygote,WTSI,involves: C57BL/6N,TDT (Tucker Davis Technologies),"RP2.1 based system, RA4PA Medusa Preamplifier",MGP Select Pipeline,4,4,906,904,906,904
Wdr37,Wdr37<tm1a(KOMP)Wtsi>,homozygote,WTSI,involves: C57BL/6N,TDT (Tucker Davis Technologies),"RP2.1 based system, RA4PA Medusa Preamplifier",MGP Select Pipeline,4,4,906,904,906,904
Wdr87-ps,Wdr87-ps<em1(IMPC)Wtsi>,homozygote,WTSI,involves: C57BL/6N,TDT (Tucker Davis Technologies),"RP2.1 based system, RA4PA Medusa Preamplifier",MGP Select Pipeline,4,4,906,904,906,904
Wdr89,Wdr89<tm1a(KOMP)Wtsi>,homozygote,WTSI,involves: C57BL/6N,TDT (Tucker Davis Technologies),"RP2.1 based system, RA4PA Medusa Preamplifier",MGP Select Pipeline,7,7,906,904,906,904
Wdtc1,Wdtc1<tm1a(KOMP)Wtsi>,homozygote,WTSI,involves: C57BL/6N,TDT (Tucker Davis Technologies),"RP2.1 based system, RA4PA Medusa Preamplifier",MGP Select Pipeline,7,7,906,904,906,904
Wfdc18,Wfdc18<tm1a(KOMP)Wtsi>,homozygote,WTSI,involves: C57BL/6N,TDT (Tucker Davis Technologies),"RP2.1 based system, RA4PA Medusa Preamplifier",MGP Select Pipeline,6,6,906,904,906,904
Wfikkn2,Wfikkn2<tm1b(EUCOMM)Wtsi>,homozygote,WTSI,involves: C57BL/6N,TDT (Tucker Davis Technologies),"RP2.1 based system, RA4PA Medusa Preamplifier",MGP Select Pipeline,3,3,906,904,906,904
Wnt16,Wnt16<tm2b(EUCOMM)Wtsi>,heterozygote,WTSI,involves: C57BL/6N,TDT (Tucker Davis Technologies),"RP2.1 based system, RA4PA Medusa Preamplifier",MGP Select Pipeline,4,4,906,904,906,904
Wnt3,Wnt3<tm2a(EUCOMM)Wtsi>,heterozygote,WTSI,involves: C57BL/6N,TDT (Tucker Davis Technologies),"RP2.1 based system, RA4PA Medusa Preamplifier",MGP Select Pipeline,6,6,906,904,906,904
Wrap53,Wrap53<tm1b(EUCOMM)Wtsi>,heterozygote,WTSI,involves: C57BL/6N,TDT (Tucker Davis Technologies),"RP2.1 based system, RA4PA Medusa Preamplifier",MGP Select Pipeline,4,4,906,904,906,904
Wsb2,Wsb2<tm1b(EUCOMM)Hmgu>,homozygote,HMGU,involves: C57BL/6NTac,TDT (Tucker Davis Technologies),"RP2.1 based system, RA4PA Medusa Preamplifier",German Mouse Clinic,4,4,960,755,80,69
Xbp1,Xbp1<tm1a(EUCOMM)Wtsi>,heterozygote,WTSI,involves: C57BL/6N,TDT (Tucker Davis Technologies),"RP2.1 based system, RA4PA Medusa Preamplifier",MGP Select Pipeline,4,4,906,904,906,904
Xkrx,Xkrx<tm1b(EUCOMM)Wtsi>,hemizygote,WTSI,involves: C57BL/6N,TDT (Tucker Davis Technologies),"RP2.1 based system, RA4PA Medusa Preamplifier",MGP Select Pipeline,4,4,906,904,906,904
Xndc1,Xndc1<tm1a(EUCOMM)Wtsi>,homozygote,WTSI,involves: C57BL/6N,TDT (Tucker Davis Technologies),"RP2.1 based system, RA4PA Medusa Preamplifier",MGP Select Pipeline,5,5,906,904,906,904
Xpnpep1,Xpnpep1<tm1a(KOMP)Wtsi>,heterozygote,WTSI,involves: C57BL/6N,TDT (Tucker Davis Technologies),"RP2.1 based system, RA4PA Medusa Preamplifier",MGP Select Pipeline,4,4,906,904,906,904
Xpnpep1,Xpnpep1<tm1a(KOMP)Wtsi>,homozygote,WTSI,involves: C57BL/6N,TDT (Tucker Davis Technologies),"RP2.1 based system, RA4PA Medusa Preamplifier",MGP Select Pipeline,7,7,906,904,906,904
Xxylt1,Xxylt1<tm1a(EUCOMM)Hmgu>,homozygote,WTSI,involves: C57BL/6N,TDT (Tucker Davis Technologies),"RP2.1 based system, RA4PA Medusa Preamplifier",MGP Select Pipeline,4,4,906,904,906,904
Ydjc,Ydjc<tm1(KOMP)Wtsi>,homozygote,WTSI,involves: C57BL/6N,TDT (Tucker Davis Technologies),"RP2.1 based system, RA4PA Medusa Preamplifier",MGP Select Pipeline,4,4,906,904,906,904
Yipf7,Yipf7<tm1e(KOMP)Wtsi>,homozygote,WTSI,involves: C57BL/6N,TDT (Tucker Davis Technologies),"RP2.1 based system, RA4PA Medusa Preamplifier",MGP Select Pipeline,4,4,906,904,906,904
Ypel4,Ypel4<tm1a(EUCOMM)Wtsi>,homozygote,WTSI,involves: C57BL/6N,TDT (Tucker Davis Technologies),"RP2.1 based system, RA4PA Medusa Preamplifier",MGP Select Pipeline,4,4,906,904,906,904
Zbed5,Zbed5<tm1b(EUCOMM)Wtsi>,homozygote,WTSI,involves: C57BL/6N,TDT (Tucker Davis Technologies),"RP2.1 based system, RA4PA Medusa Preamplifier",MGP Select Pipeline,4,4,906,904,906,904
Zc3h14,Zc3h14<tm1a(KOMP)Wtsi>,homozygote,WTSI,involves: C57BL/6N,TDT (Tucker Davis Technologies),"RP2.1 based system, RA4PA Medusa Preamplifier",MGP Select Pipeline,4,4,906,904,906,904
Zcchc14,Zcchc14<tm1a(KOMP)Wtsi>,heterozygote,WTSI,involves: C57BL/6N,TDT (Tucker Davis Technologies),"RP2.1 based system, RA4PA Medusa Preamplifier",MGP Select Pipeline,4,4,906,904,906,904
Zcchc14,Zcchc14<tm1a(KOMP)Wtsi>,homozygote,WTSI,involves: C57BL/6N,TDT (Tucker Davis Technologies),"RP2.1 based system, RA4PA Medusa Preamplifier",MGP Select Pipeline,3,3,906,904,906,904
Zfp175,Zfp175<tm1b(EUCOMM)Wtsi>,homozygote,WTSI,involves: C57BL/6N,TDT (Tucker Davis Technologies),"RP2.1 based system, RA4PA Medusa Preamplifier",MGP Select Pipeline,4,4,906,904,906,904
Zfp182,Zfp182<tm1a(KOMP)Wtsi>,hemizygote,WTSI,involves: C57BL/6N,TDT (Tucker Davis Technologies),"RP2.1 based system, RA4PA Medusa Preamplifier",MGP Select Pipeline,4,4,906,904,906,904
Zfp182,Zfp182<tm1b(KOMP)Wtsi>,hemizygote,WTSI,involves: C57BL/6N,TDT (Tucker Davis Technologies),"RP2.1 based system, RA4PA Medusa Preamplifier",MGP Select Pipeline,4,4,906,904,906,904
Zfp239,Zfp239<tm1b(KOMP)Wtsi>,homozygote,WTSI,involves: C57BL/6N,TDT (Tucker Davis Technologies),"RP2.1 based system, RA4PA Medusa Preamplifier",MGP Select Pipeline,4,4,906,904,906,904
Zfp266,Zfp266<tm1b(EUCOMM)Wtsi>,homozygote,WTSI,involves: C57BL/6N,TDT (Tucker Davis Technologies),"RP2.1 based system, RA4PA Medusa Preamplifier",MGP Select Pipeline,4,4,906,904,906,904
Zfp287,Zfp287<tm1b(EUCOMM)Wtsi>,homozygote,WTSI,involves: C57BL/6N,TDT (Tucker Davis Technologies),"RP2.1 based system, RA4PA Medusa Preamplifier",MGP Select Pipeline,8,8,906,904,906,904
Zfp341,Zfp341<tm1a(KOMP)Wtsi>,homozygote,WTSI,involves: C57BL/6N,TDT (Tucker Davis Technologies),"RP2.1 based system, RA4PA Medusa Preamplifier",MGP Select Pipeline,4,4,906,904,906,904
Zfp365,Zfp365<tm1a(KOMP)Wtsi>,homozygote,WTSI,involves: C57BL/6N,TDT (Tucker Davis Technologies),"RP2.1 based system, RA4PA Medusa Preamplifier",MGP Select Pipeline,4,4,906,904,906,904
Zfp408,Zfp408<tm1b(EUCOMM)Wtsi>,homozygote,WTSI,involves: C57BL/6N,TDT (Tucker Davis Technologies),"RP2.1 based system, RA4PA Medusa Preamplifier",MGP Select Pipeline,4,4,906,904,906,904
Zfp616,Zfp616<tm1b(KOMP)Wtsi>,homozygote,WTSI,involves: C57BL/6N,TDT (Tucker Davis Technologies),"RP2.1 based system, RA4PA Medusa Preamplifier",MGP Select Pipeline,4,4,906,904,906,904
Zfp719,Zfp719<tm1a(EUCOMM)Wtsi>,homozygote,WTSI,involves: C57BL/6N,TDT (Tucker Davis Technologies),"RP2.1 based system, RA4PA Medusa Preamplifier",MGP Select Pipeline,10,10,906,904,906,904
Zfp719,Zfp719<tm1b(EUCOMM)Wtsi>,homozygote,WTSI,involves: C57BL/6N,TDT (Tucker Davis Technologies),"RP2.1 based system, RA4PA Medusa Preamplifier",MGP Select Pipeline,11,11,906,904,906,904
Zfp763,Zfp763<em1(IMPC)Wtsi>,homozygote,WTSI,involves: C57BL/6N,TDT (Tucker Davis Technologies),"RP2.1 based system, RA4PA Medusa Preamplifier",MGP Select Pipeline,4,4,906,904,906,904
Zfp791,Zfp791<tm1a(KOMP)Wtsi>,homozygote,WTSI,involves: C57BL/6N,TDT (Tucker Davis Technologies),"RP2.1 based system, RA4PA Medusa Preamplifier",MGP Select Pipeline,8,8,906,904,906,904
Zfp84,Zfp84<tm1b(KOMP)Wtsi>,homozygote,WTSI,involves: C57BL/6N,TDT (Tucker Davis Technologies),"RP2.1 based system, RA4PA Medusa Preamplifier",MGP Select Pipeline,4,4,906,904,906,904
Zfp879,Zfp879<tm2b(KOMP)Wtsi>,homozygote,WTSI,involves: C57BL/6N,TDT (Tucker Davis Technologies),"RP2.1 based system, RA4PA Medusa Preamplifier",MGP Select Pipeline,4,4,906,904,906,904
Zfyve28,Zfyve28<tm1b(EUCOMM)Wtsi>,homozygote,WTSI,involves: C57BL/6N,TDT (Tucker Davis Technologies),"RP2.1 based system, RA4PA Medusa Preamplifier",MGP Select Pipeline,4,4,906,904,906,904
Zkscan17,Zkscan17<tm1b(EUCOMM)Wtsi>,heterozygote,WTSI,involves: C57BL/6N,TDT (Tucker Davis Technologies),"RP2.1 based system, RA4PA Medusa Preamplifier",MGP Select Pipeline,4,4,906,904,906,904
Zranb1,Zranb1<tm1a(EUCOMM)Hmgu>,homozygote,WTSI,involves: C57BL/6N,TDT (Tucker Davis Technologies),"RP2.1 based system, RA4PA Medusa Preamplifier",MGP Select Pipeline,4,4,906,904,906,904
Zscan10,Zscan10<tm2a(EUCOMM)Wtsi>,heterozygote,WTSI,involves: C57BL/6N,TDT (Tucker Davis Technologies),"RP2.1 based system, RA4PA Medusa Preamplifier",MGP Select Pipeline,4,4,906,904,906,904
Zscan2,Zscan2<tm1a(KOMP)Wtsi>,homozygote,WTSI,involves: C57BL/6N,TDT (Tucker Davis Technologies),"RP2.1 based system, RA4PA Medusa Preamplifier",MGP Select Pipeline,4,4,906,904,906,904
