{
  "total_significant_genes": 139,
  "genes_per_cluster": {
    "2": 46,
    "1": 43,
    "0": 38,
    "3": 12
  },
  "mean_consistency_score": 0.8168763247490669,
  "consistency_by_cluster": {
    "mean": {
      "0": 0.751700140245032,
      "1": 0.7490375648423384,
      "2": 0.9500252163295642,
      "3": 0.7559523809523809
    },
    "std": {
      "0": 0.18754906647162872,
      "1": 0.1808978430408561,
      "2": 0.12288193708093574,
      "3": 0.19568500218037754
    }
  },
  "high_consistency_genes": 74,
  "mixed_phenotype_genes": 25,
  "genes_by_analysis_type": {
    "all": 123,
    "female": 11,
    "male": 5
  },
  "consistency_by_analysis_type": {
    "mean": {
      "all": 0.8114932218128246,
      "female": 0.875,
      "male": 0.8214285714285714
    },
    "std": {
      "all": 0.1907257261607551,
      "female": 0.18540496217739158,
      "male": 0.20824828195876072
    }
  }
}