gene,procedure,procedure_name,mp_term,action,reason
Letmd1,KMPCLA_ACS_003,Acoustic Startle and Pre-pulse Inhibition (PPI),decreased prepulse inhibition,removed,fully acoustic procedure
Atp13a3,IMPC_CSD_003,Combined SHIRPA and Dysmorphology,decreased exploration in new environment,kept,non-acoustic MP term from mixed procedure
Trpv4,IMPC_CSD_003,Combined SHIRPA and Dysmorphology,abnormal skin coloration,kept,non-acoustic MP term from mixed procedure
Dnase1l2,JAXLA_CSD_003,Combined SHIRPA and Dysmorphology,abnormal coat/hair pigmentation,kept,non-acoustic MP term from mixed procedure
Elmod1,IMPC_ABR_001,Auditory Brain Stem Response,abnormal auditory brainstem response,removed,fully acoustic procedure
Frrs1l,IMPC_CSD_003,Combined SHIRPA and Dysmorphology,trunk curl,kept,non-acoustic MP term from mixed procedure
Tmem51,IMPC_CSD_003,Combined SHIRPA and Dysmorphology,abnormal startle reflex,removed,acoustic MP term from mixed procedure
Hmx3,ESLIM_008_001,Modified SHIRPA,abnormal locomotor activation,kept,non-acoustic MP term from mixed procedure
Etnppl,IMPC_CSD_002,Combined SHIRPA and Dysmorphology,abnormal tooth morphology,kept,non-acoustic MP term from mixed procedure
Rundc3a,IMPC_ACS_003,Acoustic Startle and Pre-pulse Inhibition (PPI),decreased prepulse inhibition,removed,fully acoustic procedure
Usp53,IMPC_ACS_003,Acoustic Startle and Pre-pulse Inhibition (PPI),decreased prepulse inhibition,removed,fully acoustic procedure
Nos1ap,IMPC_ACS_003,Acoustic Startle and Pre-pulse Inhibition (PPI),decreased prepulse inhibition,removed,fully acoustic procedure
Jakmip2,IMPC_ACS_003,Acoustic Startle and Pre-pulse Inhibition (PPI),increased startle reflex,removed,fully acoustic procedure
Rbpj,IMPC_ACS_003,Acoustic Startle and Pre-pulse Inhibition (PPI),increased startle reflex,removed,fully acoustic procedure
Dnase1,IMPC_ABR_002,Auditory Brain Stem Response,abnormal auditory brainstem response,removed,fully acoustic procedure
Rbpms2,JAXLA_CSD_003,Combined SHIRPA and Dysmorphology,abnormal coat/hair pigmentation,kept,non-acoustic MP term from mixed procedure
Hoxc13,IMPC_CSD_003,Combined SHIRPA and Dysmorphology,abnormal coat appearance,kept,non-acoustic MP term from mixed procedure
Rpe65,ESLIM_011_001,Acoustic Startle&PPI,increased startle reflex,removed,fully acoustic procedure
Cdh23,MGP_CSD_001,Combined SHIRPA and Dysmorphology,abnormal gait,kept,non-acoustic MP term from mixed procedure
Strbp,IMPC_CSD_002,Combined SHIRPA and Dysmorphology,abnormal gait,kept,non-acoustic MP term from mixed procedure
Rhbdf2,ESLIM_008_001,Modified SHIRPA,tremors,kept,non-acoustic MP term from mixed procedure
Lcn12,IMPC_CSD_002,Combined SHIRPA and Dysmorphology,tremors,kept,non-acoustic MP term from mixed procedure
Lrrk1,IMPC_CSD_003,Combined SHIRPA and Dysmorphology,abnormal locomotor behavior,kept,non-acoustic MP term from mixed procedure
Parp8,IMPC_CSD_001,Combined SHIRPA and Dysmorphology,decreased exploration in new environment,kept,non-acoustic MP term from mixed procedure
Vps37d,IMPC_ACS_003,Acoustic Startle and Pre-pulse Inhibition (PPI),decreased prepulse inhibition,removed,fully acoustic procedure
Lamb3,IMPC_CSD_003,Combined SHIRPA and Dysmorphology,abnormal tooth morphology,kept,non-acoustic MP term from mixed procedure
Otog,IMPC_ABR_002,Auditory Brain Stem Response,abnormal auditory brainstem response,removed,fully acoustic procedure
Ntf5,IMPC_CSD_003,Combined SHIRPA and Dysmorphology,abnormal locomotor behavior,kept,non-acoustic MP term from mixed procedure
Atg4b,IMPC_ACS_003,Acoustic Startle and Pre-pulse Inhibition (PPI),decreased prepulse inhibition,removed,fully acoustic procedure
Zfp119a,IMPC_ACS_003,Acoustic Startle and Pre-pulse Inhibition (PPI),increased startle reflex,removed,fully acoustic procedure
Trappc2b,IMPC_ACS_003,Acoustic Startle and Pre-pulse Inhibition (PPI),decreased prepulse inhibition,removed,fully acoustic procedure
Ap1ar,IMPC_CSD_003,Combined SHIRPA and Dysmorphology,abnormal coat appearance,kept,non-acoustic MP term from mixed procedure
Clrn2,IMPC_ABR_002,Auditory Brain Stem Response,abnormal auditory brainstem response,removed,fully acoustic procedure
Gdf5,IMPC_CSD_003,Combined SHIRPA and Dysmorphology,abnormal digit morphology,kept,non-acoustic MP term from mixed procedure
Ranbp3,IMPC_ABR_002,Auditory Brain Stem Response,abnormal auditory brainstem response,removed,fully acoustic procedure
Zfp719,MGP_CSD_001,Combined SHIRPA and Dysmorphology,absent pinna reflex,removed,acoustic MP term from mixed procedure
Bloc1s6,IMPC_CSD_003,Combined SHIRPA and Dysmorphology,abnormal coat/hair pigmentation,kept,non-acoustic MP term from mixed procedure
Sipa1l1,IMPC_CSD_003,Combined SHIRPA and Dysmorphology,abnormal behavior,kept,non-acoustic MP term from mixed procedure
Tuft1,MGP_CSD_001,Combined SHIRPA and Dysmorphology,abnormal coat appearance,kept,non-acoustic MP term from mixed procedure
Fbn2,IMPC_CSD_003,Combined SHIRPA and Dysmorphology,abnormal nail morphology,kept,non-acoustic MP term from mixed procedure
Eif2a,IMPC_ACS_003,Acoustic Startle and Pre-pulse Inhibition (PPI),decreased prepulse inhibition,removed,fully acoustic procedure
Rfxank,IMPC_ACS_003,Acoustic Startle and Pre-pulse Inhibition (PPI),decreased startle reflex,removed,fully acoustic procedure
Chrnb1,IMPC_CSD_003,Combined SHIRPA and Dysmorphology,abnormal gait,kept,non-acoustic MP term from mixed procedure
Tmprss6,IMPC_CSD_003,Combined SHIRPA and Dysmorphology,abnormal coat/ hair morphology,kept,non-acoustic MP term from mixed procedure
Ypel3,IMPC_ABR_002,Auditory Brain Stem Response,abnormal auditory brainstem response,removed,fully acoustic procedure
Nat8f5,IMPC_CSD_003,Combined SHIRPA and Dysmorphology,tremors,kept,non-acoustic MP term from mixed procedure
Adipor2,IMPC_CSD_003,Combined SHIRPA and Dysmorphology,limb grasping,kept,non-acoustic MP term from mixed procedure
Frmd5,ESLIM_011_001,Acoustic Startle&PPI,decreased prepulse inhibition,removed,fully acoustic procedure
Ppara,IMPC_CSD_003,Combined SHIRPA and Dysmorphology,abnormal skin coloration,kept,non-acoustic MP term from mixed procedure
Myo6,IMPC_CSD_003,Combined SHIRPA and Dysmorphology,abnormal gait,kept,non-acoustic MP term from mixed procedure
Ints7,IMPC_CSD_001,Combined SHIRPA and Dysmorphology,abnormal vocalization,kept,non-acoustic MP term from mixed procedure
Sfxn1,IMPC_CSD_001,Combined SHIRPA and Dysmorphology,decreased exploration in new environment,kept,non-acoustic MP term from mixed procedure
Cox7a2l,IMPC_CSD_003,Combined SHIRPA and Dysmorphology,decreased exploration in new environment,kept,non-acoustic MP term from mixed procedure
Hmx3,ESLIM_008_001,Modified SHIRPA,abnormal defecation,kept,non-acoustic MP term from mixed procedure
Abcd3,JAXLA_CSD_003,Combined SHIRPA and Dysmorphology,impaired righting response,kept,non-acoustic MP term from mixed procedure
Polr1c,JAXLA_CSD_003,Combined SHIRPA and Dysmorphology,abnormal coat/hair pigmentation,kept,non-acoustic MP term from mixed procedure
Mfsd4b4,JAXLA_CSD_003,Combined SHIRPA and Dysmorphology,limb grasping,kept,non-acoustic MP term from mixed procedure
Rtn4rl2,IMPC_ABR_002,Auditory Brain Stem Response,abnormal auditory brainstem response,removed,fully acoustic procedure
Atp8b1,IMPC_ACS_003,Acoustic Startle and Pre-pulse Inhibition (PPI),decreased prepulse inhibition,removed,fully acoustic procedure
Eef2kmt,ESLIM_008_001,Modified SHIRPA,abnormal response to tactile stimuli,kept,non-acoustic MP term from mixed procedure
Colec12,IMPC_ACS_003,Acoustic Startle and Pre-pulse Inhibition (PPI),decreased prepulse inhibition,removed,fully acoustic procedure
Ofcc1,JAXLA_CSD_003,Combined SHIRPA and Dysmorphology,abnormal startle reflex,removed,acoustic MP term from mixed procedure
Ubr7,IMPC_ACS_003,Acoustic Startle and Pre-pulse Inhibition (PPI),increased startle reflex,removed,fully acoustic procedure
Mtarc2,ESLIM_011_001,Acoustic Startle&PPI,increased startle reflex,removed,fully acoustic procedure
Vdr,IMPC_ACS_003,Acoustic Startle and Pre-pulse Inhibition (PPI),decreased startle reflex,removed,fully acoustic procedure
Myo6,IMPC_ABR_002,Auditory Brain Stem Response,abnormal auditory brainstem response,removed,fully acoustic procedure
Usp53,IMPC_ABR_002,Auditory Brain Stem Response,abnormal auditory brainstem response,removed,fully acoustic procedure
Zfp13,ESLIM_011_001,Acoustic Startle&PPI,increased startle reflex,removed,fully acoustic procedure
Btbd16,IMPC_CSD_003,Combined SHIRPA and Dysmorphology,abnormal skin coloration,kept,non-acoustic MP term from mixed procedure
Map7,IMPC_ABR_002,Auditory Brain Stem Response,abnormal auditory brainstem response,removed,fully acoustic procedure
Frmd5,ESLIM_011_001,Acoustic Startle&PPI,increased startle reflex,removed,fully acoustic procedure
Retreg1,IMPC_CSD_003,Combined SHIRPA and Dysmorphology,abnormal locomotor behavior,kept,non-acoustic MP term from mixed procedure
Aak1,IMPC_ACS_003,Acoustic Startle and Pre-pulse Inhibition (PPI),decreased startle reflex,removed,fully acoustic procedure
Utp4,JAXLA_CSD_003,Combined SHIRPA and Dysmorphology,limb grasping,kept,non-acoustic MP term from mixed procedure
Gipc3,IMPC_ABR_002,Auditory Brain Stem Response,abnormal auditory brainstem response,removed,fully acoustic procedure
Gp6,IMPC_CSD_003,Combined SHIRPA and Dysmorphology,abnormal vibrissa morphology,kept,non-acoustic MP term from mixed procedure
Appbp2,IMPC_CSD_001,Combined SHIRPA and Dysmorphology,abnormal coat/hair pigmentation,kept,non-acoustic MP term from mixed procedure
Bin1,ESLIM_008_001,Modified SHIRPA,abnormal tail movements,kept,non-acoustic MP term from mixed procedure
Ppp4r2,IMPC_CSD_003,Combined SHIRPA and Dysmorphology,increased exploration in new environment,kept,non-acoustic MP term from mixed procedure
Dram2,IMPC_CSD_003,Combined SHIRPA and Dysmorphology,abnormal coat/hair pigmentation,kept,non-acoustic MP term from mixed procedure
Zc3h13,IMPC_CSD_001,Combined SHIRPA and Dysmorphology,abnormal coat/hair pigmentation,kept,non-acoustic MP term from mixed procedure
Parl,ESLIM_011_001,Acoustic Startle&PPI,increased startle reflex,removed,fully acoustic procedure
Brinp2,IMPC_CSD_002,Combined SHIRPA and Dysmorphology,abnormal vocalization,kept,non-acoustic MP term from mixed procedure
Trip13,IMPC_CSD_001,Combined SHIRPA and Dysmorphology,abnormal tail morphology,kept,non-acoustic MP term from mixed procedure
Gbx1,ESLIM_008_001,Modified SHIRPA,decreased locomotor activity,kept,non-acoustic MP term from mixed procedure
Col9a2,IMPC_CSD_003,Combined SHIRPA and Dysmorphology,abnormal ear morphology,kept,non-acoustic MP term from mixed procedure
Dhx9,IMPC_ACS_003,Acoustic Startle and Pre-pulse Inhibition (PPI),decreased prepulse inhibition,removed,fully acoustic procedure
Plxna4,IMPC_CSD_003,Combined SHIRPA and Dysmorphology,increased exploration in new environment,kept,non-acoustic MP term from mixed procedure
Pum2,IMPC_ACS_003,Acoustic Startle and Pre-pulse Inhibition (PPI),increased startle reflex,removed,fully acoustic procedure
Nisch,IMPC_CSD_003,Combined SHIRPA and Dysmorphology,head bobbing,kept,non-acoustic MP term from mixed procedure
Ccl4,IMPC_CSD_003,Combined SHIRPA and Dysmorphology,abnormal limb position,kept,non-acoustic MP term from mixed procedure
Iqch,IMPC_CSD_003,Combined SHIRPA and Dysmorphology,abnormal locomotor behavior,kept,non-acoustic MP term from mixed procedure
Pigb,IMPC_CSD_003,Combined SHIRPA and Dysmorphology,abnormal vocalization,kept,non-acoustic MP term from mixed procedure
Trip13,IMPC_CSD_003,Combined SHIRPA and Dysmorphology,limb grasping,kept,non-acoustic MP term from mixed procedure
Cep85l,IMPC_ACS_003,Acoustic Startle and Pre-pulse Inhibition (PPI),decreased startle reflex,removed,fully acoustic procedure
Fbxo21,IMPC_CSD_001,Combined SHIRPA and Dysmorphology,abnormal vocalization,kept,non-acoustic MP term from mixed procedure
Hr,IMPC_CSD_003,Combined SHIRPA and Dysmorphology,abnormal coat/ hair morphology,kept,non-acoustic MP term from mixed procedure
Dda1,IMPC_CSD_003,Combined SHIRPA and Dysmorphology,abnormal vocalization,kept,non-acoustic MP term from mixed procedure
Hipk3,IMPC_ACS_003,Acoustic Startle and Pre-pulse Inhibition (PPI),decreased startle reflex,removed,fully acoustic procedure
Hnrnph2,IMPC_CSD_001,Combined SHIRPA and Dysmorphology,abnormal coat/hair pigmentation,kept,non-acoustic MP term from mixed procedure
Ubqln4,IMPC_ACS_003,Acoustic Startle and Pre-pulse Inhibition (PPI),decreased prepulse inhibition,removed,fully acoustic procedure
Clstn3,IMPC_CSD_003,Combined SHIRPA and Dysmorphology,tremors,kept,non-acoustic MP term from mixed procedure
Relch,IMPC_ABR_002,Auditory Brain Stem Response,abnormal auditory brainstem response,removed,fully acoustic procedure
Mphosph9,IMPC_ACS_003,Acoustic Startle and Pre-pulse Inhibition (PPI),increased prepulse inhibition,removed,fully acoustic procedure
Hoxa2,IMPC_CSD_002,Combined SHIRPA and Dysmorphology,abnormal gait,kept,non-acoustic MP term from mixed procedure
Lcorl,IMPC_ABR_002,Auditory Brain Stem Response,abnormal auditory brainstem response,removed,fully acoustic procedure
Pbx3,IMPC_CSD_003,Combined SHIRPA and Dysmorphology,abnormal tooth morphology,kept,non-acoustic MP term from mixed procedure
Arf2,IMPC_CSD_003,Combined SHIRPA and Dysmorphology,impaired righting response,kept,non-acoustic MP term from mixed procedure
Polr1c,JAXLA_CSD_003,Combined SHIRPA and Dysmorphology,abnormal coat/ hair morphology,kept,non-acoustic MP term from mixed procedure
Dnase1l2,IMPC_CSD_003,Combined SHIRPA and Dysmorphology,abnormal digit morphology,kept,non-acoustic MP term from mixed procedure
Atp6v1c1,IMPC_ACS_003,Acoustic Startle and Pre-pulse Inhibition (PPI),decreased prepulse inhibition,removed,fully acoustic procedure
Rtn4,IMPC_ACS_003,Acoustic Startle and Pre-pulse Inhibition (PPI),decreased prepulse inhibition,removed,fully acoustic procedure
Tesk2,IMPC_CSD_001,Combined SHIRPA and Dysmorphology,abnormal vocalization,kept,non-acoustic MP term from mixed procedure
Zfp605,IMPC_CSD_003,Combined SHIRPA and Dysmorphology,abnormal vibrissa morphology,kept,non-acoustic MP term from mixed procedure
Comt,IMPC_CSD_003,Combined SHIRPA and Dysmorphology,abnormal locomotor behavior,kept,non-acoustic MP term from mixed procedure
Usp53,IMPC_ABR_002,Auditory Brain Stem Response,abnormal auditory brainstem response,removed,fully acoustic procedure
Mamld1,IMPC_ACS_003,Acoustic Startle and Pre-pulse Inhibition (PPI),decreased prepulse inhibition,removed,fully acoustic procedure
Frmd6,IMPC_CSD_003,Combined SHIRPA and Dysmorphology,increased aggression,kept,non-acoustic MP term from mixed procedure
Bok,IMPC_CSD_003,Combined SHIRPA and Dysmorphology,decreased exploration in new environment,kept,non-acoustic MP term from mixed procedure
Fcrla,IMPC_CSD_003,Combined SHIRPA and Dysmorphology,abnormal coat/hair pigmentation,kept,non-acoustic MP term from mixed procedure
Fa2h,IMPC_CSD_003,Combined SHIRPA and Dysmorphology,abnormal coat/ hair morphology,kept,non-acoustic MP term from mixed procedure
Ppp2r5e,IMPC_CSD_002,Combined SHIRPA and Dysmorphology,decreased exploration in new environment,kept,non-acoustic MP term from mixed procedure
Senp7,IMPC_ACS_003,Acoustic Startle and Pre-pulse Inhibition (PPI),increased startle reflex,removed,fully acoustic procedure
Fbn2,IMPC_CSD_003,Combined SHIRPA and Dysmorphology,abnormal skin morphology,kept,non-acoustic MP term from mixed procedure
Gpr141b,IMPC_CSD_003,Combined SHIRPA and Dysmorphology,decreased exploration in new environment,kept,non-acoustic MP term from mixed procedure
Smoc1,IMPC_CSD_003,Combined SHIRPA and Dysmorphology,abnormal digit morphology,kept,non-acoustic MP term from mixed procedure
S2bpcox16,IMPC_CSD_001,Combined SHIRPA and Dysmorphology,abnormal vocalization,kept,non-acoustic MP term from mixed procedure
Mettl5,IMPC_CSD_002,Combined SHIRPA and Dysmorphology,abnormal head morphology,kept,non-acoustic MP term from mixed procedure
Rabl2,IMPC_CSD_003,Combined SHIRPA and Dysmorphology,abnormal digit morphology,kept,non-acoustic MP term from mixed procedure
Cimap1d,IMPC_CSD_003,Combined SHIRPA and Dysmorphology,impaired righting response,kept,non-acoustic MP term from mixed procedure
Plod2,JAXLA_CSD_003,Combined SHIRPA and Dysmorphology,abnormal locomotor behavior,kept,non-acoustic MP term from mixed procedure
Septin8,ESLIM_008_001,Modified SHIRPA,abnormal locomotor activation,kept,non-acoustic MP term from mixed procedure
Ezh1,IMPC_ACS_003,Acoustic Startle and Pre-pulse Inhibition (PPI),decreased prepulse inhibition,removed,fully acoustic procedure
Sema3f,IMPC_CSD_003,Combined SHIRPA and Dysmorphology,abnormal nail morphology,kept,non-acoustic MP term from mixed procedure
Hps6,IMPC_CSD_003,Combined SHIRPA and Dysmorphology,abnormal coat/hair pigmentation,kept,non-acoustic MP term from mixed procedure
Chfr,IMPC_CSD_003,Combined SHIRPA and Dysmorphology,abnormal coat/hair pigmentation,kept,non-acoustic MP term from mixed procedure
Dnajb14,IMPC_ABR_002,Auditory Brain Stem Response,abnormal auditory brainstem response,removed,fully acoustic procedure
Adnp2,IMPC_ACS_003,Acoustic Startle and Pre-pulse Inhibition (PPI),decreased prepulse inhibition,removed,fully acoustic procedure
Pcyox1l,IMPC_ABR_002,Auditory Brain Stem Response,abnormal auditory brainstem response,removed,fully acoustic procedure
Limk2,ESLIM_011_001,Acoustic Startle&PPI,increased startle reflex,removed,fully acoustic procedure
Lbr,IMPC_CSD_003,Combined SHIRPA and Dysmorphology,abnormal skin morphology,kept,non-acoustic MP term from mixed procedure
Fcgr3,IMPC_CSD_003,Combined SHIRPA and Dysmorphology,tremors,kept,non-acoustic MP term from mixed procedure
Mtmr14,ESLIM_011_001,Acoustic Startle&PPI,increased startle reflex,removed,fully acoustic procedure
Sun1,IMPC_ACS_003,Acoustic Startle and Pre-pulse Inhibition (PPI),decreased prepulse inhibition,removed,fully acoustic procedure
Arvcf,ESLIM_011_001,Acoustic Startle&PPI,increased startle reflex,removed,fully acoustic procedure
Appbp2,IMPC_CSD_001,Combined SHIRPA and Dysmorphology,abnormal vocalization,kept,non-acoustic MP term from mixed procedure
Cadm1,M-G-P_008_001,Modified SHIRPA,abnormal tail movements,kept,non-acoustic MP term from mixed procedure
Slc48a1,IMPC_CSD_003,Combined SHIRPA and Dysmorphology,limb grasping,kept,non-acoustic MP term from mixed procedure
Lhx1,ESLIM_011_001,Acoustic Startle&PPI,increased startle reflex,removed,fully acoustic procedure
Clcn1,IMPC_ACS_003,Acoustic Startle and Pre-pulse Inhibition (PPI),decreased prepulse inhibition,removed,fully acoustic procedure
Mrgprb2,TCPLA_CSD_003,Combined SHIRPA and Dysmorphology,decreased exploration in new environment,kept,non-acoustic MP term from mixed procedure
Tuft1,MGP_CSD_001,Combined SHIRPA and Dysmorphology,abnormal coat appearance,kept,non-acoustic MP term from mixed procedure
Tpk1,JAXLA_CSD_003,Combined SHIRPA and Dysmorphology,impaired righting response,kept,non-acoustic MP term from mixed procedure
Nkapd1,IMPC_ACS_003,Acoustic Startle and Pre-pulse Inhibition (PPI),decreased prepulse inhibition,removed,fully acoustic procedure
Baiap2l2,IMPC_ACS_003,Acoustic Startle and Pre-pulse Inhibition (PPI),decreased startle reflex,removed,fully acoustic procedure
Wdr33,IMPC_ACS_003,Acoustic Startle and Pre-pulse Inhibition (PPI),decreased prepulse inhibition,removed,fully acoustic procedure
Ppa1,IMPC_CSD_003,Combined SHIRPA and Dysmorphology,absent vibrissae,kept,non-acoustic MP term from mixed procedure
Gipc3,IMPC_ABR_002,Auditory Brain Stem Response,abnormal auditory brainstem response,removed,fully acoustic procedure
Rest,IMPC_ABR_002,Auditory Brain Stem Response,abnormal auditory brainstem response,removed,fully acoustic procedure
Clmn,IMPC_ACS_003,Acoustic Startle and Pre-pulse Inhibition (PPI),decreased prepulse inhibition,removed,fully acoustic procedure
Amelx,IMPC_CSD_003,Combined SHIRPA and Dysmorphology,absent teeth,kept,non-acoustic MP term from mixed procedure
Padi3,IMPC_ABR_002,Auditory Brain Stem Response,abnormal auditory brainstem response,removed,fully acoustic procedure
Ube2b,IMPC_CSD_003,Combined SHIRPA and Dysmorphology,limb grasping,kept,non-acoustic MP term from mixed procedure
Mcidas,IMPC_ABR_002,Auditory Brain Stem Response,abnormal auditory brainstem response,removed,fully acoustic procedure
G3bp1,IMPC_ACS_003,Acoustic Startle and Pre-pulse Inhibition (PPI),decreased prepulse inhibition,removed,fully acoustic procedure
Trp53inp2,IMPC_ACS_003,Acoustic Startle and Pre-pulse Inhibition (PPI),decreased prepulse inhibition,removed,fully acoustic procedure
Plcg2,ESLIM_008_001,Modified SHIRPA,hyperactivity,kept,non-acoustic MP term from mixed procedure
Usp31,IMPC_CSD_003,Combined SHIRPA and Dysmorphology,abnormal gait,kept,non-acoustic MP term from mixed procedure
Ap4e1,IMPC_ACS_003,Acoustic Startle and Pre-pulse Inhibition (PPI),increased prepulse inhibition,removed,fully acoustic procedure
Dnase1l2,IMPC_CSD_002,Combined SHIRPA and Dysmorphology,abnormal autopod morphology,kept,non-acoustic MP term from mixed procedure
Elmod1,IMPC_CSD_003,Combined SHIRPA and Dysmorphology,head bobbing,kept,non-acoustic MP term from mixed procedure
Cast,IMPC_CSD_001,Combined SHIRPA and Dysmorphology,abnormal digit morphology,kept,non-acoustic MP term from mixed procedure
Nedd4l,IMPC_ACS_003,Acoustic Startle and Pre-pulse Inhibition (PPI),decreased prepulse inhibition,removed,fully acoustic procedure
Lrrk1,IMPC_CSD_003,Combined SHIRPA and Dysmorphology,absent teeth,kept,non-acoustic MP term from mixed procedure
Armh4,HRWLLA_CSD_003,Combined SHIRPA and Dysmorphology,abnormal gait,kept,non-acoustic MP term from mixed procedure
Hcn1,IMPC_CSD_003,Combined SHIRPA and Dysmorphology,abnormal locomotor behavior,kept,non-acoustic MP term from mixed procedure
Ints7,IMPC_CSD_001,Combined SHIRPA and Dysmorphology,abnormal coat/hair pigmentation,kept,non-acoustic MP term from mixed procedure
Amotl2,IMPC_ACS_003,Acoustic Startle and Pre-pulse Inhibition (PPI),decreased prepulse inhibition,removed,fully acoustic procedure
Arvcf,ESLIM_011_001,Acoustic Startle&PPI,increased startle reflex,removed,fully acoustic procedure
Catsperz,JAXLA_CSD_003,Combined SHIRPA and Dysmorphology,limb grasping,kept,non-acoustic MP term from mixed procedure
Fads3,IMPC_ABR_001,Auditory Brain Stem Response,abnormal auditory brainstem response,removed,fully acoustic procedure
Ap5z1,IMPC_CSD_002,Combined SHIRPA and Dysmorphology,abnormal head morphology,kept,non-acoustic MP term from mixed procedure
Cib2,IMPC_ACS_003,Acoustic Startle and Pre-pulse Inhibition (PPI),decreased prepulse inhibition,removed,fully acoustic procedure
Clic5,IMPC_ACS_003,Acoustic Startle and Pre-pulse Inhibition (PPI),decreased prepulse inhibition,removed,fully acoustic procedure
Sox14,IMPC_CSD_003,Combined SHIRPA and Dysmorphology,abnormal skin morphology,kept,non-acoustic MP term from mixed procedure
Nedd4l,IMPC_ACS_003,Acoustic Startle and Pre-pulse Inhibition (PPI),decreased prepulse inhibition,removed,fully acoustic procedure
Dcbld2,MGP_CSD_001,Combined SHIRPA and Dysmorphology,trunk curl,kept,non-acoustic MP term from mixed procedure
Agap1,IMPC_ABR_001,Auditory Brain Stem Response,abnormal auditory brainstem response,removed,fully acoustic procedure
Zfp719,MGP_CSD_001,Combined SHIRPA and Dysmorphology,absent pinna reflex,removed,acoustic MP term from mixed procedure
Ficd,IMPC_ACS_003,Acoustic Startle and Pre-pulse Inhibition (PPI),increased startle reflex,removed,fully acoustic procedure
Rrbp1,IMPC_ABR_002,Auditory Brain Stem Response,abnormal auditory brainstem response,removed,fully acoustic procedure
Tprn,IMPC_ABR_002,Auditory Brain Stem Response,abnormal auditory brainstem response,removed,fully acoustic procedure
Plscr5,IMPC_ABR_002,Auditory Brain Stem Response,abnormal auditory brainstem response,removed,fully acoustic procedure
Prepl,IMPC_CSD_003,Combined SHIRPA and Dysmorphology,abnormal gait,kept,non-acoustic MP term from mixed procedure
Stx19,IMPC_CSD_003,Combined SHIRPA and Dysmorphology,abnormal coat appearance,kept,non-acoustic MP term from mixed procedure
Hcn1,IMPC_CSD_003,Combined SHIRPA and Dysmorphology,tremors,kept,non-acoustic MP term from mixed procedure
Zfp719,IMPC_ABR_001,Auditory Brain Stem Response,abnormal auditory brainstem response,removed,fully acoustic procedure
Ccnt1,IMPC_ACS_003,Acoustic Startle and Pre-pulse Inhibition (PPI),increased startle reflex,removed,fully acoustic procedure
Gmeb2,IMPC_ACS_003,Acoustic Startle and Pre-pulse Inhibition (PPI),increased startle reflex,removed,fully acoustic procedure
Dnase1l2,IMPC_CSD_002,Combined SHIRPA and Dysmorphology,abnormal digit morphology,kept,non-acoustic MP term from mixed procedure
Hipk3,IMPC_ABR_002,Auditory Brain Stem Response,abnormal auditory brainstem response,removed,fully acoustic procedure
Gsto1,JAXLA_CSD_003,Combined SHIRPA and Dysmorphology,abnormal coat/hair pigmentation,kept,non-acoustic MP term from mixed procedure
Nek2,IMPC_CSD_003,Combined SHIRPA and Dysmorphology,abnormal locomotor behavior,kept,non-acoustic MP term from mixed procedure
Usp38,IMPC_ACS_003,Acoustic Startle and Pre-pulse Inhibition (PPI),decreased prepulse inhibition,removed,fully acoustic procedure
Rps26,IMPC_ACS_003,Acoustic Startle and Pre-pulse Inhibition (PPI),increased startle reflex,removed,fully acoustic procedure
Tmprss6,IMPC_ACS_003,Acoustic Startle and Pre-pulse Inhibition (PPI),decreased prepulse inhibition,removed,fully acoustic procedure
Tent5a,IMPC_CSD_003,Combined SHIRPA and Dysmorphology,decreased exploration in new environment,kept,non-acoustic MP term from mixed procedure
Clstn2,IMPC_ACS_003,Acoustic Startle and Pre-pulse Inhibition (PPI),decreased prepulse inhibition,removed,fully acoustic procedure
Pbrm1,IMPC_ACS_003,Acoustic Startle and Pre-pulse Inhibition (PPI),decreased prepulse inhibition,removed,fully acoustic procedure
Klhdc7b,IMPC_ABR_002,Auditory Brain Stem Response,abnormal auditory brainstem response,removed,fully acoustic procedure
Dmac2,IMPC_CSD_003,Combined SHIRPA and Dysmorphology,abnormal locomotor behavior,kept,non-acoustic MP term from mixed procedure
Idua,IMPC_ABR_002,Auditory Brain Stem Response,abnormal auditory brainstem response,removed,fully acoustic procedure
Aldh2,ESLIM_008_001,Modified SHIRPA,abnormal response to tactile stimuli,kept,non-acoustic MP term from mixed procedure
Mprip,IMPC_CSD_001,Combined SHIRPA and Dysmorphology,abnormal coat/hair pigmentation,kept,non-acoustic MP term from mixed procedure
Tspyl1,IMPC_CSD_001,Combined SHIRPA and Dysmorphology,abnormal coat/hair pigmentation,kept,non-acoustic MP term from mixed procedure
Lmod3,IMPC_ACS_003,Acoustic Startle and Pre-pulse Inhibition (PPI),decreased prepulse inhibition,removed,fully acoustic procedure
Hr,IMPC_CSD_003,Combined SHIRPA and Dysmorphology,abnormal vibrissa morphology,kept,non-acoustic MP term from mixed procedure
Sgms1,MGP_CSD_001,Combined SHIRPA and Dysmorphology,tremors,kept,non-acoustic MP term from mixed procedure
Ap2a1,IMPC_CSD_001,Combined SHIRPA and Dysmorphology,abnormal coat/hair pigmentation,kept,non-acoustic MP term from mixed procedure
Gsta4,IMPC_CSD_002,Combined SHIRPA and Dysmorphology,abnormal coat/hair pigmentation,kept,non-acoustic MP term from mixed procedure
Rspo1,IMPC_CSD_003,Combined SHIRPA and Dysmorphology,abnormal vibrissa morphology,kept,non-acoustic MP term from mixed procedure
Acadsb,JAXLA_CSD_003,Combined SHIRPA and Dysmorphology,abnormal vibrissa morphology,kept,non-acoustic MP term from mixed procedure
Ckb,IMPC_CSD_003,Combined SHIRPA and Dysmorphology,decreased exploration in new environment,kept,non-acoustic MP term from mixed procedure
Polr2h,IMPC_CSD_003,Combined SHIRPA and Dysmorphology,abnormal coat/hair pigmentation,kept,non-acoustic MP term from mixed procedure
Ipo8,IMPC_CSD_001,Combined SHIRPA and Dysmorphology,decreased exploration in new environment,kept,non-acoustic MP term from mixed procedure
Zfp827,JAXLA_CSD_003,Combined SHIRPA and Dysmorphology,impaired righting response,kept,non-acoustic MP term from mixed procedure
Elmod1,ESLIM_011_001,Acoustic Startle&PPI,decreased prepulse inhibition,removed,fully acoustic procedure
Slc8a3,IMPC_ACS_003,Acoustic Startle and Pre-pulse Inhibition (PPI),increased startle reflex,removed,fully acoustic procedure
Fcgr3,IMPC_CSD_003,Combined SHIRPA and Dysmorphology,abnormal gait,kept,non-acoustic MP term from mixed procedure
Ptk7,ESLIM_008_001,Modified SHIRPA,abnormal response to new environment,kept,non-acoustic MP term from mixed procedure
Wdr12,IMPC_CSD_001,Combined SHIRPA and Dysmorphology,abnormal coat/hair pigmentation,kept,non-acoustic MP term from mixed procedure
Tspan12,IMPC_CSD_003,Combined SHIRPA and Dysmorphology,abnormal behavior,kept,non-acoustic MP term from mixed procedure
Immp2l,IMPC_ACS_003,Acoustic Startle and Pre-pulse Inhibition (PPI),decreased prepulse inhibition,removed,fully acoustic procedure
Gm13889,IMPC_ABR_002,Auditory Brain Stem Response,abnormal auditory brainstem response,removed,fully acoustic procedure
Homer2,IMPC_ABR_002,Auditory Brain Stem Response,abnormal auditory brainstem response,removed,fully acoustic procedure
Stbd1,IMPC_ACS_003,Acoustic Startle and Pre-pulse Inhibition (PPI),decreased prepulse inhibition,removed,fully acoustic procedure
Usp53,IMPC_CSD_003,Combined SHIRPA and Dysmorphology,abnormal coat/ hair morphology,kept,non-acoustic MP term from mixed procedure
Lbr,IMPC_CSD_003,Combined SHIRPA and Dysmorphology,abnormal digit morphology,kept,non-acoustic MP term from mixed procedure
Tbc1d2b,ESLIM_008_001,Modified SHIRPA,tremors,kept,non-acoustic MP term from mixed procedure
Pvr,MGP_CSD_001,Combined SHIRPA and Dysmorphology,abnormal incisor morphology,kept,non-acoustic MP term from mixed procedure
Fam83g,ESLIM_011_001,Acoustic Startle&PPI,increased startle reflex,removed,fully acoustic procedure
Tax1bp3,IMPC_ACS_003,Acoustic Startle and Pre-pulse Inhibition (PPI),decreased prepulse inhibition,removed,fully acoustic procedure
Mcub,IMPC_CSD_003,Combined SHIRPA and Dysmorphology,impaired righting response,kept,non-acoustic MP term from mixed procedure
Pcm1,IMPC_ACS_003,Acoustic Startle and Pre-pulse Inhibition (PPI),decreased prepulse inhibition,removed,fully acoustic procedure
Elmod1,IMPC_ACS_003,Acoustic Startle and Pre-pulse Inhibition (PPI),decreased prepulse inhibition,removed,fully acoustic procedure
Ubox5,IMPC_ACS_003,Acoustic Startle and Pre-pulse Inhibition (PPI),decreased prepulse inhibition,removed,fully acoustic procedure
Pstpip2,IMPC_CSD_003,Combined SHIRPA and Dysmorphology,decreased exploration in new environment,kept,non-acoustic MP term from mixed procedure
Elmod1,IMPC_CSD_003,Combined SHIRPA and Dysmorphology,head bobbing,kept,non-acoustic MP term from mixed procedure
S2bpcox16,IMPC_CSD_001,Combined SHIRPA and Dysmorphology,abnormal vocalization,kept,non-acoustic MP term from mixed procedure
Tnfaip1,ESLIM_011_001,Acoustic Startle&PPI,increased startle reflex,removed,fully acoustic procedure
Plxnb2,ESLIM_008_001,Modified SHIRPA,abnormal response to tactile stimuli,kept,non-acoustic MP term from mixed procedure
Tedc2,IMPC_CSD_001,Combined SHIRPA and Dysmorphology,abnormal coat/hair pigmentation,kept,non-acoustic MP term from mixed procedure
Tmem145,IMPC_ABR_002,Auditory Brain Stem Response,abnormal auditory brainstem response,removed,fully acoustic procedure
Dlat,IMPC_ACS_003,Acoustic Startle and Pre-pulse Inhibition (PPI),decreased prepulse inhibition,removed,fully acoustic procedure
Rigi,IMPC_CSD_001,Combined SHIRPA and Dysmorphology,abnormal vocalization,kept,non-acoustic MP term from mixed procedure
Sox21,IMPC_CSD_003,Combined SHIRPA and Dysmorphology,abnormal coat/ hair morphology,kept,non-acoustic MP term from mixed procedure
Setd5,IMPC_ABR_001,Auditory Brain Stem Response,abnormal auditory brainstem response,removed,fully acoustic procedure
Fgf20,IMPC_ACS_003,Acoustic Startle and Pre-pulse Inhibition (PPI),decreased prepulse inhibition,removed,fully acoustic procedure
Iah1,IMPC_ACS_003,Acoustic Startle and Pre-pulse Inhibition (PPI),increased prepulse inhibition,removed,fully acoustic procedure
Igsf11,JAXLA_CSD_003,Combined SHIRPA and Dysmorphology,limb grasping,kept,non-acoustic MP term from mixed procedure
Spred1,IMPC_CSD_003,Combined SHIRPA and Dysmorphology,abnormal skin coloration,kept,non-acoustic MP term from mixed procedure
Pak6,IMPC_CSD_003,Combined SHIRPA and Dysmorphology,abnormal skin coloration,kept,non-acoustic MP term from mixed procedure
Cyb561,IMPC_CSD_003,Combined SHIRPA and Dysmorphology,abnormal tail length,kept,non-acoustic MP term from mixed procedure
St7,IMPC_CSD_003,Combined SHIRPA and Dysmorphology,abnormal coat/ hair morphology,kept,non-acoustic MP term from mixed procedure
Ifng,IMPC_ACS_003,Acoustic Startle and Pre-pulse Inhibition (PPI),decreased prepulse inhibition,removed,fully acoustic procedure
Sfrp5,ESLIM_008_001,Modified SHIRPA,abnormal tail movements,kept,non-acoustic MP term from mixed procedure
Fam135b,IMPC_ACS_003,Acoustic Startle and Pre-pulse Inhibition (PPI),decreased prepulse inhibition,removed,fully acoustic procedure
Abce1,IMPC_ACS_003,Acoustic Startle and Pre-pulse Inhibition (PPI),decreased prepulse inhibition,removed,fully acoustic procedure
Aldh3a2,ESLIM_011_001,Acoustic Startle&PPI,decreased prepulse inhibition,removed,fully acoustic procedure
Zfp287,MGP_CSD_001,Combined SHIRPA and Dysmorphology,abnormal gait,kept,non-acoustic MP term from mixed procedure
Eogt,IMPC_CSD_001,Combined SHIRPA and Dysmorphology,impaired righting response,kept,non-acoustic MP term from mixed procedure
Tram2,MGP_CSD_001,Combined SHIRPA and Dysmorphology,absent pinna reflex,removed,acoustic MP term from mixed procedure
Rtn4,IMPC_ACS_003,Acoustic Startle and Pre-pulse Inhibition (PPI),decreased startle reflex,removed,fully acoustic procedure
Aldh3a2,ESLIM_011_001,Acoustic Startle&PPI,increased startle reflex,removed,fully acoustic procedure
Ap4e1,IMPC_CSD_003,Combined SHIRPA and Dysmorphology,limb grasping,kept,non-acoustic MP term from mixed procedure
Acot12,IMPC_CSD_002,Combined SHIRPA and Dysmorphology,abnormal vocalization,kept,non-acoustic MP term from mixed procedure
Abcd3,JAXLA_CSD_003,Combined SHIRPA and Dysmorphology,limb grasping,kept,non-acoustic MP term from mixed procedure
Gipr,BCMLA_CSD_003,Combined SHIRPA and Dysmorphology,abnormal vocalization,kept,non-acoustic MP term from mixed procedure
Cep85l,IMPC_ACS_003,Acoustic Startle and Pre-pulse Inhibition (PPI),decreased prepulse inhibition,removed,fully acoustic procedure
Tdo2,IMPC_ACS_003,Acoustic Startle and Pre-pulse Inhibition (PPI),increased prepulse inhibition,removed,fully acoustic procedure
Zfp276,IMPC_ABR_002,Auditory Brain Stem Response,abnormal auditory brainstem response,removed,fully acoustic procedure
Six1,IMPC_ACS_003,Acoustic Startle and Pre-pulse Inhibition (PPI),decreased prepulse inhibition,removed,fully acoustic procedure
Ccdc78,IMPC_CSD_003,Combined SHIRPA and Dysmorphology,limb grasping,kept,non-acoustic MP term from mixed procedure
Aplnr,IMPC_ACS_003,Acoustic Startle and Pre-pulse Inhibition (PPI),decreased prepulse inhibition,removed,fully acoustic procedure
Fancl,IMPC_CSD_002,Combined SHIRPA and Dysmorphology,abnormal coat/hair pigmentation,kept,non-acoustic MP term from mixed procedure
Tomt,IMPC_CSD_003,Combined SHIRPA and Dysmorphology,head bobbing,kept,non-acoustic MP term from mixed procedure
Iqgap2,IMPC_ACS_003,Acoustic Startle and Pre-pulse Inhibition (PPI),increased startle reflex,removed,fully acoustic procedure
Strbp,IMPC_ACS_003,Acoustic Startle and Pre-pulse Inhibition (PPI),decreased prepulse inhibition,removed,fully acoustic procedure
Spg21,IMPC_ACS_003,Acoustic Startle and Pre-pulse Inhibition (PPI),decreased startle reflex,removed,fully acoustic procedure
Retreg3,IMPC_ACS_003,Acoustic Startle and Pre-pulse Inhibition (PPI),decreased prepulse inhibition,removed,fully acoustic procedure
Dscaml1,IMPC_CSD_003,Combined SHIRPA and Dysmorphology,decreased exploration in new environment,kept,non-acoustic MP term from mixed procedure
Zbtb16,IMPC_ABR_002,Auditory Brain Stem Response,abnormal auditory brainstem response,removed,fully acoustic procedure
Otogl,IMPC_ABR_002,Auditory Brain Stem Response,abnormal auditory brainstem response,removed,fully acoustic procedure
Relch,IMPC_ABR_002,Auditory Brain Stem Response,abnormal auditory brainstem response,removed,fully acoustic procedure
Ephx1,ESLIM_011_001,Acoustic Startle&PPI,increased startle reflex,removed,fully acoustic procedure
Tomt,IMPC_CSD_003,Combined SHIRPA and Dysmorphology,abnormal startle reflex,removed,acoustic MP term from mixed procedure
Cln6,IMPC_ACS_003,Acoustic Startle and Pre-pulse Inhibition (PPI),decreased prepulse inhibition,removed,fully acoustic procedure
Phldb2,IMPC_ACS_003,Acoustic Startle and Pre-pulse Inhibition (PPI),increased startle reflex,removed,fully acoustic procedure
Marveld2,IMPC_CSD_003,Combined SHIRPA and Dysmorphology,abnormal ear morphology,kept,non-acoustic MP term from mixed procedure
Zfp706,JAXLA_CSD_003,Combined SHIRPA and Dysmorphology,limb grasping,kept,non-acoustic MP term from mixed procedure
Bend3,IMPC_CSD_002,Combined SHIRPA and Dysmorphology,abnormal coat/hair pigmentation,kept,non-acoustic MP term from mixed procedure
Lpgat1,JAXLA_CSD_003,Combined SHIRPA and Dysmorphology,limb grasping,kept,non-acoustic MP term from mixed procedure
Utp20,IMPC_CSD_001,Combined SHIRPA and Dysmorphology,abnormal coat/ hair morphology,kept,non-acoustic MP term from mixed procedure
Tpm1,ESLIM_011_001,Acoustic Startle&PPI,increased prepulse inhibition,removed,fully acoustic procedure
Sema3f,IMPC_ACS_003,Acoustic Startle and Pre-pulse Inhibition (PPI),increased startle reflex,removed,fully acoustic procedure
Zfp280d,IMPC_CSD_002,Combined SHIRPA and Dysmorphology,abnormal startle reflex,removed,acoustic MP term from mixed procedure
Bend6,IMPC_CSD_003,Combined SHIRPA and Dysmorphology,limb grasping,kept,non-acoustic MP term from mixed procedure
Tprn,IMPC_CSD_001,Combined SHIRPA and Dysmorphology,abnormal startle reflex,removed,acoustic MP term from mixed procedure
Nr1h4,ESLIM_011_001,Acoustic Startle&PPI,increased startle reflex,removed,fully acoustic procedure
Mgrn1,IMPC_CSD_003,Combined SHIRPA and Dysmorphology,abnormal skin coloration,kept,non-acoustic MP term from mixed procedure
Qsox1,KMPCLA_CSD_003,Combined SHIRPA and Dysmorphology,abnormal skin coloration,kept,non-acoustic MP term from mixed procedure
Rcor3,IMPC_ACS_003,Acoustic Startle and Pre-pulse Inhibition (PPI),decreased startle reflex,removed,fully acoustic procedure
Cyp17a1,IMPC_CSD_002,Combined SHIRPA and Dysmorphology,abnormal male genitalia morphology,kept,non-acoustic MP term from mixed procedure
Prkcsh,IMPC_CSD_001,Combined SHIRPA and Dysmorphology,abnormal startle reflex,removed,acoustic MP term from mixed procedure
Mpv17l2,IMPC_CSD_003,Combined SHIRPA and Dysmorphology,abnormal coat/hair pigmentation,kept,non-acoustic MP term from mixed procedure
Erlec1,IMPC_ABR_002,Auditory Brain Stem Response,abnormal auditory brainstem response,removed,fully acoustic procedure
Peak1,IMPC_ACS_003,Acoustic Startle and Pre-pulse Inhibition (PPI),increased startle reflex,removed,fully acoustic procedure
Rex1bd,IMPC_CSD_001,Combined SHIRPA and Dysmorphology,abnormal coat/hair pigmentation,kept,non-acoustic MP term from mixed procedure
Sik3,MGP_CSD_001,Combined SHIRPA and Dysmorphology,abnormal coat/hair pigmentation,kept,non-acoustic MP term from mixed procedure
Rergl,IMPC_CSD_001,Combined SHIRPA and Dysmorphology,abnormal coat/ hair morphology,kept,non-acoustic MP term from mixed procedure
Lepr,IMPC_CSD_003,Combined SHIRPA and Dysmorphology,limb grasping,kept,non-acoustic MP term from mixed procedure
Foxn4,IMPC_ACS_003,Acoustic Startle and Pre-pulse Inhibition (PPI),decreased prepulse inhibition,removed,fully acoustic procedure
Dnase1l2,IMPC_CSD_003,Combined SHIRPA and Dysmorphology,abnormal digit morphology,kept,non-acoustic MP term from mixed procedure
Elmod1,ESLIM_011_001,Acoustic Startle&PPI,increased startle reflex,removed,fully acoustic procedure
Lancl2,IMPC_CSD_003,Combined SHIRPA and Dysmorphology,abnormal coat/hair pigmentation,kept,non-acoustic MP term from mixed procedure
Anapc10,IMPC_CSD_003,Combined SHIRPA and Dysmorphology,abnormal limb position,kept,non-acoustic MP term from mixed procedure
Slc46a1,IMPC_CSD_001,Combined SHIRPA and Dysmorphology,abnormal coat appearance,kept,non-acoustic MP term from mixed procedure
Rasgef1b,IMPC_ACS_003,Acoustic Startle and Pre-pulse Inhibition (PPI),decreased prepulse inhibition,removed,fully acoustic procedure
Kdm3a,IMPC_ACS_003,Acoustic Startle and Pre-pulse Inhibition (PPI),decreased prepulse inhibition,removed,fully acoustic procedure
Zfp13,ESLIM_011_001,Acoustic Startle&PPI,increased startle reflex,removed,fully acoustic procedure
Prodh,IMPC_CSD_003,Combined SHIRPA and Dysmorphology,abnormal coat/hair pigmentation,kept,non-acoustic MP term from mixed procedure
Kcnma1,IMPC_CSD_003,Combined SHIRPA and Dysmorphology,abnormal gait,kept,non-acoustic MP term from mixed procedure
Ptgs1,IMPC_ABR_002,Auditory Brain Stem Response,abnormal auditory brainstem response,removed,fully acoustic procedure
Nemp2,IMPC_ACS_003,Acoustic Startle and Pre-pulse Inhibition (PPI),decreased prepulse inhibition,removed,fully acoustic procedure
Plekhm1,IMPC_ACS_003,Acoustic Startle and Pre-pulse Inhibition (PPI),decreased prepulse inhibition,removed,fully acoustic procedure
Trim39,HRWLIP_CSD_003,Combined SHIRPA and Dysmorphology,absent vibrissae,kept,non-acoustic MP term from mixed procedure
Zbtb8os,IMPC_CSD_003,Combined SHIRPA and Dysmorphology,abnormal coat/hair pigmentation,kept,non-acoustic MP term from mixed procedure
Il2rb,IMPC_CSD_003,Combined SHIRPA and Dysmorphology,abnormal coat/ hair morphology,kept,non-acoustic MP term from mixed procedure
Zdhhc16,IMPC_CSD_003,Combined SHIRPA and Dysmorphology,abnormal vocalization,kept,non-acoustic MP term from mixed procedure
Eif4g1,IMPC_CSD_002,Combined SHIRPA and Dysmorphology,abnormal vocalization,kept,non-acoustic MP term from mixed procedure
Gipc3,IMPC_ABR_002,Auditory Brain Stem Response,abnormal auditory brainstem response,removed,fully acoustic procedure
Afg1l,KMPCIP_CSD_003,Combined SHIRPA and Dysmorphology,abnormal coat/hair pigmentation,kept,non-acoustic MP term from mixed procedure
Zcchc17,IMPC_CSD_002,Combined SHIRPA and Dysmorphology,abnormal vibrissa morphology,kept,non-acoustic MP term from mixed procedure
Arl8b,IMPC_ACS_003,Acoustic Startle and Pre-pulse Inhibition (PPI),decreased prepulse inhibition,removed,fully acoustic procedure
Otogl,JAXLA_CSD_003,Combined SHIRPA and Dysmorphology,abnormal startle reflex,removed,acoustic MP term from mixed procedure
Lrrk1,IMPC_CSD_003,Combined SHIRPA and Dysmorphology,abnormal tooth morphology,kept,non-acoustic MP term from mixed procedure
Grxcr1,IMPC_CSD_003,Combined SHIRPA and Dysmorphology,abnormal startle reflex,removed,acoustic MP term from mixed procedure
Camsap3,IMPC_ABR_001,Auditory Brain Stem Response,abnormal auditory brainstem response,removed,fully acoustic procedure
Cd5l,IMPC_CSD_003,Combined SHIRPA and Dysmorphology,abnormal nail morphology,kept,non-acoustic MP term from mixed procedure
Duox2,IMPC_ACS_003,Acoustic Startle and Pre-pulse Inhibition (PPI),decreased prepulse inhibition,removed,fully acoustic procedure
Cacna1d,IMPC_ABR_002,Auditory Brain Stem Response,abnormal auditory brainstem response,removed,fully acoustic procedure
Med4,IMPC_CSD_003,Combined SHIRPA and Dysmorphology,decreased exploration in new environment,kept,non-acoustic MP term from mixed procedure
Fam81a,IMPC_ACS_003,Acoustic Startle and Pre-pulse Inhibition (PPI),decreased startle reflex,removed,fully acoustic procedure
Jkamp,IMPC_ACS_003,Acoustic Startle and Pre-pulse Inhibition (PPI),decreased prepulse inhibition,removed,fully acoustic procedure
Tmem203,IMPC_ACS_003,Acoustic Startle and Pre-pulse Inhibition (PPI),decreased prepulse inhibition,removed,fully acoustic procedure
Cotl1,IMPC_CSD_002,Combined SHIRPA and Dysmorphology,abnormal coat/hair pigmentation,kept,non-acoustic MP term from mixed procedure
Ttc7,IMPC_CSD_001,Combined SHIRPA and Dysmorphology,abnormal coat/hair pigmentation,kept,non-acoustic MP term from mixed procedure
Strap,ESLIM_011_001,Acoustic Startle&PPI,increased startle reflex,removed,fully acoustic procedure
Mysm1,ESLIM_008_001,Modified SHIRPA,decreased locomotor activity,kept,non-acoustic MP term from mixed procedure
Rnf10,IMPC_ACS_003,Acoustic Startle and Pre-pulse Inhibition (PPI),decreased prepulse inhibition,removed,fully acoustic procedure
F2rl1,IMPC_ACS_003,Acoustic Startle and Pre-pulse Inhibition (PPI),increased startle reflex,removed,fully acoustic procedure
Krt71,IMPC_CSD_003,Combined SHIRPA and Dysmorphology,abnormal coat/hair pigmentation,kept,non-acoustic MP term from mixed procedure
Has3,IMPC_CSD_003,Combined SHIRPA and Dysmorphology,abnormal coat appearance,kept,non-acoustic MP term from mixed procedure
Elmod1,ESLIM_011_001,Acoustic Startle&PPI,increased startle reflex,removed,fully acoustic procedure
Alg8,JAXLA_CSD_003,Combined SHIRPA and Dysmorphology,abnormal coat/ hair morphology,kept,non-acoustic MP term from mixed procedure
Ctsa,IMPC_CSD_003,Combined SHIRPA and Dysmorphology,decreased exploration in new environment,kept,non-acoustic MP term from mixed procedure
Akr7a5,IMPC_ACS_003,Acoustic Startle and Pre-pulse Inhibition (PPI),increased startle reflex,removed,fully acoustic procedure
Septin8,ESLIM_011_001,Acoustic Startle&PPI,decreased prepulse inhibition,removed,fully acoustic procedure
Ankrd44,IMPC_CSD_003,Combined SHIRPA and Dysmorphology,abnormal head size,kept,non-acoustic MP term from mixed procedure
Lyst,IMPC_CSD_003,Combined SHIRPA and Dysmorphology,abnormal coat/hair pigmentation,kept,non-acoustic MP term from mixed procedure
Zcchc4,IMPC_CSD_003,Combined SHIRPA and Dysmorphology,abnormal vocalization,kept,non-acoustic MP term from mixed procedure
Gramd2b,JAXLA_CSD_003,Combined SHIRPA and Dysmorphology,impaired righting response,kept,non-acoustic MP term from mixed procedure
Tomt,IMPC_CSD_003,Combined SHIRPA and Dysmorphology,abnormal behavior,kept,non-acoustic MP term from mixed procedure
Tmem240,IMPC_CSD_003,Combined SHIRPA and Dysmorphology,tremors,kept,non-acoustic MP term from mixed procedure
Slc44a1,IMPC_CSD_003,Combined SHIRPA and Dysmorphology,abnormal coat appearance,kept,non-acoustic MP term from mixed procedure
Mettl23,IMPC_ACS_003,Acoustic Startle and Pre-pulse Inhibition (PPI),decreased startle reflex,removed,fully acoustic procedure
Rgl1,IMPC_ACS_003,Acoustic Startle and Pre-pulse Inhibition (PPI),decreased prepulse inhibition,removed,fully acoustic procedure
Hdac7,IMPC_CSD_003,Combined SHIRPA and Dysmorphology,abnormal coat/hair pigmentation,kept,non-acoustic MP term from mixed procedure
Ildr1,MGP_CSD_001,Combined SHIRPA and Dysmorphology,absent pinna reflex,removed,acoustic MP term from mixed procedure
Fer1l4,HRWLLA_CSD_003,Combined SHIRPA and Dysmorphology,absent vibrissae,kept,non-acoustic MP term from mixed procedure
Plcz1,IMPC_CSD_003,Combined SHIRPA and Dysmorphology,abnormal gait,kept,non-acoustic MP term from mixed procedure
Poglut2,IMPC_ACS_003,Acoustic Startle and Pre-pulse Inhibition (PPI),decreased prepulse inhibition,removed,fully acoustic procedure
Klhdc7b,HRWLLA_CSD_003,Combined SHIRPA and Dysmorphology,abnormal startle reflex,removed,acoustic MP term from mixed procedure
Mboat1,IMPC_ACS_003,Acoustic Startle and Pre-pulse Inhibition (PPI),increased startle reflex,removed,fully acoustic procedure
Nptn,IMPC_CSD_003,Combined SHIRPA and Dysmorphology,abnormal startle reflex,removed,acoustic MP term from mixed procedure
Cyrib,IMPC_CSD_003,Combined SHIRPA and Dysmorphology,decreased exploration in new environment,kept,non-acoustic MP term from mixed procedure
Baiap2l2,IMPC_ABR_002,Auditory Brain Stem Response,abnormal auditory brainstem response,removed,fully acoustic procedure
Six1,IMPC_ACS_003,Acoustic Startle and Pre-pulse Inhibition (PPI),decreased prepulse inhibition,removed,fully acoustic procedure
Dctd,IMPC_ABR_002,Auditory Brain Stem Response,abnormal auditory brainstem response,removed,fully acoustic procedure
Nr3c2,ESLIM_011_001,Acoustic Startle&PPI,increased startle reflex,removed,fully acoustic procedure
Aspa,IMPC_CSD_002,Combined SHIRPA and Dysmorphology,decreased exploration in new environment,kept,non-acoustic MP term from mixed procedure
Bloc1s6,IMPC_CSD_003,Combined SHIRPA and Dysmorphology,abnormal coat/hair pigmentation,kept,non-acoustic MP term from mixed procedure
Cdc42ep5,IMPC_CSD_002,Combined SHIRPA and Dysmorphology,abnormal coat/hair pigmentation,kept,non-acoustic MP term from mixed procedure
Dym,IMPC_ACS_003,Acoustic Startle and Pre-pulse Inhibition (PPI),increased startle reflex,removed,fully acoustic procedure
Ifnk,IMPC_CSD_003,Combined SHIRPA and Dysmorphology,abnormal mouth morphology,kept,non-acoustic MP term from mixed procedure
Pdpn,IMPC_CSD_003,Combined SHIRPA and Dysmorphology,absent vibrissae,kept,non-acoustic MP term from mixed procedure
Myo6,IMPC_ACS_003,Acoustic Startle and Pre-pulse Inhibition (PPI),decreased prepulse inhibition,removed,fully acoustic procedure
Rbpms2,JAXLA_CSD_003,Combined SHIRPA and Dysmorphology,abnormal coat/hair pigmentation,kept,non-acoustic MP term from mixed procedure
Noxa1,IMPC_CSD_003,Combined SHIRPA and Dysmorphology,abnormal vocalization,kept,non-acoustic MP term from mixed procedure
Ush1c,MGP_CSD_001,Combined SHIRPA and Dysmorphology,impaired righting response,kept,non-acoustic MP term from mixed procedure
Tmem51,HRWLLA_CSD_003,Combined SHIRPA and Dysmorphology,abnormal gait,kept,non-acoustic MP term from mixed procedure
Riiad1,IMPC_CSD_003,Combined SHIRPA and Dysmorphology,limb grasping,kept,non-acoustic MP term from mixed procedure
Slc38a10,ESLIM_008_001,Modified SHIRPA,abnormal gait,kept,non-acoustic MP term from mixed procedure
Ubqln4,IMPC_ACS_003,Acoustic Startle and Pre-pulse Inhibition (PPI),decreased prepulse inhibition,removed,fully acoustic procedure
Cyb5d1,IMPC_CSD_001,Combined SHIRPA and Dysmorphology,abnormal tooth morphology,kept,non-acoustic MP term from mixed procedure
Gramd1c,IMPC_CSD_003,Combined SHIRPA and Dysmorphology,limb grasping,kept,non-acoustic MP term from mixed procedure
Uchl1,IMPC_ACS_003,Acoustic Startle and Pre-pulse Inhibition (PPI),increased startle reflex,removed,fully acoustic procedure
Slc24a5,IMPC_CSD_003,Combined SHIRPA and Dysmorphology,abnormal coat/hair pigmentation,kept,non-acoustic MP term from mixed procedure
Lurap1,IMPC_CSD_001,Combined SHIRPA and Dysmorphology,abnormal coat/ hair morphology,kept,non-acoustic MP term from mixed procedure
Mpzl2,IMPC_CSD_003,Combined SHIRPA and Dysmorphology,abnormal ear morphology,kept,non-acoustic MP term from mixed procedure
Crot,KMPCLA_CSD_003,Combined SHIRPA and Dysmorphology,abnormal coat/hair pigmentation,kept,non-acoustic MP term from mixed procedure
Dnase1l2,IMPC_CSD_002,Combined SHIRPA and Dysmorphology,abnormal tail morphology,kept,non-acoustic MP term from mixed procedure
Dhx16,IMPC_CSD_003,Combined SHIRPA and Dysmorphology,decreased exploration in new environment,kept,non-acoustic MP term from mixed procedure
Usp31,IMPC_ACS_003,Acoustic Startle and Pre-pulse Inhibition (PPI),increased prepulse inhibition,removed,fully acoustic procedure
Brip1,JAXLA_CSD_003,Combined SHIRPA and Dysmorphology,abnormal coat/hair pigmentation,kept,non-acoustic MP term from mixed procedure
Ubn1,IMPC_CSD_003,Combined SHIRPA and Dysmorphology,limb grasping,kept,non-acoustic MP term from mixed procedure
Hsd17b4,IMPC_ABR_002,Auditory Brain Stem Response,abnormal auditory brainstem response,removed,fully acoustic procedure
Lepr,IMPC_CSD_003,Combined SHIRPA and Dysmorphology,decreased exploration in new environment,kept,non-acoustic MP term from mixed procedure
Kcnma1,IMPC_CSD_003,Combined SHIRPA and Dysmorphology,abnormal gait,kept,non-acoustic MP term from mixed procedure
Sirt3,IMPC_CSD_003,Combined SHIRPA and Dysmorphology,abnormal gait,kept,non-acoustic MP term from mixed procedure
Slc25a21,M-G-P_008_001,Modified SHIRPA,absent pinna reflex,removed,acoustic MP term from mixed procedure
Rnf10,IMPC_CSD_003,Combined SHIRPA and Dysmorphology,abnormal behavior,kept,non-acoustic MP term from mixed procedure
Hipk3,IMPC_ACS_003,Acoustic Startle and Pre-pulse Inhibition (PPI),decreased prepulse inhibition,removed,fully acoustic procedure
Cspp1,IMPC_CSD_001,Combined SHIRPA and Dysmorphology,abnormal vocalization,kept,non-acoustic MP term from mixed procedure
Zbtb16,IMPC_CSD_003,Combined SHIRPA and Dysmorphology,abnormal autopod morphology,kept,non-acoustic MP term from mixed procedure
Dnajc13,IMPC_CSD_003,Combined SHIRPA and Dysmorphology,abnormal digit morphology,kept,non-acoustic MP term from mixed procedure
Itk,IMPC_ACS_003,Acoustic Startle and Pre-pulse Inhibition (PPI),increased startle reflex,removed,fully acoustic procedure
Cep128,IMPC_ACS_003,Acoustic Startle and Pre-pulse Inhibition (PPI),decreased startle reflex,removed,fully acoustic procedure
Eftud2,IMPC_CSD_003,Combined SHIRPA and Dysmorphology,decreased exploration in new environment,kept,non-acoustic MP term from mixed procedure
Mib2,ESLIM_011_001,Acoustic Startle&PPI,decreased prepulse inhibition,removed,fully acoustic procedure
Gdf5,IMPC_CSD_003,Combined SHIRPA and Dysmorphology,abnormal gait,kept,non-acoustic MP term from mixed procedure
Gzf1,IMPC_ABR_002,Auditory Brain Stem Response,abnormal auditory brainstem response,removed,fully acoustic procedure
Zfp469,IMPC_ABR_002,Auditory Brain Stem Response,abnormal auditory brainstem response,removed,fully acoustic procedure
Cabp2,IMPC_CSD_001,Combined SHIRPA and Dysmorphology,abnormal coat/hair pigmentation,kept,non-acoustic MP term from mixed procedure
Slc41a2,IMPC_CSD_001,Combined SHIRPA and Dysmorphology,abnormal coat/hair pigmentation,kept,non-acoustic MP term from mixed procedure
Cabp2,IMPC_ABR_002,Auditory Brain Stem Response,abnormal auditory brainstem response,removed,fully acoustic procedure
Klf16,IMPC_CSD_001,Combined SHIRPA and Dysmorphology,abnormal coat/ hair morphology,kept,non-acoustic MP term from mixed procedure
Map7,IMPC_ABR_002,Auditory Brain Stem Response,abnormal auditory brainstem response,removed,fully acoustic procedure
Jade3,IMPC_ACS_003,Acoustic Startle and Pre-pulse Inhibition (PPI),decreased prepulse inhibition,removed,fully acoustic procedure
Sumf2,IMPC_ABR_002,Auditory Brain Stem Response,abnormal auditory brainstem response,removed,fully acoustic procedure
Parl,ESLIM_011_001,Acoustic Startle&PPI,increased startle reflex,removed,fully acoustic procedure
Papolg,IMPC_CSD_001,Combined SHIRPA and Dysmorphology,abnormal coat/ hair morphology,kept,non-acoustic MP term from mixed procedure
Fbxl15,IMPC_ABR_002,Auditory Brain Stem Response,abnormal auditory brainstem response,removed,fully acoustic procedure
Pacs2,ESLIM_011_001,Acoustic Startle&PPI,decreased prepulse inhibition,removed,fully acoustic procedure
Cib2,IMPC_ACS_003,Acoustic Startle and Pre-pulse Inhibition (PPI),decreased prepulse inhibition,removed,fully acoustic procedure
Apmap,JAXLA_CSD_003,Combined SHIRPA and Dysmorphology,abnormal startle reflex,removed,acoustic MP term from mixed procedure
2310011J03Rik,IMPC_CSD_003,Combined SHIRPA and Dysmorphology,abnormal coat/ hair morphology,kept,non-acoustic MP term from mixed procedure
Adh5,IMPC_CSD_003,Combined SHIRPA and Dysmorphology,abnormal vocalization,kept,non-acoustic MP term from mixed procedure
Mat2a,ESLIM_011_001,Acoustic Startle&PPI,decreased prepulse inhibition,removed,fully acoustic procedure
Dnase1l2,IMPC_CSD_002,Combined SHIRPA and Dysmorphology,abnormal tail length,kept,non-acoustic MP term from mixed procedure
Strbp,IMPC_ACS_003,Acoustic Startle and Pre-pulse Inhibition (PPI),decreased prepulse inhibition,removed,fully acoustic procedure
Sik3,MGP_CSD_001,Combined SHIRPA and Dysmorphology,abnormal coat/hair pigmentation,kept,non-acoustic MP term from mixed procedure
Exoc3l,IMPC_ACS_003,Acoustic Startle and Pre-pulse Inhibition (PPI),increased startle reflex,removed,fully acoustic procedure
Nek10,IMPC_CSD_003,Combined SHIRPA and Dysmorphology,abnormal skin coloration,kept,non-acoustic MP term from mixed procedure
Prkab1,M-G-P_008_001,Modified SHIRPA,abnormal response to new environment,kept,non-acoustic MP term from mixed procedure
Mier1,ESLIM_008_001,Modified SHIRPA,tremors,kept,non-acoustic MP term from mixed procedure
Mamld1,IMPC_ACS_003,Acoustic Startle and Pre-pulse Inhibition (PPI),decreased prepulse inhibition,removed,fully acoustic procedure
Utp4,JAXLA_CSD_003,Combined SHIRPA and Dysmorphology,abnormal coat/ hair morphology,kept,non-acoustic MP term from mixed procedure
Gipc3,IMPC_ABR_002,Auditory Brain Stem Response,abnormal auditory brainstem response,removed,fully acoustic procedure
Dixdc1,IMPC_ACS_003,Acoustic Startle and Pre-pulse Inhibition (PPI),decreased startle reflex,removed,fully acoustic procedure
Elmod1,IMPC_ACS_003,Acoustic Startle and Pre-pulse Inhibition (PPI),decreased prepulse inhibition,removed,fully acoustic procedure
Samm50,IMPC_CSD_002,Combined SHIRPA and Dysmorphology,impaired righting response,kept,non-acoustic MP term from mixed procedure
Nptn,IMPC_ABR_001,Auditory Brain Stem Response,abnormal auditory brainstem response,removed,fully acoustic procedure
Mon2,IMPC_CSD_001,Combined SHIRPA and Dysmorphology,abnormal coat/hair pigmentation,kept,non-acoustic MP term from mixed procedure
Sgip1,IMPC_CSD_002,Combined SHIRPA and Dysmorphology,abnormal nail morphology,kept,non-acoustic MP term from mixed procedure
Tnfrsf11b,IMPC_CSD_003,Combined SHIRPA and Dysmorphology,abnormal gait,kept,non-acoustic MP term from mixed procedure
Nacc2,MGP_CSD_001,Combined SHIRPA and Dysmorphology,abnormal coat appearance,kept,non-acoustic MP term from mixed procedure
Dnah1,IMPC_CSD_003,Combined SHIRPA and Dysmorphology,abnormal coat appearance,kept,non-acoustic MP term from mixed procedure
Rabl2,IMPC_CSD_003,Combined SHIRPA and Dysmorphology,abnormal autopod morphology,kept,non-acoustic MP term from mixed procedure
Pycr2,MGP_CSD_001,Combined SHIRPA and Dysmorphology,absent pinna reflex,removed,acoustic MP term from mixed procedure
Hook3,IMPC_ACS_003,Acoustic Startle and Pre-pulse Inhibition (PPI),decreased prepulse inhibition,removed,fully acoustic procedure
Abhd4,IMPC_CSD_003,Combined SHIRPA and Dysmorphology,abnormal locomotor behavior,kept,non-acoustic MP term from mixed procedure
Elmod1,ESLIM_011_001,Acoustic Startle&PPI,increased startle reflex,removed,fully acoustic procedure
Baiap2l2,IMPC_ABR_002,Auditory Brain Stem Response,abnormal auditory brainstem response,removed,fully acoustic procedure
Adipor1,IMPC_ABR_002,Auditory Brain Stem Response,abnormal auditory brainstem response,removed,fully acoustic procedure
Mrgprg,IMPC_CSD_001,Combined SHIRPA and Dysmorphology,abnormal vocalization,kept,non-acoustic MP term from mixed procedure
Tmem127,MGP_CSD_001,Combined SHIRPA and Dysmorphology,tremors,kept,non-acoustic MP term from mixed procedure
Appbp2,IMPC_CSD_001,Combined SHIRPA and Dysmorphology,abnormal head morphology,kept,non-acoustic MP term from mixed procedure
Ltbp3,IMPC_CSD_003,Combined SHIRPA and Dysmorphology,abnormal tooth morphology,kept,non-acoustic MP term from mixed procedure
Il10ra,IMPC_ABR_002,Auditory Brain Stem Response,abnormal auditory brainstem response,removed,fully acoustic procedure
Ppp2r1b,IMPC_CSD_002,Combined SHIRPA and Dysmorphology,abnormal tooth morphology,kept,non-acoustic MP term from mixed procedure
Lrr1,IMPC_CSD_003,Combined SHIRPA and Dysmorphology,tremors,kept,non-acoustic MP term from mixed procedure
Cdkn2aip,IMPC_ACS_003,Acoustic Startle and Pre-pulse Inhibition (PPI),increased startle reflex,removed,fully acoustic procedure
Tprn,IMPC_ABR_002,Auditory Brain Stem Response,abnormal auditory brainstem response,removed,fully acoustic procedure
Mmp2,IMPC_ACS_003,Acoustic Startle and Pre-pulse Inhibition (PPI),decreased prepulse inhibition,removed,fully acoustic procedure
Kcnq3,IMPC_CSD_003,Combined SHIRPA and Dysmorphology,increased exploration in new environment,kept,non-acoustic MP term from mixed procedure
Irgc,IMPC_ACS_003,Acoustic Startle and Pre-pulse Inhibition (PPI),decreased prepulse inhibition,removed,fully acoustic procedure
Dusp18,JAXLA_CSD_003,Combined SHIRPA and Dysmorphology,abnormal coat/hair pigmentation,kept,non-acoustic MP term from mixed procedure
Crybg1,IMPC_ACS_003,Acoustic Startle and Pre-pulse Inhibition (PPI),decreased prepulse inhibition,removed,fully acoustic procedure
Relch,IMPC_ABR_002,Auditory Brain Stem Response,abnormal auditory brainstem response,removed,fully acoustic procedure
Ift74,IMPC_ACS_003,Acoustic Startle and Pre-pulse Inhibition (PPI),increased startle reflex,removed,fully acoustic procedure
Cdh23,MGP_CSD_001,Combined SHIRPA and Dysmorphology,stereotypic behavior,kept,non-acoustic MP term from mixed procedure
Tpcn2,ESLIM_008_001,Modified SHIRPA,abnormal vocalization,kept,non-acoustic MP term from mixed procedure
Itga11,IMPC_CSD_003,Combined SHIRPA and Dysmorphology,tremors,kept,non-acoustic MP term from mixed procedure
Marveld2,IMPC_ABR_002,Auditory Brain Stem Response,abnormal auditory brainstem response,removed,fully acoustic procedure
Ppfia3,IMPC_CSD_001,Combined SHIRPA and Dysmorphology,abnormal vocalization,kept,non-acoustic MP term from mixed procedure
Ascc3,ESLIM_011_001,Acoustic Startle&PPI,increased startle reflex,removed,fully acoustic procedure
Kptn,M-G-P_008_001,Modified SHIRPA,abnormal tail movements,kept,non-acoustic MP term from mixed procedure
Kif13a,IMPC_ACS_003,Acoustic Startle and Pre-pulse Inhibition (PPI),decreased prepulse inhibition,removed,fully acoustic procedure
Mysm1,ESLIM_008_001,Modified SHIRPA,decreased locomotor activity,kept,non-acoustic MP term from mixed procedure
Abcb4,ESLIM_011_001,Acoustic Startle&PPI,increased startle reflex,removed,fully acoustic procedure
Qsox1,KMPCLA_CSD_003,Combined SHIRPA and Dysmorphology,abnormal coat/hair pigmentation,kept,non-acoustic MP term from mixed procedure
Pkmyt1,IMPC_CSD_001,Combined SHIRPA and Dysmorphology,abnormal vocalization,kept,non-acoustic MP term from mixed procedure
Far2,IMPC_CSD_003,Combined SHIRPA and Dysmorphology,abnormal coat appearance,kept,non-acoustic MP term from mixed procedure
Bms1,IMPC_CSD_002,Combined SHIRPA and Dysmorphology,abnormal coat/hair pigmentation,kept,non-acoustic MP term from mixed procedure
Plaat1,IMPC_ABR_002,Auditory Brain Stem Response,abnormal auditory brainstem response,removed,fully acoustic procedure
Dnase1l2,IMPC_CSD_002,Combined SHIRPA and Dysmorphology,abnormal digit morphology,kept,non-acoustic MP term from mixed procedure
Slc4a10,IMPC_ACS_003,Acoustic Startle and Pre-pulse Inhibition (PPI),increased startle reflex,removed,fully acoustic procedure
Tmem240,IMPC_CSD_003,Combined SHIRPA and Dysmorphology,increased exploration in new environment,kept,non-acoustic MP term from mixed procedure
Elmo3,IMPC_ABR_002,Auditory Brain Stem Response,abnormal auditory brainstem response,removed,fully acoustic procedure
Lhx1,ESLIM_011_001,Acoustic Startle&PPI,increased startle reflex,removed,fully acoustic procedure
Dapl1,KMPCLA_CSD_003,Combined SHIRPA and Dysmorphology,abnormal coat/hair pigmentation,kept,non-acoustic MP term from mixed procedure
Smoc1,IMPC_CSD_003,Combined SHIRPA and Dysmorphology,abnormal gait,kept,non-acoustic MP term from mixed procedure
Crybg1,IMPC_ACS_003,Acoustic Startle and Pre-pulse Inhibition (PPI),decreased prepulse inhibition,removed,fully acoustic procedure
Smarcb1,IMPC_ACS_003,Acoustic Startle and Pre-pulse Inhibition (PPI),decreased prepulse inhibition,removed,fully acoustic procedure
Hsfy2,IMPC_ABR_002,Auditory Brain Stem Response,abnormal auditory brainstem response,removed,fully acoustic procedure
Gdf5,IMPC_CSD_003,Combined SHIRPA and Dysmorphology,abnormal forelimb morphology,kept,non-acoustic MP term from mixed procedure
Hbs1l,MGP_CSD_001,Combined SHIRPA and Dysmorphology,abnormal snout morphology,kept,non-acoustic MP term from mixed procedure
Rundc3a,IMPC_ACS_003,Acoustic Startle and Pre-pulse Inhibition (PPI),decreased prepulse inhibition,removed,fully acoustic procedure
Ube3c,IMPC_ACS_003,Acoustic Startle and Pre-pulse Inhibition (PPI),decreased prepulse inhibition,removed,fully acoustic procedure
Phlpp2,IMPC_ACS_003,Acoustic Startle and Pre-pulse Inhibition (PPI),increased startle reflex,removed,fully acoustic procedure
Cep85l,IMPC_ACS_003,Acoustic Startle and Pre-pulse Inhibition (PPI),decreased prepulse inhibition,removed,fully acoustic procedure
Aktip,IMPC_CSD_003,Combined SHIRPA and Dysmorphology,abnormal gait,kept,non-acoustic MP term from mixed procedure
Dnase1,IMPC_ABR_002,Auditory Brain Stem Response,abnormal auditory brainstem response,removed,fully acoustic procedure
Ccdc30,IMPC_ACS_003,Acoustic Startle and Pre-pulse Inhibition (PPI),decreased prepulse inhibition,removed,fully acoustic procedure
Nalf1,IMPC_CSD_003,Combined SHIRPA and Dysmorphology,abnormal vocalization,kept,non-acoustic MP term from mixed procedure
Ctsj,IMPC_CSD_003,Combined SHIRPA and Dysmorphology,abnormal coat/hair pigmentation,kept,non-acoustic MP term from mixed procedure
Kcne1,IMPC_ABR_002,Auditory Brain Stem Response,abnormal auditory brainstem response,removed,fully acoustic procedure
Slc24a5,IMPC_CSD_003,Combined SHIRPA and Dysmorphology,abnormal coat/hair pigmentation,kept,non-acoustic MP term from mixed procedure
Cyba,MGP_CSD_001,Combined SHIRPA and Dysmorphology,trunk curl,kept,non-acoustic MP term from mixed procedure
Asphd1,IMPC_CSD_003,Combined SHIRPA and Dysmorphology,abnormal tail morphology,kept,non-acoustic MP term from mixed procedure
Mir96,IMPC_ABR_001,Auditory Brain Stem Response,abnormal auditory brainstem response,removed,fully acoustic procedure
Mccc2,IMPC_ACS_003,Acoustic Startle and Pre-pulse Inhibition (PPI),increased prepulse inhibition,removed,fully acoustic procedure
Nedd4,IMPC_CSD_003,Combined SHIRPA and Dysmorphology,tremors,kept,non-acoustic MP term from mixed procedure
Coq3,IMPC_CSD_001,Combined SHIRPA and Dysmorphology,abnormal vocalization,kept,non-acoustic MP term from mixed procedure
Xrcc5,IMPC_CSD_003,Combined SHIRPA and Dysmorphology,abnormal forelimb morphology,kept,non-acoustic MP term from mixed procedure
Sorbs2,IMPC_CSD_001,Combined SHIRPA and Dysmorphology,decreased exploration in new environment,kept,non-acoustic MP term from mixed procedure
Mpv17l2,IMPC_CSD_003,Combined SHIRPA and Dysmorphology,abnormal coat/hair pigmentation,kept,non-acoustic MP term from mixed procedure
Arhgef33,IMPC_CSD_003,Combined SHIRPA and Dysmorphology,abnormal coat appearance,kept,non-acoustic MP term from mixed procedure
Fbn2,IMPC_CSD_003,Combined SHIRPA and Dysmorphology,abnormal gait,kept,non-acoustic MP term from mixed procedure
Adrb2,IMPC_ABR_002,Auditory Brain Stem Response,abnormal auditory brainstem response,removed,fully acoustic procedure
Scamp2,IMPC_ABR_002,Auditory Brain Stem Response,abnormal auditory brainstem response,removed,fully acoustic procedure
Clrn2,IMPC_ABR_002,Auditory Brain Stem Response,abnormal auditory brainstem response,removed,fully acoustic procedure
Atf7,IMPC_ACS_003,Acoustic Startle and Pre-pulse Inhibition (PPI),decreased prepulse inhibition,removed,fully acoustic procedure
Cyp2c23,IMPC_CSD_003,Combined SHIRPA and Dysmorphology,limb grasping,kept,non-acoustic MP term from mixed procedure
Npr2,IMPC_CSD_003,Combined SHIRPA and Dysmorphology,abnormal tail length,kept,non-acoustic MP term from mixed procedure
Becn1,IMPC_ACS_003,Acoustic Startle and Pre-pulse Inhibition (PPI),increased startle reflex,removed,fully acoustic procedure
Ncor2,ESLIM_011_001,Acoustic Startle&PPI,increased prepulse inhibition,removed,fully acoustic procedure
Myo6,IMPC_CSD_003,Combined SHIRPA and Dysmorphology,abnormal behavior,kept,non-acoustic MP term from mixed procedure
Dapl1,KMPCLA_CSD_003,Combined SHIRPA and Dysmorphology,abnormal coat/hair pigmentation,kept,non-acoustic MP term from mixed procedure
Hook3,IMPC_ACS_003,Acoustic Startle and Pre-pulse Inhibition (PPI),decreased prepulse inhibition,removed,fully acoustic procedure
Epg5,IMPC_ACS_003,Acoustic Startle and Pre-pulse Inhibition (PPI),decreased prepulse inhibition,removed,fully acoustic procedure
Bcl2l15,IMPC_ACS_003,Acoustic Startle and Pre-pulse Inhibition (PPI),increased startle reflex,removed,fully acoustic procedure
Ngfr,IMPC_CSD_003,Combined SHIRPA and Dysmorphology,abnormal digit morphology,kept,non-acoustic MP term from mixed procedure
Idh1,IMPC_ACS_003,Acoustic Startle and Pre-pulse Inhibition (PPI),decreased prepulse inhibition,removed,fully acoustic procedure
Ptafr,IMPC_ABR_002,Auditory Brain Stem Response,abnormal auditory brainstem response,removed,fully acoustic procedure
Mroh4,MGP_CSD_001,Combined SHIRPA and Dysmorphology,abnormal coat appearance,kept,non-acoustic MP term from mixed procedure
Ctsk,IMPC_ACS_003,Acoustic Startle and Pre-pulse Inhibition (PPI),decreased prepulse inhibition,removed,fully acoustic procedure
Smoc1,IMPC_CSD_003,Combined SHIRPA and Dysmorphology,abnormal digit morphology,kept,non-acoustic MP term from mixed procedure
Nfic,IMPC_CSD_003,Combined SHIRPA and Dysmorphology,abnormal tooth morphology,kept,non-acoustic MP term from mixed procedure
Tesk2,IMPC_CSD_001,Combined SHIRPA and Dysmorphology,abnormal vocalization,kept,non-acoustic MP term from mixed procedure
Tomt,IMPC_CSD_003,Combined SHIRPA and Dysmorphology,head bobbing,kept,non-acoustic MP term from mixed procedure
Prmt1,ESLIM_008_001,Modified SHIRPA,limb grasping,kept,non-acoustic MP term from mixed procedure
Rprd1b,ESLIM_011_001,Acoustic Startle&PPI,increased startle reflex,removed,fully acoustic procedure
Iqsec3,IMPC_ACS_003,Acoustic Startle and Pre-pulse Inhibition (PPI),decreased prepulse inhibition,removed,fully acoustic procedure
Osbpl8,IMPC_ABR_002,Auditory Brain Stem Response,abnormal auditory brainstem response,removed,fully acoustic procedure
Twist1,IMPC_CSD_003,Combined SHIRPA and Dysmorphology,abnormal digit morphology,kept,non-acoustic MP term from mixed procedure
Slc6a3,IMPC_CSD_001,Combined SHIRPA and Dysmorphology,absent teeth,kept,non-acoustic MP term from mixed procedure
Dapl1,IMPC_CSD_003,Combined SHIRPA and Dysmorphology,decreased exploration in new environment,kept,non-acoustic MP term from mixed procedure
Cacna1b,IMPC_CSD_003,Combined SHIRPA and Dysmorphology,abnormal locomotor behavior,kept,non-acoustic MP term from mixed procedure
Ap4e1,IMPC_ACS_003,Acoustic Startle and Pre-pulse Inhibition (PPI),decreased prepulse inhibition,removed,fully acoustic procedure
Cdin1,IMPC_CSD_001,Combined SHIRPA and Dysmorphology,abnormal startle reflex,removed,acoustic MP term from mixed procedure
Tbl1xr1,HMGULA_SHI_001,SHIRPA,abnormal startle reflex,removed,acoustic MP term from mixed procedure
Nup153,IMPC_CSD_001,Combined SHIRPA and Dysmorphology,abnormal vocalization,kept,non-acoustic MP term from mixed procedure
Stard10,IMPC_ACS_003,Acoustic Startle and Pre-pulse Inhibition (PPI),decreased prepulse inhibition,removed,fully acoustic procedure
Frs2,IMPC_ABR_001,Auditory Brain Stem Response,abnormal auditory brainstem response,removed,fully acoustic procedure
Eya1,IMPC_ACS_003,Acoustic Startle and Pre-pulse Inhibition (PPI),decreased prepulse inhibition,removed,fully acoustic procedure
Trp53inp2,IMPC_ACS_003,Acoustic Startle and Pre-pulse Inhibition (PPI),decreased prepulse inhibition,removed,fully acoustic procedure
Elmod1,IMPC_ACS_003,Acoustic Startle and Pre-pulse Inhibition (PPI),decreased prepulse inhibition,removed,fully acoustic procedure
Dnaaf9,IMPC_ACS_003,Acoustic Startle and Pre-pulse Inhibition (PPI),decreased prepulse inhibition,removed,fully acoustic procedure
Rnf43,IMPC_ACS_003,Acoustic Startle and Pre-pulse Inhibition (PPI),decreased prepulse inhibition,removed,fully acoustic procedure
Dnase1l2,JAXLA_CSD_003,Combined SHIRPA and Dysmorphology,abnormal coat/hair pigmentation,kept,non-acoustic MP term from mixed procedure
Carmil2,IMPC_CSD_003,Combined SHIRPA and Dysmorphology,abnormal coat/hair pigmentation,kept,non-acoustic MP term from mixed procedure
Slc5a7,MGP_CSD_001,Combined SHIRPA and Dysmorphology,abnormal hair growth,kept,non-acoustic MP term from mixed procedure
Otogl,JAXLA_CSD_003,Combined SHIRPA and Dysmorphology,abnormal vocalization,kept,non-acoustic MP term from mixed procedure
Sema3f,IMPC_CSD_003,Combined SHIRPA and Dysmorphology,limb grasping,kept,non-acoustic MP term from mixed procedure
Acads,IMPC_CSD_002,Combined SHIRPA and Dysmorphology,abnormal gait,kept,non-acoustic MP term from mixed procedure
Fbxo48,IMPC_ABR_002,Auditory Brain Stem Response,abnormal auditory brainstem response,removed,fully acoustic procedure
Atp8a1,ESLIM_011_001,Acoustic Startle&PPI,increased startle reflex,removed,fully acoustic procedure
Acer1,MGP_CSD_001,Combined SHIRPA and Dysmorphology,abnormal hair growth,kept,non-acoustic MP term from mixed procedure
Ccdc9b,IMPC_CSD_003,Combined SHIRPA and Dysmorphology,decreased exploration in new environment,kept,non-acoustic MP term from mixed procedure
Dbn1,IMPC_ACS_003,Acoustic Startle and Pre-pulse Inhibition (PPI),increased prepulse inhibition,removed,fully acoustic procedure
Adamts2,IMPC_CSD_003,Combined SHIRPA and Dysmorphology,abnormal skin morphology,kept,non-acoustic MP term from mixed procedure
Igsf11,JAXLA_CSD_003,Combined SHIRPA and Dysmorphology,impaired righting response,kept,non-acoustic MP term from mixed procedure
Tas2r138,IMPC_CSD_003,Combined SHIRPA and Dysmorphology,limb grasping,kept,non-acoustic MP term from mixed procedure
Lonp1,IMPC_ACS_003,Acoustic Startle and Pre-pulse Inhibition (PPI),decreased prepulse inhibition,removed,fully acoustic procedure
Usp53,IMPC_ABR_002,Auditory Brain Stem Response,abnormal auditory brainstem response,removed,fully acoustic procedure
Myo7a,MGP_CSD_001,Combined SHIRPA and Dysmorphology,impaired righting response,kept,non-acoustic MP term from mixed procedure
Hoxc12,IMPC_CSD_001,Combined SHIRPA and Dysmorphology,tremors,kept,non-acoustic MP term from mixed procedure
Synm,IMPC_CSD_003,Combined SHIRPA and Dysmorphology,abnormal vocalization,kept,non-acoustic MP term from mixed procedure
Hnrnph2,IMPC_CSD_001,Combined SHIRPA and Dysmorphology,abnormal coat/hair pigmentation,kept,non-acoustic MP term from mixed procedure
Cabp2,IMPC_ABR_002,Auditory Brain Stem Response,abnormal auditory brainstem response,removed,fully acoustic procedure
Prdm5,IMPC_ABR_002,Auditory Brain Stem Response,abnormal auditory brainstem response,removed,fully acoustic procedure
Acy1,JAXLA_CSD_003,Combined SHIRPA and Dysmorphology,abnormal coat/hair pigmentation,kept,non-acoustic MP term from mixed procedure
Prkab1,MGP_CSD_001,Combined SHIRPA and Dysmorphology,absent pinna reflex,removed,acoustic MP term from mixed procedure
Dnase1l2,IMPC_CSD_003,Combined SHIRPA and Dysmorphology,abnormal digit morphology,kept,non-acoustic MP term from mixed procedure
Snx14,IMPC_ACS_003,Acoustic Startle and Pre-pulse Inhibition (PPI),decreased prepulse inhibition,removed,fully acoustic procedure
Ccdc88c,IMPC_ABR_002,Auditory Brain Stem Response,abnormal auditory brainstem response,removed,fully acoustic procedure
Dtx1,IMPC_ACS_003,Acoustic Startle and Pre-pulse Inhibition (PPI),decreased prepulse inhibition,removed,fully acoustic procedure
Anapc13,IMPC_CSD_003,Combined SHIRPA and Dysmorphology,abnormal skin coloration,kept,non-acoustic MP term from mixed procedure
Fancl,IMPC_CSD_002,Combined SHIRPA and Dysmorphology,abnormal coat/hair pigmentation,kept,non-acoustic MP term from mixed procedure
Dnase1l2,IMPC_CSD_002,Combined SHIRPA and Dysmorphology,abnormal autopod morphology,kept,non-acoustic MP term from mixed procedure
Ap4e1,IMPC_ACS_003,Acoustic Startle and Pre-pulse Inhibition (PPI),increased prepulse inhibition,removed,fully acoustic procedure
Mc1r,IMPC_CSD_003,Combined SHIRPA and Dysmorphology,abnormal coat/hair pigmentation,kept,non-acoustic MP term from mixed procedure
Ftl1,RBRCLA_CSD_003,Combined SHIRPA and Dysmorphology,abnormal tooth morphology,kept,non-acoustic MP term from mixed procedure
Klhdc1,IMPC_CSD_003,Combined SHIRPA and Dysmorphology,limb grasping,kept,non-acoustic MP term from mixed procedure
Prodh,IMPC_CSD_003,Combined SHIRPA and Dysmorphology,abnormal coat/hair pigmentation,kept,non-acoustic MP term from mixed procedure
Cimip1,IMPC_CSD_002,Combined SHIRPA and Dysmorphology,abnormal locomotor behavior,kept,non-acoustic MP term from mixed procedure
Hgsnat,IMPC_CSD_003,Combined SHIRPA and Dysmorphology,decreased exploration in new environment,kept,non-acoustic MP term from mixed procedure
Pcm1,IMPC_ACS_003,Acoustic Startle and Pre-pulse Inhibition (PPI),decreased prepulse inhibition,removed,fully acoustic procedure
Nr0b1,MGP_CSD_001,Combined SHIRPA and Dysmorphology,abnormal reproductive system morphology,kept,non-acoustic MP term from mixed procedure
Atxn7l3,IMPC_CSD_003,Combined SHIRPA and Dysmorphology,abnormal vocalization,kept,non-acoustic MP term from mixed procedure
Fgf2,IMPC_CSD_003,Combined SHIRPA and Dysmorphology,limb grasping,kept,non-acoustic MP term from mixed procedure
Runx2,IMPC_ACS_003,Acoustic Startle and Pre-pulse Inhibition (PPI),decreased prepulse inhibition,removed,fully acoustic procedure
Atp6ap1l,IMPC_CSD_002,Combined SHIRPA and Dysmorphology,abnormal tooth morphology,kept,non-acoustic MP term from mixed procedure
Gria1,IMPC_ACS_003,Acoustic Startle and Pre-pulse Inhibition (PPI),decreased prepulse inhibition,removed,fully acoustic procedure
Gipc3,IMPC_ACS_003,Acoustic Startle and Pre-pulse Inhibition (PPI),decreased startle reflex,removed,fully acoustic procedure
Lamb3,IMPC_CSD_003,Combined SHIRPA and Dysmorphology,abnormal tooth morphology,kept,non-acoustic MP term from mixed procedure
Hoxc13,IMPC_CSD_003,Combined SHIRPA and Dysmorphology,abnormal coat/hair pigmentation,kept,non-acoustic MP term from mixed procedure
Sez6l,IMPC_CSD_003,Combined SHIRPA and Dysmorphology,abnormal gait,kept,non-acoustic MP term from mixed procedure
Dct,IMPC_CSD_003,Combined SHIRPA and Dysmorphology,abnormal coat/hair pigmentation,kept,non-acoustic MP term from mixed procedure
Kcng3,IMPC_CSD_003,Combined SHIRPA and Dysmorphology,abnormal coat/hair pigmentation,kept,non-acoustic MP term from mixed procedure
Aldh2,ESLIM_008_001,Modified SHIRPA,abnormal startle reflex,removed,acoustic MP term from mixed procedure
Myo6,IMPC_CSD_003,Combined SHIRPA and Dysmorphology,head bobbing,kept,non-acoustic MP term from mixed procedure
Ripk3,IMPC_CSD_003,Combined SHIRPA and Dysmorphology,absent vibrissae,kept,non-acoustic MP term from mixed procedure
Gdf5,IMPC_CSD_003,Combined SHIRPA and Dysmorphology,abnormal digit morphology,kept,non-acoustic MP term from mixed procedure
Vdr,IMPC_CSD_002,Combined SHIRPA and Dysmorphology,abnormal coat/ hair morphology,kept,non-acoustic MP term from mixed procedure
Gdf5,IMPC_CSD_003,Combined SHIRPA and Dysmorphology,abnormal hindlimb morphology,kept,non-acoustic MP term from mixed procedure
Nmb,IMPC_CSD_003,Combined SHIRPA and Dysmorphology,limb grasping,kept,non-acoustic MP term from mixed procedure
Fbxo42,IMPC_ABR_002,Auditory Brain Stem Response,abnormal auditory brainstem response,removed,fully acoustic procedure
Fgf20,IMPC_CSD_003,Combined SHIRPA and Dysmorphology,abnormal startle reflex,removed,acoustic MP term from mixed procedure
Dnaaf9,IMPC_ACS_003,Acoustic Startle and Pre-pulse Inhibition (PPI),decreased prepulse inhibition,removed,fully acoustic procedure
Dbnl,IMPC_ABR_002,Auditory Brain Stem Response,abnormal auditory brainstem response,removed,fully acoustic procedure
Phf6,IMPC_ABR_002,Auditory Brain Stem Response,abnormal auditory brainstem response,removed,fully acoustic procedure
Ypel3,IMPC_CSD_003,Combined SHIRPA and Dysmorphology,abnormal startle reflex,removed,acoustic MP term from mixed procedure
Crip3,IMPC_CSD_003,Combined SHIRPA and Dysmorphology,decreased exploration in new environment,kept,non-acoustic MP term from mixed procedure
Zbtb42,IMPC_ACS_003,Acoustic Startle and Pre-pulse Inhibition (PPI),decreased prepulse inhibition,removed,fully acoustic procedure
Rcor3,IMPC_ABR_002,Auditory Brain Stem Response,abnormal auditory brainstem response,removed,fully acoustic procedure
Acy1,JAXLA_CSD_003,Combined SHIRPA and Dysmorphology,abnormal coat/hair pigmentation,kept,non-acoustic MP term from mixed procedure
Ensa,IMPC_ABR_002,Auditory Brain Stem Response,abnormal auditory brainstem response,removed,fully acoustic procedure
Ppfia2,IMPC_CSD_003,Combined SHIRPA and Dysmorphology,head bobbing,kept,non-acoustic MP term from mixed procedure
Banf1,IMPC_CSD_003,Combined SHIRPA and Dysmorphology,abnormal coat appearance,kept,non-acoustic MP term from mixed procedure
Tmtc4,IMPC_CSD_003,Combined SHIRPA and Dysmorphology,abnormal startle reflex,removed,acoustic MP term from mixed procedure
Eya1,IMPC_ACS_003,Acoustic Startle and Pre-pulse Inhibition (PPI),decreased prepulse inhibition,removed,fully acoustic procedure
Klhdc2,IMPC_CSD_003,Combined SHIRPA and Dysmorphology,abnormal snout morphology,kept,non-acoustic MP term from mixed procedure
Zc3h13,IMPC_CSD_001,Combined SHIRPA and Dysmorphology,abnormal coat/ hair morphology,kept,non-acoustic MP term from mixed procedure
Kcne1,IMPC_ACS_003,Acoustic Startle and Pre-pulse Inhibition (PPI),decreased prepulse inhibition,removed,fully acoustic procedure
Bcorl1,IMPC_CSD_003,Combined SHIRPA and Dysmorphology,absent teeth,kept,non-acoustic MP term from mixed procedure
1700012B09Rik,IMPC_CSD_003,Combined SHIRPA and Dysmorphology,abnormal skin coloration,kept,non-acoustic MP term from mixed procedure
Ddx59,IMPC_CSD_001,Combined SHIRPA and Dysmorphology,abnormal coat/hair pigmentation,kept,non-acoustic MP term from mixed procedure
Hbs1l,MGP_CSD_001,Combined SHIRPA and Dysmorphology,abnormal snout morphology,kept,non-acoustic MP term from mixed procedure
Ppfia4,BCMLA_CSD_003,Combined SHIRPA and Dysmorphology,abnormal behavior,kept,non-acoustic MP term from mixed procedure
Memo1,BCM_CSD_001,Combined SHIRPA and Dysmorphology,trunk curl,kept,non-acoustic MP term from mixed procedure
Sec62,IMPC_CSD_001,Combined SHIRPA and Dysmorphology,abnormal coat/hair pigmentation,kept,non-acoustic MP term from mixed procedure
Neurod2,IMPC_CSD_002,Combined SHIRPA and Dysmorphology,abnormal locomotor behavior,kept,non-acoustic MP term from mixed procedure
Ppp6c,IMPC_CSD_003,Combined SHIRPA and Dysmorphology,abnormal vocalization,kept,non-acoustic MP term from mixed procedure
Patj,JAXLA_CSD_003,Combined SHIRPA and Dysmorphology,abnormal startle reflex,removed,acoustic MP term from mixed procedure
Epb41l1,IMPC_CSD_001,Combined SHIRPA and Dysmorphology,abnormal locomotor behavior,kept,non-acoustic MP term from mixed procedure
Ubqln4,IMPC_ACS_003,Acoustic Startle and Pre-pulse Inhibition (PPI),decreased prepulse inhibition,removed,fully acoustic procedure
Aspa,IMPC_CSD_002,Combined SHIRPA and Dysmorphology,abnormal gait,kept,non-acoustic MP term from mixed procedure
Sdr42e1,IMPC_CSD_001,Combined SHIRPA and Dysmorphology,abnormal coat/ hair morphology,kept,non-acoustic MP term from mixed procedure
Rtn4rl2,IMPC_ABR_002,Auditory Brain Stem Response,abnormal auditory brainstem response,removed,fully acoustic procedure
Yipf1,ESLIM_011_001,Acoustic Startle&PPI,increased startle reflex,removed,fully acoustic procedure
Cdh23,MGP_CSD_001,Combined SHIRPA and Dysmorphology,impaired righting response,kept,non-acoustic MP term from mixed procedure
Agap1,MGP_CSD_001,Combined SHIRPA and Dysmorphology,abnormal snout morphology,kept,non-acoustic MP term from mixed procedure
Mir96,ESLIM_008_001,Modified SHIRPA,abnormal gait,kept,non-acoustic MP term from mixed procedure
Stk38,IMPC_ABR_002,Auditory Brain Stem Response,abnormal auditory brainstem response,removed,fully acoustic procedure
Wsb2,IMPC_CSD_002,Combined SHIRPA and Dysmorphology,abnormal tooth morphology,kept,non-acoustic MP term from mixed procedure
Cacna2d2,IMPC_CSD_003,Combined SHIRPA and Dysmorphology,tremors,kept,non-acoustic MP term from mixed procedure
Lmcd1,IMPC_ACS_003,Acoustic Startle and Pre-pulse Inhibition (PPI),decreased prepulse inhibition,removed,fully acoustic procedure
Rassf8,IMPC_CSD_003,Combined SHIRPA and Dysmorphology,abnormal coat/ hair morphology,kept,non-acoustic MP term from mixed procedure
Iqsec3,IMPC_ACS_003,Acoustic Startle and Pre-pulse Inhibition (PPI),decreased prepulse inhibition,removed,fully acoustic procedure
Wdsub1,IMPC_ACS_003,Acoustic Startle and Pre-pulse Inhibition (PPI),decreased startle reflex,removed,fully acoustic procedure
Slc17a8,IMPC_ACS_003,Acoustic Startle and Pre-pulse Inhibition (PPI),decreased prepulse inhibition,removed,fully acoustic procedure
Clca1,IMPC_CSD_003,Combined SHIRPA and Dysmorphology,abnormal vibrissa morphology,kept,non-acoustic MP term from mixed procedure
Rps6ka1,IMPC_ACS_003,Acoustic Startle and Pre-pulse Inhibition (PPI),decreased startle reflex,removed,fully acoustic procedure
Camsap3,MGP_CSD_001,Combined SHIRPA and Dysmorphology,absent pinna reflex,removed,acoustic MP term from mixed procedure
Dnase1l2,IMPC_CSD_003,Combined SHIRPA and Dysmorphology,abnormal digit morphology,kept,non-acoustic MP term from mixed procedure
Cox4i1,IMPC_CSD_003,Combined SHIRPA and Dysmorphology,increased exploration in new environment,kept,non-acoustic MP term from mixed procedure
Cyba,MGP_CSD_001,Combined SHIRPA and Dysmorphology,impaired righting response,kept,non-acoustic MP term from mixed procedure
Mir96,ESLIM_008_001,Modified SHIRPA,trunk curl,kept,non-acoustic MP term from mixed procedure
Cwh43,IMPC_CSD_003,Combined SHIRPA and Dysmorphology,abnormal locomotor behavior,kept,non-acoustic MP term from mixed procedure
Tmprss6,IMPC_ACS_003,Acoustic Startle and Pre-pulse Inhibition (PPI),decreased prepulse inhibition,removed,fully acoustic procedure
Rab5a,IMPC_ACS_003,Acoustic Startle and Pre-pulse Inhibition (PPI),increased startle reflex,removed,fully acoustic procedure
Gsta3,ESLIM_011_001,Acoustic Startle&PPI,increased startle reflex,removed,fully acoustic procedure
Pnma8b,IMPC_ACS_003,Acoustic Startle and Pre-pulse Inhibition (PPI),decreased prepulse inhibition,removed,fully acoustic procedure
Baiap2l2,IMPC_ABR_002,Auditory Brain Stem Response,abnormal auditory brainstem response,removed,fully acoustic procedure
Rtn4,IMPC_ACS_003,Acoustic Startle and Pre-pulse Inhibition (PPI),decreased startle reflex,removed,fully acoustic procedure
Agap1,IMPC_ABR_001,Auditory Brain Stem Response,abnormal auditory brainstem response,removed,fully acoustic procedure
Tap2,IMPC_CSD_003,Combined SHIRPA and Dysmorphology,abnormal skin coloration,kept,non-acoustic MP term from mixed procedure
Zfp719,IMPC_ABR_001,Auditory Brain Stem Response,abnormal auditory brainstem response,removed,fully acoustic procedure
Tmie,IMPC_CSD_001,Combined SHIRPA and Dysmorphology,abnormal coat/hair pigmentation,kept,non-acoustic MP term from mixed procedure
Fkbp10,ESLIM_011_001,Acoustic Startle&PPI,increased startle reflex,removed,fully acoustic procedure
Irx1,IMPC_CSD_003,Combined SHIRPA and Dysmorphology,limb grasping,kept,non-acoustic MP term from mixed procedure
Tulp3,IMPC_ACS_003,Acoustic Startle and Pre-pulse Inhibition (PPI),decreased prepulse inhibition,removed,fully acoustic procedure
Nr1d1,IMPC_CSD_003,Combined SHIRPA and Dysmorphology,tremors,kept,non-acoustic MP term from mixed procedure
Sel1l3,JAXLA_CSD_003,Combined SHIRPA and Dysmorphology,abnormal coat/hair pigmentation,kept,non-acoustic MP term from mixed procedure
Myo7a,MGP_CSD_001,Combined SHIRPA and Dysmorphology,impaired righting response,kept,non-acoustic MP term from mixed procedure
Epha10,IMPC_CSD_001,Combined SHIRPA and Dysmorphology,impaired righting response,kept,non-acoustic MP term from mixed procedure
Sbf1,IMPC_ACS_003,Acoustic Startle and Pre-pulse Inhibition (PPI),decreased prepulse inhibition,removed,fully acoustic procedure
Kdm3a,IMPC_ACS_003,Acoustic Startle and Pre-pulse Inhibition (PPI),decreased prepulse inhibition,removed,fully acoustic procedure
Cops7a,IMPC_ACS_003,Acoustic Startle and Pre-pulse Inhibition (PPI),decreased prepulse inhibition,removed,fully acoustic procedure
Ephx1,ESLIM_011_001,Acoustic Startle&PPI,increased startle reflex,removed,fully acoustic procedure
Fa2h,IMPC_CSD_003,Combined SHIRPA and Dysmorphology,abnormal coat/ hair morphology,kept,non-acoustic MP term from mixed procedure
L2hgdh,IMPC_CSD_003,Combined SHIRPA and Dysmorphology,decreased exploration in new environment,kept,non-acoustic MP term from mixed procedure
Mir96,IMPC_ABR_001,Auditory Brain Stem Response,abnormal auditory brainstem response,removed,fully acoustic procedure
Dct,IMPC_CSD_003,Combined SHIRPA and Dysmorphology,abnormal coat/hair pigmentation,kept,non-acoustic MP term from mixed procedure
Kcnj6,IMPC_CSD_003,Combined SHIRPA and Dysmorphology,impaired righting response,kept,non-acoustic MP term from mixed procedure
Zscan5b,IMPC_CSD_001,Combined SHIRPA and Dysmorphology,abnormal gait,kept,non-acoustic MP term from mixed procedure
Dguok,IMPC_CSD_001,Combined SHIRPA and Dysmorphology,decreased exploration in new environment,kept,non-acoustic MP term from mixed procedure
Wdfy1,IMPC_ABR_002,Auditory Brain Stem Response,abnormal auditory brainstem response,removed,fully acoustic procedure
Cyb5d1,IMPC_CSD_003,Combined SHIRPA and Dysmorphology,abnormal startle reflex,removed,acoustic MP term from mixed procedure
Usp30,IMPC_ABR_002,Auditory Brain Stem Response,abnormal auditory brainstem response,removed,fully acoustic procedure
Abcb9,IMPC_ACS_003,Acoustic Startle and Pre-pulse Inhibition (PPI),decreased prepulse inhibition,removed,fully acoustic procedure
Kcne1,IMPC_ACS_003,Acoustic Startle and Pre-pulse Inhibition (PPI),decreased startle reflex,removed,fully acoustic procedure
Abhd14b,IMPC_CSD_003,Combined SHIRPA and Dysmorphology,abnormal locomotor behavior,kept,non-acoustic MP term from mixed procedure
Zfp652,IMPC_ABR_002,Auditory Brain Stem Response,abnormal auditory brainstem response,removed,fully acoustic procedure
Pdgfra,IMPC_CSD_003,Combined SHIRPA and Dysmorphology,abnormal behavior,kept,non-acoustic MP term from mixed procedure
Tuft1,MGP_CSD_001,Combined SHIRPA and Dysmorphology,abnormal coat appearance,kept,non-acoustic MP term from mixed procedure
Prr15l,IMPC_CSD_003,Combined SHIRPA and Dysmorphology,abnormal vocalization,kept,non-acoustic MP term from mixed procedure
Tecpr2,JAXLA_CSD_003,Combined SHIRPA and Dysmorphology,abnormal vibrissa morphology,kept,non-acoustic MP term from mixed procedure
Ndrg1,IMPC_CSD_003,Combined SHIRPA and Dysmorphology,abnormal gait,kept,non-acoustic MP term from mixed procedure
Lsm12,IMPC_ABR_002,Auditory Brain Stem Response,abnormal auditory brainstem response,removed,fully acoustic procedure
Osbpl8,IMPC_ACS_003,Acoustic Startle and Pre-pulse Inhibition (PPI),decreased prepulse inhibition,removed,fully acoustic procedure
Abhd15,IMPC_ACS_003,Acoustic Startle and Pre-pulse Inhibition (PPI),increased startle reflex,removed,fully acoustic procedure
Rln3,IMPC_CSD_002,Combined SHIRPA and Dysmorphology,abnormal coat/hair pigmentation,kept,non-acoustic MP term from mixed procedure
Slc44a1,IMPC_CSD_003,Combined SHIRPA and Dysmorphology,abnormal coat appearance,kept,non-acoustic MP term from mixed procedure
Tnks2,IMPC_CSD_001,Combined SHIRPA and Dysmorphology,abnormal coat/hair pigmentation,kept,non-acoustic MP term from mixed procedure
Pmpca,IMPC_CSD_001,Combined SHIRPA and Dysmorphology,abnormal vocalization,kept,non-acoustic MP term from mixed procedure
Bcorl1,IMPC_CSD_003,Combined SHIRPA and Dysmorphology,abnormal snout morphology,kept,non-acoustic MP term from mixed procedure
Rab3gap1,IMPC_CSD_003,Combined SHIRPA and Dysmorphology,decreased exploration in new environment,kept,non-acoustic MP term from mixed procedure
Marveld2,IMPC_CSD_003,Combined SHIRPA and Dysmorphology,abnormal startle reflex,removed,acoustic MP term from mixed procedure
Runx2,IMPC_ACS_003,Acoustic Startle and Pre-pulse Inhibition (PPI),decreased prepulse inhibition,removed,fully acoustic procedure
Ube2m,IMPC_ACS_003,Acoustic Startle and Pre-pulse Inhibition (PPI),increased startle reflex,removed,fully acoustic procedure
Vdr,IMPC_CSD_002,Combined SHIRPA and Dysmorphology,abnormal coat/hair pigmentation,kept,non-acoustic MP term from mixed procedure
Syncrip,IMPC_ACS_003,Acoustic Startle and Pre-pulse Inhibition (PPI),increased startle reflex,removed,fully acoustic procedure
Agbl1,JAXLA_CSD_003,Combined SHIRPA and Dysmorphology,abnormal coat/hair pigmentation,kept,non-acoustic MP term from mixed procedure
Gtf2h3,IMPC_ABR_002,Auditory Brain Stem Response,abnormal auditory brainstem response,removed,fully acoustic procedure
Scrn1,IMPC_ACS_003,Acoustic Startle and Pre-pulse Inhibition (PPI),increased startle reflex,removed,fully acoustic procedure
Mysm1,ESLIM_008_001,Modified SHIRPA,abnormal gait,kept,non-acoustic MP term from mixed procedure
Hnrnpr,IMPC_CSD_002,Combined SHIRPA and Dysmorphology,decreased exploration in new environment,kept,non-acoustic MP term from mixed procedure
Hibadh,IMPC_CSD_003,Combined SHIRPA and Dysmorphology,abnormal skin coloration,kept,non-acoustic MP term from mixed procedure
2510009E07Rik,IMPC_CSD_003,Combined SHIRPA and Dysmorphology,abnormal snout morphology,kept,non-acoustic MP term from mixed procedure
Elmod1,IMPC_CSD_003,Combined SHIRPA and Dysmorphology,abnormal behavior,kept,non-acoustic MP term from mixed procedure
Camsap3,IMPC_ABR_001,Auditory Brain Stem Response,abnormal auditory brainstem response,removed,fully acoustic procedure
Rasal2,MGP_CSD_001,Combined SHIRPA and Dysmorphology,abnormal hair growth,kept,non-acoustic MP term from mixed procedure
Spryd3,ESLIM_011_001,Acoustic Startle&PPI,increased startle reflex,removed,fully acoustic procedure
Chn1,IMPC_CSD_001,Combined SHIRPA and Dysmorphology,impaired righting response,kept,non-acoustic MP term from mixed procedure
Adcy1,HRWLLA_CSD_003,Combined SHIRPA and Dysmorphology,abnormal coat/hair pigmentation,kept,non-acoustic MP term from mixed procedure
Ogfrl1,IMPC_CSD_003,Combined SHIRPA and Dysmorphology,abnormal coat/ hair morphology,kept,non-acoustic MP term from mixed procedure
Mgrn1,IMPC_CSD_003,Combined SHIRPA and Dysmorphology,abnormal coat/hair pigmentation,kept,non-acoustic MP term from mixed procedure
Med28,IMPC_ABR_002,Auditory Brain Stem Response,abnormal auditory brainstem response,removed,fully acoustic procedure
Psca,IMPC_CSD_003,Combined SHIRPA and Dysmorphology,abnormal skin coloration,kept,non-acoustic MP term from mixed procedure
Vgf,IMPC_ACS_003,Acoustic Startle and Pre-pulse Inhibition (PPI),decreased prepulse inhibition,removed,fully acoustic procedure
Otogl,IMPC_ABR_002,Auditory Brain Stem Response,abnormal auditory brainstem response,removed,fully acoustic procedure
Acy1,JAXLA_CSD_003,Combined SHIRPA and Dysmorphology,abnormal coat/hair pigmentation,kept,non-acoustic MP term from mixed procedure
Atp13a3,IMPC_ACS_003,Acoustic Startle and Pre-pulse Inhibition (PPI),increased startle reflex,removed,fully acoustic procedure
Mtmr3,IMPC_ACS_003,Acoustic Startle and Pre-pulse Inhibition (PPI),decreased prepulse inhibition,removed,fully acoustic procedure
Pgpep1,IMPC_ACS_003,Acoustic Startle and Pre-pulse Inhibition (PPI),increased startle reflex,removed,fully acoustic procedure
Ocm,MGP_CSD_001,Combined SHIRPA and Dysmorphology,absent pinna reflex,removed,acoustic MP term from mixed procedure
Nr1d2,ESLIM_008_001,Modified SHIRPA,abnormal locomotor activation,kept,non-acoustic MP term from mixed procedure
S100a1,IMPC_ABR_002,Auditory Brain Stem Response,abnormal auditory brainstem response,removed,fully acoustic procedure
Gsk3a,ESLIM_008_001,Modified SHIRPA,abnormal gait,kept,non-acoustic MP term from mixed procedure
Ffar2,IMPC_CSD_003,Combined SHIRPA and Dysmorphology,limb grasping,kept,non-acoustic MP term from mixed procedure
Slc17a8,IMPC_ACS_003,Acoustic Startle and Pre-pulse Inhibition (PPI),decreased prepulse inhibition,removed,fully acoustic procedure
Limk2,ESLIM_008_001,Modified SHIRPA,abnormal locomotor activation,kept,non-acoustic MP term from mixed procedure
Asic3,IMPC_ACS_003,Acoustic Startle and Pre-pulse Inhibition (PPI),decreased prepulse inhibition,removed,fully acoustic procedure
Klk15,IMPC_ACS_003,Acoustic Startle and Pre-pulse Inhibition (PPI),decreased prepulse inhibition,removed,fully acoustic procedure
Il1r2,IMPC_ABR_002,Auditory Brain Stem Response,abnormal auditory brainstem response,removed,fully acoustic procedure
Nudcd1,IMPC_ABR_002,Auditory Brain Stem Response,abnormal auditory brainstem response,removed,fully acoustic procedure
Pxdn,IMPC_CSD_001,Combined SHIRPA and Dysmorphology,abnormal coat/hair pigmentation,kept,non-acoustic MP term from mixed procedure
Trpv4,IMPC_CSD_003,Combined SHIRPA and Dysmorphology,abnormal skin coloration,kept,non-acoustic MP term from mixed procedure
Acy1,JAXLA_CSD_003,Combined SHIRPA and Dysmorphology,abnormal startle reflex,removed,acoustic MP term from mixed procedure
Spop,IMPC_ACS_003,Acoustic Startle and Pre-pulse Inhibition (PPI),decreased prepulse inhibition,removed,fully acoustic procedure
Clstn2,IMPC_CSD_001,Combined SHIRPA and Dysmorphology,limb grasping,kept,non-acoustic MP term from mixed procedure
Mier1,ESLIM_008_001,Modified SHIRPA,tremors,kept,non-acoustic MP term from mixed procedure
Hif1an,IMPC_ACS_003,Acoustic Startle and Pre-pulse Inhibition (PPI),decreased prepulse inhibition,removed,fully acoustic procedure
Tmtc4,IMPC_ABR_002,Auditory Brain Stem Response,abnormal auditory brainstem response,removed,fully acoustic procedure
Dbf4,IMPC_CSD_003,Combined SHIRPA and Dysmorphology,limb grasping,kept,non-acoustic MP term from mixed procedure
Hdgfl3,TCPLA_CSD_003,Combined SHIRPA and Dysmorphology,increased exploration in new environment,kept,non-acoustic MP term from mixed procedure
Tomt,IMPC_ABR_002,Auditory Brain Stem Response,abnormal auditory brainstem response,removed,fully acoustic procedure
Elmod1,ESLIM_008_001,Modified SHIRPA,abnormal response to tactile stimuli,kept,non-acoustic MP term from mixed procedure
Tmem79,IMPC_CSD_001,Combined SHIRPA and Dysmorphology,abnormal coat appearance,kept,non-acoustic MP term from mixed procedure
Lmod3,IMPC_CSD_003,Combined SHIRPA and Dysmorphology,abnormal startle reflex,removed,acoustic MP term from mixed procedure
Thra,IMPC_ACS_003,Acoustic Startle and Pre-pulse Inhibition (PPI),increased startle reflex,removed,fully acoustic procedure
Krt35,KMPCLA_CSD_003,Combined SHIRPA and Dysmorphology,abnormal coat/hair pigmentation,kept,non-acoustic MP term from mixed procedure
Kcnj12,ESLIM_011_001,Acoustic Startle&PPI,increased startle reflex,removed,fully acoustic procedure
Spn,IMPC_CSD_003,Combined SHIRPA and Dysmorphology,abnormal locomotor behavior,kept,non-acoustic MP term from mixed procedure
Osbpl8,IMPC_ACS_003,Acoustic Startle and Pre-pulse Inhibition (PPI),decreased prepulse inhibition,removed,fully acoustic procedure
Pacs2,ESLIM_011_001,Acoustic Startle&PPI,increased startle reflex,removed,fully acoustic procedure
Ppfia2,IMPC_CSD_003,Combined SHIRPA and Dysmorphology,abnormal gait,kept,non-acoustic MP term from mixed procedure
Dym,IMPC_ACS_003,Acoustic Startle and Pre-pulse Inhibition (PPI),decreased prepulse inhibition,removed,fully acoustic procedure
Fgf20,IMPC_CSD_003,Combined SHIRPA and Dysmorphology,abnormal nail morphology,kept,non-acoustic MP term from mixed procedure
Lmod3,IMPC_ACS_003,Acoustic Startle and Pre-pulse Inhibition (PPI),decreased prepulse inhibition,removed,fully acoustic procedure
Morc2a,IMPC_CSD_003,Combined SHIRPA and Dysmorphology,abnormal gait,kept,non-acoustic MP term from mixed procedure
Pitx2,IMPC_CSD_003,Combined SHIRPA and Dysmorphology,abnormal tooth morphology,kept,non-acoustic MP term from mixed procedure
Hexb,IMPC_CSD_003,Combined SHIRPA and Dysmorphology,abnormal locomotor behavior,kept,non-acoustic MP term from mixed procedure
Itsn1,IMPC_CSD_003,Combined SHIRPA and Dysmorphology,limb grasping,kept,non-acoustic MP term from mixed procedure
Tulp3,IMPC_ACS_003,Acoustic Startle and Pre-pulse Inhibition (PPI),decreased prepulse inhibition,removed,fully acoustic procedure
Art1,IMPC_CSD_003,Combined SHIRPA and Dysmorphology,decreased exploration in new environment,kept,non-acoustic MP term from mixed procedure
Plod2,JAXLA_CSD_003,Combined SHIRPA and Dysmorphology,limb grasping,kept,non-acoustic MP term from mixed procedure
Lmod3,IMPC_ACS_003,Acoustic Startle and Pre-pulse Inhibition (PPI),decreased prepulse inhibition,removed,fully acoustic procedure
Dop1b,MGP_CSD_001,Combined SHIRPA and Dysmorphology,abnormal coat appearance,kept,non-acoustic MP term from mixed procedure
Tox,IMPC_ABR_002,Auditory Brain Stem Response,abnormal auditory brainstem response,removed,fully acoustic procedure
Secisbp2l,IMPC_ABR_002,Auditory Brain Stem Response,abnormal auditory brainstem response,removed,fully acoustic procedure
Kcnj16,ESLIM_008_001,Modified SHIRPA,abnormal startle reflex,removed,acoustic MP term from mixed procedure
Sun1,IMPC_ACS_003,Acoustic Startle and Pre-pulse Inhibition (PPI),decreased prepulse inhibition,removed,fully acoustic procedure
Myo6,IMPC_ABR_002,Auditory Brain Stem Response,abnormal auditory brainstem response,removed,fully acoustic procedure
Gzf1,IMPC_ABR_002,Auditory Brain Stem Response,abnormal auditory brainstem response,removed,fully acoustic procedure
Clrn1,IMPC_CSD_003,Combined SHIRPA and Dysmorphology,abnormal vibrissa morphology,kept,non-acoustic MP term from mixed procedure
Bcl7a,BCM_CSD_001,Combined SHIRPA and Dysmorphology,abnormal skin coloration,kept,non-acoustic MP term from mixed procedure
Ube2a,IMPC_ACS_003,Acoustic Startle and Pre-pulse Inhibition (PPI),increased startle reflex,removed,fully acoustic procedure
Frrs1l,IMPC_CSD_003,Combined SHIRPA and Dysmorphology,absent vibrissae,kept,non-acoustic MP term from mixed procedure
Tuft1,MGP_CSD_001,Combined SHIRPA and Dysmorphology,abnormal vibrissa morphology,kept,non-acoustic MP term from mixed procedure
Shh,ESLIM_008_001,Modified SHIRPA,limb grasping,kept,non-acoustic MP term from mixed procedure
Crcp,IMPC_CSD_003,Combined SHIRPA and Dysmorphology,abnormal head morphology,kept,non-acoustic MP term from mixed procedure
Rhbdf2,MGP_CSD_001,Combined SHIRPA and Dysmorphology,abnormal coat appearance,kept,non-acoustic MP term from mixed procedure
Dcp2,IMPC_CSD_003,Combined SHIRPA and Dysmorphology,abnormal coat/hair pigmentation,kept,non-acoustic MP term from mixed procedure
Sun1,IMPC_ABR_002,Auditory Brain Stem Response,abnormal auditory brainstem response,removed,fully acoustic procedure
Pjvk,IMPC_ACS_003,Acoustic Startle and Pre-pulse Inhibition (PPI),decreased prepulse inhibition,removed,fully acoustic procedure
Il2rb,IMPC_CSD_003,Combined SHIRPA and Dysmorphology,abnormal coat/ hair morphology,kept,non-acoustic MP term from mixed procedure
Dtx1,IMPC_ACS_003,Acoustic Startle and Pre-pulse Inhibition (PPI),decreased prepulse inhibition,removed,fully acoustic procedure
Ptchd1,IMPC_ABR_002,Auditory Brain Stem Response,abnormal auditory brainstem response,removed,fully acoustic procedure
Phldb3,IMPC_ABR_002,Auditory Brain Stem Response,abnormal auditory brainstem response,removed,fully acoustic procedure
5031439G07Rik,IMPC_ACS_003,Acoustic Startle and Pre-pulse Inhibition (PPI),increased prepulse inhibition,removed,fully acoustic procedure
Sox21,IMPC_CSD_003,Combined SHIRPA and Dysmorphology,abnormal coat/ hair morphology,kept,non-acoustic MP term from mixed procedure
Dlg4,M-G-P_008_001,Modified SHIRPA,decreased exploration in new environment,kept,non-acoustic MP term from mixed procedure
Epg5,IMPC_ACS_003,Acoustic Startle and Pre-pulse Inhibition (PPI),decreased prepulse inhibition,removed,fully acoustic procedure
Kctd17,IMPC_CSD_003,Combined SHIRPA and Dysmorphology,absent vibrissae,kept,non-acoustic MP term from mixed procedure
Rhbdf2,MGP_CSD_001,Combined SHIRPA and Dysmorphology,abnormal coat appearance,kept,non-acoustic MP term from mixed procedure
Bap1,IMPC_CSD_002,Combined SHIRPA and Dysmorphology,abnormal vocalization,kept,non-acoustic MP term from mixed procedure
Dct,IMPC_CSD_003,Combined SHIRPA and Dysmorphology,abnormal coat/hair pigmentation,kept,non-acoustic MP term from mixed procedure
Duoxa2,IMPC_ABR_001,Auditory Brain Stem Response,abnormal auditory brainstem response,removed,fully acoustic procedure
Sec61a2,IMPC_ACS_003,Acoustic Startle and Pre-pulse Inhibition (PPI),increased startle reflex,removed,fully acoustic procedure
Senp7,IMPC_CSD_002,Combined SHIRPA and Dysmorphology,abnormal coat/hair pigmentation,kept,non-acoustic MP term from mixed procedure
Edem3,IMPC_CSD_003,Combined SHIRPA and Dysmorphology,abnormal coat/hair pigmentation,kept,non-acoustic MP term from mixed procedure
Dtnbp1,IMPC_CSD_003,Combined SHIRPA and Dysmorphology,abnormal coat/hair pigmentation,kept,non-acoustic MP term from mixed procedure
Sema3f,IMPC_CSD_003,Combined SHIRPA and Dysmorphology,abnormal gait,kept,non-acoustic MP term from mixed procedure
Slc5a5,JAXLA_CSD_003,Combined SHIRPA and Dysmorphology,tremors,kept,non-acoustic MP term from mixed procedure
Ky,IMPC_CSD_003,Combined SHIRPA and Dysmorphology,tremors,kept,non-acoustic MP term from mixed procedure
Mcidas,IMPC_ACS_003,Acoustic Startle and Pre-pulse Inhibition (PPI),decreased prepulse inhibition,removed,fully acoustic procedure
Zbtb5,IMPC_ACS_003,Acoustic Startle and Pre-pulse Inhibition (PPI),increased startle reflex,removed,fully acoustic procedure
Slc38a10,ESLIM_008_001,Modified SHIRPA,abnormal startle reflex,removed,acoustic MP term from mixed procedure
Adgrv1,IMPC_ACS_003,Acoustic Startle and Pre-pulse Inhibition (PPI),decreased startle reflex,removed,fully acoustic procedure
E2f3,KMPCLA_CSD_003,Combined SHIRPA and Dysmorphology,abnormal head morphology,kept,non-acoustic MP term from mixed procedure
Ndrg1,IMPC_ACS_003,Acoustic Startle and Pre-pulse Inhibition (PPI),decreased prepulse inhibition,removed,fully acoustic procedure
Smarcb1,IMPC_ACS_003,Acoustic Startle and Pre-pulse Inhibition (PPI),decreased prepulse inhibition,removed,fully acoustic procedure
Bmpr1b,IMPC_CSD_003,Combined SHIRPA and Dysmorphology,abnormal autopod morphology,kept,non-acoustic MP term from mixed procedure
Clec3a,IMPC_CSD_001,Combined SHIRPA and Dysmorphology,absent vibrissae,kept,non-acoustic MP term from mixed procedure
Elmod1,ESLIM_008_001,Modified SHIRPA,abnormal locomotor activation,kept,non-acoustic MP term from mixed procedure
Dhx9,IMPC_ACS_003,Acoustic Startle and Pre-pulse Inhibition (PPI),decreased prepulse inhibition,removed,fully acoustic procedure
Nin,IMPC_ABR_002,Auditory Brain Stem Response,abnormal auditory brainstem response,removed,fully acoustic procedure
Vdr,IMPC_CSD_002,Combined SHIRPA and Dysmorphology,abnormal head morphology,kept,non-acoustic MP term from mixed procedure
Myh1,IMPC_ACS_003,Acoustic Startle and Pre-pulse Inhibition (PPI),decreased prepulse inhibition,removed,fully acoustic procedure
Dnmbp,IMPC_ABR_002,Auditory Brain Stem Response,abnormal auditory brainstem response,removed,fully acoustic procedure
Klra7,IMPC_CSD_003,Combined SHIRPA and Dysmorphology,limb grasping,kept,non-acoustic MP term from mixed procedure
Frrs1l,IMPC_CSD_003,Combined SHIRPA and Dysmorphology,abnormal locomotor behavior,kept,non-acoustic MP term from mixed procedure
Lrrn3,KMPCLA_CSD_003,Combined SHIRPA and Dysmorphology,abnormal coat/hair pigmentation,kept,non-acoustic MP term from mixed procedure
Tap1,IMPC_ACS_003,Acoustic Startle and Pre-pulse Inhibition (PPI),increased startle reflex,removed,fully acoustic procedure
Mlx,IMPC_ACS_003,Acoustic Startle and Pre-pulse Inhibition (PPI),increased startle reflex,removed,fully acoustic procedure
Hmox2,IMPC_CSD_003,Combined SHIRPA and Dysmorphology,abnormal gait,kept,non-acoustic MP term from mixed procedure
Arih1,IMPC_ACS_003,Acoustic Startle and Pre-pulse Inhibition (PPI),decreased prepulse inhibition,removed,fully acoustic procedure
Tesk2,IMPC_CSD_001,Combined SHIRPA and Dysmorphology,abnormal coat/hair pigmentation,kept,non-acoustic MP term from mixed procedure
Adgrv1,IMPC_CSD_003,Combined SHIRPA and Dysmorphology,abnormal startle reflex,removed,acoustic MP term from mixed procedure
Gal3st1,IMPC_ACS_003,Acoustic Startle and Pre-pulse Inhibition (PPI),decreased prepulse inhibition,removed,fully acoustic procedure
Phf3,IMPC_ABR_002,Auditory Brain Stem Response,abnormal auditory brainstem response,removed,fully acoustic procedure
Itgb8,IMPC_CSD_003,Combined SHIRPA and Dysmorphology,abnormal skin coloration,kept,non-acoustic MP term from mixed procedure
Mtarc2,ESLIM_011_001,Acoustic Startle&PPI,increased startle reflex,removed,fully acoustic procedure
Gdf5,IMPC_CSD_003,Combined SHIRPA and Dysmorphology,abnormal digit morphology,kept,non-acoustic MP term from mixed procedure
Mir96,MGP_CSD_001,Combined SHIRPA and Dysmorphology,trunk curl,kept,non-acoustic MP term from mixed procedure
Krtap8-1,IMPC_ACS_003,Acoustic Startle and Pre-pulse Inhibition (PPI),decreased startle reflex,removed,fully acoustic procedure
Fbxo11,ESLIM_011_001,Acoustic Startle&PPI,increased startle reflex,removed,fully acoustic procedure
Dhx30,IMPC_ACS_003,Acoustic Startle and Pre-pulse Inhibition (PPI),increased startle reflex,removed,fully acoustic procedure
Dph6,MGP_CSD_001,Combined SHIRPA and Dysmorphology,abnormal coat/hair pigmentation,kept,non-acoustic MP term from mixed procedure
Ldlr,IMPC_ABR_002,Auditory Brain Stem Response,abnormal auditory brainstem response,removed,fully acoustic procedure
Dnase1l2,IMPC_CSD_002,Combined SHIRPA and Dysmorphology,abnormal digit morphology,kept,non-acoustic MP term from mixed procedure
Otog,IMPC_ABR_002,Auditory Brain Stem Response,abnormal auditory brainstem response,removed,fully acoustic procedure
Tmprss6,IMPC_CSD_003,Combined SHIRPA and Dysmorphology,abnormal coat/hair pigmentation,kept,non-acoustic MP term from mixed procedure
Pfas,IMPC_CSD_001,Combined SHIRPA and Dysmorphology,abnormal coat/hair pigmentation,kept,non-acoustic MP term from mixed procedure
4930558K02Rik,IMPC_CSD_001,Combined SHIRPA and Dysmorphology,abnormal coat/ hair morphology,kept,non-acoustic MP term from mixed procedure
Duoxa2,MGP_CSD_001,Combined SHIRPA and Dysmorphology,abnormal snout morphology,kept,non-acoustic MP term from mixed procedure
Mir96,MGP_CSD_001,Combined SHIRPA and Dysmorphology,impaired righting response,kept,non-acoustic MP term from mixed procedure
Stac2,IMPC_ACS_003,Acoustic Startle and Pre-pulse Inhibition (PPI),decreased prepulse inhibition,removed,fully acoustic procedure
Afap1l2,IMPC_ABR_002,Auditory Brain Stem Response,abnormal auditory brainstem response,removed,fully acoustic procedure
Lepr,IMPC_CSD_003,Combined SHIRPA and Dysmorphology,limb grasping,kept,non-acoustic MP term from mixed procedure
Dnmbp,IMPC_ACS_003,Acoustic Startle and Pre-pulse Inhibition (PPI),increased prepulse inhibition,removed,fully acoustic procedure
Klc2,IMPC_ABR_001,Auditory Brain Stem Response,abnormal auditory brainstem response,removed,fully acoustic procedure
Hnrnpab,IMPC_ACS_003,Acoustic Startle and Pre-pulse Inhibition (PPI),decreased prepulse inhibition,removed,fully acoustic procedure
Rundc3a,IMPC_ACS_003,Acoustic Startle and Pre-pulse Inhibition (PPI),decreased prepulse inhibition,removed,fully acoustic procedure
Mtarc2,ESLIM_011_001,Acoustic Startle&PPI,increased startle reflex,removed,fully acoustic procedure
Mir96,MGP_CSD_001,Combined SHIRPA and Dysmorphology,trunk curl,kept,non-acoustic MP term from mixed procedure
Fbxo11,ESLIM_011_001,Acoustic Startle&PPI,increased startle reflex,removed,fully acoustic procedure
Elmod1,IMPC_CSD_003,Combined SHIRPA and Dysmorphology,trunk curl,kept,non-acoustic MP term from mixed procedure
Epg5,IMPC_ACS_003,Acoustic Startle and Pre-pulse Inhibition (PPI),decreased prepulse inhibition,removed,fully acoustic procedure
Prdm5,IMPC_ABR_002,Auditory Brain Stem Response,abnormal auditory brainstem response,removed,fully acoustic procedure
C1qc,JAXLA_CSD_003,Combined SHIRPA and Dysmorphology,absent vibrissae,kept,non-acoustic MP term from mixed procedure
Cacnb4,ESLIM_011_001,Acoustic Startle&PPI,increased startle reflex,removed,fully acoustic procedure
Tubb2a,JAXLA_CSD_003,Combined SHIRPA and Dysmorphology,abnormal vocalization,kept,non-acoustic MP term from mixed procedure
Nnt,IMPC_CSD_003,Combined SHIRPA and Dysmorphology,abnormal gait,kept,non-acoustic MP term from mixed procedure
Klhdc2,ESLIM_008_001,Modified SHIRPA,tremors,kept,non-acoustic MP term from mixed procedure
Cox5b,IMPC_CSD_003,Combined SHIRPA and Dysmorphology,abnormal skin coloration,kept,non-acoustic MP term from mixed procedure
Xylt1,IMPC_CSD_001,Combined SHIRPA and Dysmorphology,abnormal vocalization,kept,non-acoustic MP term from mixed procedure
Dnajb11,IMPC_ACS_003,Acoustic Startle and Pre-pulse Inhibition (PPI),increased startle reflex,removed,fully acoustic procedure
Tmem68,ESLIM_008_001,Modified SHIRPA,abnormal response to tactile stimuli,kept,non-acoustic MP term from mixed procedure
Masp1,IMPC_CSD_003,Combined SHIRPA and Dysmorphology,abnormal vocalization,kept,non-acoustic MP term from mixed procedure
Mysm1,ESLIM_008_001,Modified SHIRPA,abnormal gait,kept,non-acoustic MP term from mixed procedure
Myo1d,IMPC_ABR_002,Auditory Brain Stem Response,abnormal auditory brainstem response,removed,fully acoustic procedure
Lmod3,IMPC_CSD_003,Combined SHIRPA and Dysmorphology,abnormal coat/hair pigmentation,kept,non-acoustic MP term from mixed procedure
Ngfr,ESLIM_011_001,Acoustic Startle&PPI,increased startle reflex,removed,fully acoustic procedure
Tmie,IMPC_CSD_001,Combined SHIRPA and Dysmorphology,abnormal startle reflex,removed,acoustic MP term from mixed procedure
Sox13,ESLIM_011_001,Acoustic Startle&PPI,increased startle reflex,removed,fully acoustic procedure
Clcn1,IMPC_CSD_003,Combined SHIRPA and Dysmorphology,tremors,kept,non-acoustic MP term from mixed procedure
Atg4b,IMPC_ABR_002,Auditory Brain Stem Response,abnormal auditory brainstem response,removed,fully acoustic procedure
Cabp2,IMPC_ABR_002,Auditory Brain Stem Response,abnormal auditory brainstem response,removed,fully acoustic procedure
Pip5k1c,IMPC_CSD_003,Combined SHIRPA and Dysmorphology,increased exploration in new environment,kept,non-acoustic MP term from mixed procedure
Dpp4,IMPC_ABR_002,Auditory Brain Stem Response,abnormal auditory brainstem response,removed,fully acoustic procedure
Rhbdf2,MGP_CSD_001,Combined SHIRPA and Dysmorphology,abnormal coat appearance,kept,non-acoustic MP term from mixed procedure
Zfp719,IMPC_ABR_001,Auditory Brain Stem Response,abnormal auditory brainstem response,removed,fully acoustic procedure
Limk2,ESLIM_011_001,Acoustic Startle&PPI,increased startle reflex,removed,fully acoustic procedure
Gipr,BCMLA_CSD_003,Combined SHIRPA and Dysmorphology,abnormal gait,kept,non-acoustic MP term from mixed procedure
Pus1,IMPC_CSD_001,Combined SHIRPA and Dysmorphology,abnormal vocalization,kept,non-acoustic MP term from mixed procedure
Septin8,ESLIM_011_001,Acoustic Startle&PPI,increased startle reflex,removed,fully acoustic procedure
Atxn7l1,IMPC_CSD_003,Combined SHIRPA and Dysmorphology,tremors,kept,non-acoustic MP term from mixed procedure
Zfp503,IMPC_CSD_003,Combined SHIRPA and Dysmorphology,abnormal female genitalia morphology,kept,non-acoustic MP term from mixed procedure
Lrsam1,IMPC_ACS_003,Acoustic Startle and Pre-pulse Inhibition (PPI),decreased prepulse inhibition,removed,fully acoustic procedure
Mypn,IMPC_CSD_001,Combined SHIRPA and Dysmorphology,abnormal coat/hair pigmentation,kept,non-acoustic MP term from mixed procedure
Elk3,ESLIM_011_001,Acoustic Startle&PPI,decreased prepulse inhibition,removed,fully acoustic procedure
Rxylt1,JAXLA_CSD_001,Combined SHIRPA and Dysmorphology,impaired righting response,kept,non-acoustic MP term from mixed procedure
Abi2,IMPC_ACS_003,Acoustic Startle and Pre-pulse Inhibition (PPI),decreased prepulse inhibition,removed,fully acoustic procedure
Bcorl1,IMPC_ACS_003,Acoustic Startle and Pre-pulse Inhibition (PPI),decreased prepulse inhibition,removed,fully acoustic procedure
Spns2,MGP_CSD_001,Combined SHIRPA and Dysmorphology,trunk curl,kept,non-acoustic MP term from mixed procedure
Ltbp3,IMPC_CSD_003,Combined SHIRPA and Dysmorphology,abnormal tooth morphology,kept,non-acoustic MP term from mixed procedure
Tent5a,IMPC_CSD_003,Combined SHIRPA and Dysmorphology,impaired righting response,kept,non-acoustic MP term from mixed procedure
Strbp,IMPC_CSD_002,Combined SHIRPA and Dysmorphology,abnormal gait,kept,non-acoustic MP term from mixed procedure
Trpc3,ESLIM_008_001,Modified SHIRPA,limb grasping,kept,non-acoustic MP term from mixed procedure
Tmc4,IMPC_CSD_001,Combined SHIRPA and Dysmorphology,abnormal coat/hair pigmentation,kept,non-acoustic MP term from mixed procedure
Zbtb16,IMPC_CSD_003,Combined SHIRPA and Dysmorphology,abnormal digit morphology,kept,non-acoustic MP term from mixed procedure
Ralgps1,IMPC_CSD_001,Combined SHIRPA and Dysmorphology,abnormal vocalization,kept,non-acoustic MP term from mixed procedure
Twist1,IMPC_CSD_003,Combined SHIRPA and Dysmorphology,abnormal autopod morphology,kept,non-acoustic MP term from mixed procedure
Gcnt1,IMPC_CSD_003,Combined SHIRPA and Dysmorphology,abnormal behavior,kept,non-acoustic MP term from mixed procedure
Endod1,IMPC_CSD_003,Combined SHIRPA and Dysmorphology,abnormal startle reflex,removed,acoustic MP term from mixed procedure
Pknox1,ESLIM_008_001,Modified SHIRPA,abnormal urination,kept,non-acoustic MP term from mixed procedure
Mvd,IMPC_CSD_001,Combined SHIRPA and Dysmorphology,abnormal vocalization,kept,non-acoustic MP term from mixed procedure
Gng12,IMPC_ACS_003,Acoustic Startle and Pre-pulse Inhibition (PPI),increased startle reflex,removed,fully acoustic procedure
Abcd3,JAXLA_CSD_003,Combined SHIRPA and Dysmorphology,abnormal coat/hair pigmentation,kept,non-acoustic MP term from mixed procedure
Atp8b1,TCPIP_CSD_003,Combined SHIRPA and Dysmorphology,decreased exploration in new environment,kept,non-acoustic MP term from mixed procedure
Herpud2,IMPC_ACS_003,Acoustic Startle and Pre-pulse Inhibition (PPI),increased startle reflex,removed,fully acoustic procedure
Prodh,IMPC_CSD_003,Combined SHIRPA and Dysmorphology,abnormal coat/hair pigmentation,kept,non-acoustic MP term from mixed procedure
Dpp9,IMPC_CSD_003,Combined SHIRPA and Dysmorphology,tremors,kept,non-acoustic MP term from mixed procedure
Cyb5a,IMPC_CSD_003,Combined SHIRPA and Dysmorphology,abnormal vocalization,kept,non-acoustic MP term from mixed procedure
Neurod2,IMPC_ACS_003,Acoustic Startle and Pre-pulse Inhibition (PPI),decreased startle reflex,removed,fully acoustic procedure
Nr1h4,ESLIM_011_001,Acoustic Startle&PPI,increased startle reflex,removed,fully acoustic procedure
Elmod1,ESLIM_011_001,Acoustic Startle&PPI,increased startle reflex,removed,fully acoustic procedure
Plcb4,IMPC_CSD_003,Combined SHIRPA and Dysmorphology,decreased exploration in new environment,kept,non-acoustic MP term from mixed procedure
Tmem145,IMPC_ACS_003,Acoustic Startle and Pre-pulse Inhibition (PPI),decreased startle reflex,removed,fully acoustic procedure
Tmem108,IMPC_ABR_002,Auditory Brain Stem Response,abnormal auditory brainstem response,removed,fully acoustic procedure
Atg4b,HRWLLA_CSD_003,Combined SHIRPA and Dysmorphology,limb grasping,kept,non-acoustic MP term from mixed procedure
Zfp787,IMPC_ACS_003,Acoustic Startle and Pre-pulse Inhibition (PPI),decreased prepulse inhibition,removed,fully acoustic procedure
Il17ra,IMPC_CSD_003,Combined SHIRPA and Dysmorphology,abnormal gait,kept,non-acoustic MP term from mixed procedure
Vegfb,IMPC_CSD_003,Combined SHIRPA and Dysmorphology,impaired righting response,kept,non-acoustic MP term from mixed procedure
Gramd1c,JAXLA_CSD_003,Combined SHIRPA and Dysmorphology,abnormal startle reflex,removed,acoustic MP term from mixed procedure
Otoa,IMPC_ABR_002,Auditory Brain Stem Response,abnormal auditory brainstem response,removed,fully acoustic procedure
Bmpr1b,IMPC_CSD_003,Combined SHIRPA and Dysmorphology,abnormal autopod morphology,kept,non-acoustic MP term from mixed procedure
Dnase1l2,IMPC_CSD_002,Combined SHIRPA and Dysmorphology,abnormal autopod morphology,kept,non-acoustic MP term from mixed procedure
Pla2g5,IMPC_ACS_003,Acoustic Startle and Pre-pulse Inhibition (PPI),increased startle reflex,removed,fully acoustic procedure
Snx15,IMPC_CSD_001,Combined SHIRPA and Dysmorphology,abnormal coat appearance,kept,non-acoustic MP term from mixed procedure
Tmco6,IMPC_ABR_002,Auditory Brain Stem Response,abnormal auditory brainstem response,removed,fully acoustic procedure
Dscaml1,IMPC_CSD_003,Combined SHIRPA and Dysmorphology,abnormal locomotor behavior,kept,non-acoustic MP term from mixed procedure
Pdia3,IMPC_CSD_002,Combined SHIRPA and Dysmorphology,abnormal coat/ hair morphology,kept,non-acoustic MP term from mixed procedure
Slc8b1,IMPC_CSD_001,Combined SHIRPA and Dysmorphology,impaired righting response,kept,non-acoustic MP term from mixed procedure
Parvb,ESLIM_011_001,Acoustic Startle&PPI,increased startle reflex,removed,fully acoustic procedure
Pcdh12,IMPC_CSD_003,Combined SHIRPA and Dysmorphology,limb grasping,kept,non-acoustic MP term from mixed procedure
Lep,IMPC_CSD_003,Combined SHIRPA and Dysmorphology,abnormal coat appearance,kept,non-acoustic MP term from mixed procedure
Rab28,IMPC_CSD_001,Combined SHIRPA and Dysmorphology,abnormal vocalization,kept,non-acoustic MP term from mixed procedure
Clrn1,IMPC_ABR_002,Auditory Brain Stem Response,abnormal auditory brainstem response,removed,fully acoustic procedure
Zfp827,JAXLA_CSD_003,Combined SHIRPA and Dysmorphology,limb grasping,kept,non-acoustic MP term from mixed procedure
Scyl1,IMPC_CSD_003,Combined SHIRPA and Dysmorphology,abnormal limb position,kept,non-acoustic MP term from mixed procedure
Twist1,IMPC_CSD_003,Combined SHIRPA and Dysmorphology,abnormal digit morphology,kept,non-acoustic MP term from mixed procedure
Myo10,MGP_CSD_001,Combined SHIRPA and Dysmorphology,abnormal coat/hair pigmentation,kept,non-acoustic MP term from mixed procedure
Ptchd1,IMPC_CSD_003,Combined SHIRPA and Dysmorphology,abnormal vocalization,kept,non-acoustic MP term from mixed procedure
Dhx15,IMPC_ACS_003,Acoustic Startle and Pre-pulse Inhibition (PPI),decreased prepulse inhibition,removed,fully acoustic procedure
Prss2,JAXLA_CSD_003,Combined SHIRPA and Dysmorphology,impaired righting response,kept,non-acoustic MP term from mixed procedure
Mx2,IMPC_CSD_003,Combined SHIRPA and Dysmorphology,abnormal startle reflex,removed,acoustic MP term from mixed procedure
Aak1,IMPC_ABR_002,Auditory Brain Stem Response,abnormal auditory brainstem response,removed,fully acoustic procedure
Myo10,MGP_CSD_001,Combined SHIRPA and Dysmorphology,abnormal coat/hair pigmentation,kept,non-acoustic MP term from mixed procedure
Actl6a,IMPC_CSD_003,Combined SHIRPA and Dysmorphology,decreased exploration in new environment,kept,non-acoustic MP term from mixed procedure
Thoc3,IMPC_ABR_002,Auditory Brain Stem Response,abnormal auditory brainstem response,removed,fully acoustic procedure
Pes1,IMPC_CSD_003,Combined SHIRPA and Dysmorphology,abnormal snout morphology,kept,non-acoustic MP term from mixed procedure
Fezf2,IMPC_ACS_003,Acoustic Startle and Pre-pulse Inhibition (PPI),decreased prepulse inhibition,removed,fully acoustic procedure
Guk1,IMPC_ACS_003,Acoustic Startle and Pre-pulse Inhibition (PPI),increased startle reflex,removed,fully acoustic procedure
Wbp1l,IMPC_ACS_003,Acoustic Startle and Pre-pulse Inhibition (PPI),decreased prepulse inhibition,removed,fully acoustic procedure
Nsun2,M-G-P_008_001,Modified SHIRPA,abnormal response to new environment,kept,non-acoustic MP term from mixed procedure
Satb1,IMPC_ABR_002,Auditory Brain Stem Response,abnormal auditory brainstem response,removed,fully acoustic procedure
Brix1,IMPC_ACS_003,Acoustic Startle and Pre-pulse Inhibition (PPI),increased startle reflex,removed,fully acoustic procedure
Ctsa,IMPC_CSD_003,Combined SHIRPA and Dysmorphology,abnormal startle reflex,removed,acoustic MP term from mixed procedure
Rtn4,IMPC_ABR_002,Auditory Brain Stem Response,abnormal auditory brainstem response,removed,fully acoustic procedure
Prss2,JAXLA_CSD_003,Combined SHIRPA and Dysmorphology,limb grasping,kept,non-acoustic MP term from mixed procedure
Mecom,ESLIM_011_001,Acoustic Startle&PPI,increased startle reflex,removed,fully acoustic procedure
Ap4e1,IMPC_ACS_003,Acoustic Startle and Pre-pulse Inhibition (PPI),increased prepulse inhibition,removed,fully acoustic procedure
Trf,JAXLA_CSD_003,Combined SHIRPA and Dysmorphology,impaired righting response,kept,non-acoustic MP term from mixed procedure
Cep85l,IMPC_ACS_003,Acoustic Startle and Pre-pulse Inhibition (PPI),decreased prepulse inhibition,removed,fully acoustic procedure
Camsap3,IMPC_ABR_001,Auditory Brain Stem Response,abnormal auditory brainstem response,removed,fully acoustic procedure
Clk1,ESLIM_008_001,Modified SHIRPA,tremors,kept,non-acoustic MP term from mixed procedure
Adgrv1,IMPC_ABR_002,Auditory Brain Stem Response,abnormal auditory brainstem response,removed,fully acoustic procedure
Gdpd5,IMPC_CSD_003,Combined SHIRPA and Dysmorphology,abnormal skin coloration,kept,non-acoustic MP term from mixed procedure
Bola2,IMPC_CSD_002,Combined SHIRPA and Dysmorphology,abnormal coat/hair pigmentation,kept,non-acoustic MP term from mixed procedure
Lrrn3,KMPCLA_CSD_003,Combined SHIRPA and Dysmorphology,abnormal coat/hair pigmentation,kept,non-acoustic MP term from mixed procedure
Ano8,JAXLA_CSD_003,Combined SHIRPA and Dysmorphology,abnormal locomotor behavior,kept,non-acoustic MP term from mixed procedure
Cyb561,IMPC_CSD_003,Combined SHIRPA and Dysmorphology,tremors,kept,non-acoustic MP term from mixed procedure
Zfp831,IMPC_CSD_003,Combined SHIRPA and Dysmorphology,abnormal skin coloration,kept,non-acoustic MP term from mixed procedure
Ankrd11,IMPC_ABR_002,Auditory Brain Stem Response,abnormal auditory brainstem response,removed,fully acoustic procedure
Prpf40a,IMPC_ACS_003,Acoustic Startle and Pre-pulse Inhibition (PPI),increased startle reflex,removed,fully acoustic procedure
Ap4e1,IMPC_CSD_003,Combined SHIRPA and Dysmorphology,limb grasping,kept,non-acoustic MP term from mixed procedure
Mei1,IMPC_CSD_003,Combined SHIRPA and Dysmorphology,abnormal locomotor behavior,kept,non-acoustic MP term from mixed procedure
Marveld2,IMPC_ACS_003,Acoustic Startle and Pre-pulse Inhibition (PPI),decreased startle reflex,removed,fully acoustic procedure
Hbp1,ESLIM_011_001,Acoustic Startle&PPI,increased startle reflex,removed,fully acoustic procedure
Rbpms2,JAXLA_CSD_003,Combined SHIRPA and Dysmorphology,abnormal coat/hair pigmentation,kept,non-acoustic MP term from mixed procedure
Cbr1b,IMPC_ABR_002,Auditory Brain Stem Response,abnormal auditory brainstem response,removed,fully acoustic procedure
Poc5,IMPC_ACS_003,Acoustic Startle and Pre-pulse Inhibition (PPI),decreased prepulse inhibition,removed,fully acoustic procedure
Asic3,IMPC_ABR_002,Auditory Brain Stem Response,abnormal auditory brainstem response,removed,fully acoustic procedure
Tnnc1,JAXLA_CSD_003,Combined SHIRPA and Dysmorphology,impaired righting response,kept,non-acoustic MP term from mixed procedure
Klhdc7b,IMPC_ACS_003,Acoustic Startle and Pre-pulse Inhibition (PPI),decreased prepulse inhibition,removed,fully acoustic procedure
Mat2a,ESLIM_011_001,Acoustic Startle&PPI,decreased prepulse inhibition,removed,fully acoustic procedure
Dusp12,IMPC_ACS_003,Acoustic Startle and Pre-pulse Inhibition (PPI),increased prepulse inhibition,removed,fully acoustic procedure
Sox13,ESLIM_011_001,Acoustic Startle&PPI,increased startle reflex,removed,fully acoustic procedure
Slx9,IMPC_ABR_002,Auditory Brain Stem Response,abnormal auditory brainstem response,removed,fully acoustic procedure
Apex2,IMPC_CSD_003,Combined SHIRPA and Dysmorphology,abnormal coat/hair pigmentation,kept,non-acoustic MP term from mixed procedure
Mat2a,ESLIM_011_001,Acoustic Startle&PPI,increased startle reflex,removed,fully acoustic procedure
Agl,IMPC_CSD_003,Combined SHIRPA and Dysmorphology,abnormal gait,kept,non-acoustic MP term from mixed procedure
Cfap97d1,IMPC_ACS_003,Acoustic Startle and Pre-pulse Inhibition (PPI),decreased prepulse inhibition,removed,fully acoustic procedure
Fa2h,IMPC_CSD_003,Combined SHIRPA and Dysmorphology,abnormal coat/ hair morphology,kept,non-acoustic MP term from mixed procedure
Kmt2b,MGP_CSD_001,Combined SHIRPA and Dysmorphology,abnormal coat/hair pigmentation,kept,non-acoustic MP term from mixed procedure
Dnase1l2,IMPC_CSD_003,Combined SHIRPA and Dysmorphology,abnormal digit morphology,kept,non-acoustic MP term from mixed procedure
Ankrd24,IMPC_ACS_003,Acoustic Startle and Pre-pulse Inhibition (PPI),decreased startle reflex,removed,fully acoustic procedure
Agl,IMPC_CSD_003,Combined SHIRPA and Dysmorphology,tremors,kept,non-acoustic MP term from mixed procedure
Lrrc63,IMPC_ACS_003,Acoustic Startle and Pre-pulse Inhibition (PPI),increased startle reflex,removed,fully acoustic procedure
Pgm1,IMPC_CSD_001,Combined SHIRPA and Dysmorphology,abnormal coat appearance,kept,non-acoustic MP term from mixed procedure
Inhbb,IMPC_CSD_003,Combined SHIRPA and Dysmorphology,abnormal locomotor behavior,kept,non-acoustic MP term from mixed procedure
Mfsd14a,IMPC_CSD_003,Combined SHIRPA and Dysmorphology,abnormal skin coloration,kept,non-acoustic MP term from mixed procedure
Fbxo11,ESLIM_011_001,Acoustic Startle&PPI,decreased prepulse inhibition,removed,fully acoustic procedure
Catsperz,JAXLA_CSD_003,Combined SHIRPA and Dysmorphology,impaired righting response,kept,non-acoustic MP term from mixed procedure
Rasl11b,IMPC_CSD_003,Combined SHIRPA and Dysmorphology,abnormal tooth morphology,kept,non-acoustic MP term from mixed procedure
Lepr,IMPC_CSD_003,Combined SHIRPA and Dysmorphology,trunk curl,kept,non-acoustic MP term from mixed procedure
Bloc1s4,IMPC_CSD_003,Combined SHIRPA and Dysmorphology,abnormal coat/hair pigmentation,kept,non-acoustic MP term from mixed procedure
Slc17a8,IMPC_ACS_003,Acoustic Startle and Pre-pulse Inhibition (PPI),decreased prepulse inhibition,removed,fully acoustic procedure
Rab11fip4,IMPC_ACS_003,Acoustic Startle and Pre-pulse Inhibition (PPI),decreased startle reflex,removed,fully acoustic procedure
Nin,IMPC_ACS_003,Acoustic Startle and Pre-pulse Inhibition (PPI),decreased prepulse inhibition,removed,fully acoustic procedure
Cnot6l,IMPC_ACS_003,Acoustic Startle and Pre-pulse Inhibition (PPI),decreased startle reflex,removed,fully acoustic procedure
Stim2,IMPC_ABR_002,Auditory Brain Stem Response,abnormal auditory brainstem response,removed,fully acoustic procedure
Ndrg4,IMPC_CSD_003,Combined SHIRPA and Dysmorphology,abnormal gait,kept,non-acoustic MP term from mixed procedure
Ctsk,IMPC_ACS_003,Acoustic Startle and Pre-pulse Inhibition (PPI),decreased prepulse inhibition,removed,fully acoustic procedure
Hexim2,IMPC_CSD_003,Combined SHIRPA and Dysmorphology,absent vibrissae,kept,non-acoustic MP term from mixed procedure
Saxo4,IMPC_CSD_003,Combined SHIRPA and Dysmorphology,abnormal coat/hair pigmentation,kept,non-acoustic MP term from mixed procedure
Abcb4,ESLIM_011_001,Acoustic Startle&PPI,increased startle reflex,removed,fully acoustic procedure
Ptpra,IMPC_ACS_003,Acoustic Startle and Pre-pulse Inhibition (PPI),decreased prepulse inhibition,removed,fully acoustic procedure
Baiap2l2,IMPC_ACS_003,Acoustic Startle and Pre-pulse Inhibition (PPI),decreased prepulse inhibition,removed,fully acoustic procedure
Obp2a,IMPC_CSD_003,Combined SHIRPA and Dysmorphology,abnormal coat/hair pigmentation,kept,non-acoustic MP term from mixed procedure
Tmprss6,IMPC_ACS_003,Acoustic Startle and Pre-pulse Inhibition (PPI),decreased prepulse inhibition,removed,fully acoustic procedure
Tnrc18,IMPC_CSD_003,Combined SHIRPA and Dysmorphology,abnormal locomotor behavior,kept,non-acoustic MP term from mixed procedure
Slc17a8,IMPC_ACS_003,Acoustic Startle and Pre-pulse Inhibition (PPI),decreased prepulse inhibition,removed,fully acoustic procedure
Gm13889,IMPC_ABR_002,Auditory Brain Stem Response,abnormal auditory brainstem response,removed,fully acoustic procedure
Primpol,IMPC_CSD_003,Combined SHIRPA and Dysmorphology,tremors,kept,non-acoustic MP term from mixed procedure
Myo3a,IMPC_ABR_002,Auditory Brain Stem Response,abnormal auditory brainstem response,removed,fully acoustic procedure
Atxn7l1,IMPC_CSD_003,Combined SHIRPA and Dysmorphology,decreased exploration in new environment,kept,non-acoustic MP term from mixed procedure
Actr5,IMPC_CSD_003,Combined SHIRPA and Dysmorphology,increased exploration in new environment,kept,non-acoustic MP term from mixed procedure
Mid1,IMPC_ACS_003,Acoustic Startle and Pre-pulse Inhibition (PPI),decreased prepulse inhibition,removed,fully acoustic procedure
Usp29,IMPC_ACS_003,Acoustic Startle and Pre-pulse Inhibition (PPI),decreased prepulse inhibition,removed,fully acoustic procedure
Kyat1,IMPC_CSD_003,Combined SHIRPA and Dysmorphology,abnormal skin coloration,kept,non-acoustic MP term from mixed procedure
Slc17a8,IMPC_ACS_003,Acoustic Startle and Pre-pulse Inhibition (PPI),decreased prepulse inhibition,removed,fully acoustic procedure
Erg,IMPC_CSD_003,Combined SHIRPA and Dysmorphology,abnormal coat appearance,kept,non-acoustic MP term from mixed procedure
Lipt2,IMPC_CSD_003,Combined SHIRPA and Dysmorphology,abnormal head morphology,kept,non-acoustic MP term from mixed procedure
Parvb,ESLIM_011_001,Acoustic Startle&PPI,increased startle reflex,removed,fully acoustic procedure
Hecw1,HRWLIP_CSD_003,Combined SHIRPA and Dysmorphology,decreased exploration in new environment,kept,non-acoustic MP term from mixed procedure
Srcap,MGP_CSD_001,Combined SHIRPA and Dysmorphology,abnormal hair growth,kept,non-acoustic MP term from mixed procedure
Duoxa2,IMPC_ABR_001,Auditory Brain Stem Response,abnormal auditory brainstem response,removed,fully acoustic procedure
Gdf5,IMPC_CSD_003,Combined SHIRPA and Dysmorphology,abnormal autopod morphology,kept,non-acoustic MP term from mixed procedure
Krt31,MGP_CSD_001,Combined SHIRPA and Dysmorphology,abnormal coat appearance,kept,non-acoustic MP term from mixed procedure
Hps5,IMPC_CSD_001,Combined SHIRPA and Dysmorphology,abnormal coat/hair pigmentation,kept,non-acoustic MP term from mixed procedure
Dnaaf9,IMPC_ACS_003,Acoustic Startle and Pre-pulse Inhibition (PPI),decreased prepulse inhibition,removed,fully acoustic procedure
Dhx38,IMPC_CSD_001,Combined SHIRPA and Dysmorphology,abnormal coat/hair pigmentation,kept,non-acoustic MP term from mixed procedure
Trabd2b,IMPC_CSD_003,Combined SHIRPA and Dysmorphology,abnormal head morphology,kept,non-acoustic MP term from mixed procedure
Asap3,IMPC_CSD_001,Combined SHIRPA and Dysmorphology,abnormal vocalization,kept,non-acoustic MP term from mixed procedure
Ctif,IMPC_CSD_003,Combined SHIRPA and Dysmorphology,abnormal coat/hair pigmentation,kept,non-acoustic MP term from mixed procedure
Slc5a5,IMPC_ABR_002,Auditory Brain Stem Response,abnormal auditory brainstem response,removed,fully acoustic procedure
Shisa6,IMPC_CSD_003,Combined SHIRPA and Dysmorphology,abnormal male genitalia morphology,kept,non-acoustic MP term from mixed procedure
Mtarc2,ESLIM_011_001,Acoustic Startle&PPI,increased startle reflex,removed,fully acoustic procedure
Scamp2,IMPC_ABR_002,Auditory Brain Stem Response,abnormal auditory brainstem response,removed,fully acoustic procedure
Wbp2,ESLIM_011_001,Acoustic Startle&PPI,increased startle reflex,removed,fully acoustic procedure
Hoxc12,IMPC_CSD_001,Combined SHIRPA and Dysmorphology,abnormal tail length,kept,non-acoustic MP term from mixed procedure
Rab27a,IMPC_CSD_003,Combined SHIRPA and Dysmorphology,abnormal coat/hair pigmentation,kept,non-acoustic MP term from mixed procedure
Arvcf,IMPC_CSD_002,Combined SHIRPA and Dysmorphology,abnormal gait,kept,non-acoustic MP term from mixed procedure
Zcrb1,IMPC_CSD_003,Combined SHIRPA and Dysmorphology,abnormal behavior,kept,non-acoustic MP term from mixed procedure
Rprd2,IMPC_CSD_003,Combined SHIRPA and Dysmorphology,abnormal coat/hair pigmentation,kept,non-acoustic MP term from mixed procedure
Ttbk1,IMPC_ACS_003,Acoustic Startle and Pre-pulse Inhibition (PPI),increased startle reflex,removed,fully acoustic procedure
Rabgap1,IMPC_ACS_003,Acoustic Startle and Pre-pulse Inhibition (PPI),decreased prepulse inhibition,removed,fully acoustic procedure
Vdr,IMPC_CSD_002,Combined SHIRPA and Dysmorphology,tremors,kept,non-acoustic MP term from mixed procedure
Tmem176a,IMPC_CSD_003,Combined SHIRPA and Dysmorphology,decreased exploration in new environment,kept,non-acoustic MP term from mixed procedure
Lat,IMPC_CSD_003,Combined SHIRPA and Dysmorphology,abnormal startle reflex,removed,acoustic MP term from mixed procedure
Epg5,IMPC_CSD_003,Combined SHIRPA and Dysmorphology,tremors,kept,non-acoustic MP term from mixed procedure
Bex2,IMPC_ACS_003,Acoustic Startle and Pre-pulse Inhibition (PPI),decreased prepulse inhibition,removed,fully acoustic procedure
Ush1c,MGP_CSD_001,Combined SHIRPA and Dysmorphology,limb grasping,kept,non-acoustic MP term from mixed procedure
Spink5,IMPC_CSD_003,Combined SHIRPA and Dysmorphology,absent vibrissae,kept,non-acoustic MP term from mixed procedure
Zbtb8os,IMPC_ABR_002,Auditory Brain Stem Response,abnormal auditory brainstem response,removed,fully acoustic procedure
Ush1c,MGP_CSD_001,Combined SHIRPA and Dysmorphology,impaired righting response,kept,non-acoustic MP term from mixed procedure
Zfp280d,IMPC_ACS_003,Acoustic Startle and Pre-pulse Inhibition (PPI),decreased startle reflex,removed,fully acoustic procedure
Itgb8,IMPC_CSD_003,Combined SHIRPA and Dysmorphology,abnormal skin coloration,kept,non-acoustic MP term from mixed procedure
Mettl16,IMPC_CSD_001,Combined SHIRPA and Dysmorphology,abnormal coat/hair pigmentation,kept,non-acoustic MP term from mixed procedure
Fbxo11,ESLIM_011_001,Acoustic Startle&PPI,increased startle reflex,removed,fully acoustic procedure
Plod2,JAXLA_CSD_003,Combined SHIRPA and Dysmorphology,abnormal coat/ hair morphology,kept,non-acoustic MP term from mixed procedure
Cdc42ep5,IMPC_CSD_002,Combined SHIRPA and Dysmorphology,abnormal coat/hair pigmentation,kept,non-acoustic MP term from mixed procedure
Kbtbd8,IMPC_ACS_003,Acoustic Startle and Pre-pulse Inhibition (PPI),decreased prepulse inhibition,removed,fully acoustic procedure
Slc8b1,IMPC_CSD_001,Combined SHIRPA and Dysmorphology,abnormal coat appearance,kept,non-acoustic MP term from mixed procedure
Ppia,IMPC_CSD_003,Combined SHIRPA and Dysmorphology,abnormal snout morphology,kept,non-acoustic MP term from mixed procedure
Ankle2,IMPC_CSD_003,Combined SHIRPA and Dysmorphology,increased exploration in new environment,kept,non-acoustic MP term from mixed procedure
Sufu,IMPC_ACS_003,Acoustic Startle and Pre-pulse Inhibition (PPI),increased startle reflex,removed,fully acoustic procedure
Insig1,IMPC_CSD_003,Combined SHIRPA and Dysmorphology,increased aggression,kept,non-acoustic MP term from mixed procedure
Krt71,IMPC_CSD_003,Combined SHIRPA and Dysmorphology,abnormal coat/ hair morphology,kept,non-acoustic MP term from mixed procedure
Ankrd11,IMPC_ABR_002,Auditory Brain Stem Response,abnormal auditory brainstem response,removed,fully acoustic procedure
Hif1an,IMPC_CSD_003,Combined SHIRPA and Dysmorphology,abnormal coat/hair pigmentation,kept,non-acoustic MP term from mixed procedure
Zfp719,IMPC_ABR_001,Auditory Brain Stem Response,abnormal auditory brainstem response,removed,fully acoustic procedure
Tubb2a,JAXLA_CSD_003,Combined SHIRPA and Dysmorphology,abnormal coat/ hair morphology,kept,non-acoustic MP term from mixed procedure
Slc5a5,IMPC_ABR_002,Auditory Brain Stem Response,abnormal auditory brainstem response,removed,fully acoustic procedure
Ppy,IMPC_ACS_003,Acoustic Startle and Pre-pulse Inhibition (PPI),increased startle reflex,removed,fully acoustic procedure
Polr1b,IMPC_CSD_003,Combined SHIRPA and Dysmorphology,abnormal tooth morphology,kept,non-acoustic MP term from mixed procedure
Drg2,ESLIM_011_001,Acoustic Startle&PPI,increased startle reflex,removed,fully acoustic procedure
Zgpat,IMPC_ACS_003,Acoustic Startle and Pre-pulse Inhibition (PPI),decreased prepulse inhibition,removed,fully acoustic procedure
Ubn1,IMPC_CSD_003,Combined SHIRPA and Dysmorphology,abnormal locomotor behavior,kept,non-acoustic MP term from mixed procedure
Chrm4,IMPC_ACS_003,Acoustic Startle and Pre-pulse Inhibition (PPI),increased startle reflex,removed,fully acoustic procedure
Vgf,IMPC_CSD_003,Combined SHIRPA and Dysmorphology,tremors,kept,non-acoustic MP term from mixed procedure
Phldb1,IMPC_CSD_001,Combined SHIRPA and Dysmorphology,abnormal vocalization,kept,non-acoustic MP term from mixed procedure
Dlg4,MGP_CSD_001,Combined SHIRPA and Dysmorphology,tremors,kept,non-acoustic MP term from mixed procedure
Fezf2,IMPC_ACS_003,Acoustic Startle and Pre-pulse Inhibition (PPI),decreased prepulse inhibition,removed,fully acoustic procedure
Cimap1d,IMPC_CSD_003,Combined SHIRPA and Dysmorphology,absent vibrissae,kept,non-acoustic MP term from mixed procedure
Mvd,IMPC_CSD_001,Combined SHIRPA and Dysmorphology,abnormal coat/hair pigmentation,kept,non-acoustic MP term from mixed procedure
Adamtsl4,JAXLA_CSD_003,Combined SHIRPA and Dysmorphology,abnormal startle reflex,removed,acoustic MP term from mixed procedure
Setd2,IMPC_ACS_003,Acoustic Startle and Pre-pulse Inhibition (PPI),decreased prepulse inhibition,removed,fully acoustic procedure
Gria1,IMPC_ACS_003,Acoustic Startle and Pre-pulse Inhibition (PPI),decreased prepulse inhibition,removed,fully acoustic procedure
Alg9,JAXLA_CSD_003,Combined SHIRPA and Dysmorphology,abnormal locomotor behavior,kept,non-acoustic MP term from mixed procedure
Tasor2,IMPC_CSD_001,Combined SHIRPA and Dysmorphology,abnormal coat/hair pigmentation,kept,non-acoustic MP term from mixed procedure
Abcd4,ESLIM_008_001,Modified SHIRPA,abnormal response to new environment,kept,non-acoustic MP term from mixed procedure
Dync1h1,IMPC_CSD_003,Combined SHIRPA and Dysmorphology,abnormal vocalization,kept,non-acoustic MP term from mixed procedure
Gatm,IMPC_CSD_002,Combined SHIRPA and Dysmorphology,decreased exploration in new environment,kept,non-acoustic MP term from mixed procedure
Cdh23,MGP_CSD_001,Combined SHIRPA and Dysmorphology,abnormal gait,kept,non-acoustic MP term from mixed procedure
Duoxa2,IMPC_ABR_001,Auditory Brain Stem Response,abnormal auditory brainstem response,removed,fully acoustic procedure
Itsn1,IMPC_ACS_003,Acoustic Startle and Pre-pulse Inhibition (PPI),decreased prepulse inhibition,removed,fully acoustic procedure
Spag4,IMPC_CSD_003,Combined SHIRPA and Dysmorphology,limb grasping,kept,non-acoustic MP term from mixed procedure
Il2rb,IMPC_CSD_003,Combined SHIRPA and Dysmorphology,abnormal coat/ hair morphology,kept,non-acoustic MP term from mixed procedure
Slc20a2,IMPC_CSD_002,Combined SHIRPA and Dysmorphology,abnormal vocalization,kept,non-acoustic MP term from mixed procedure
Agbl1,JAXLA_CSD_003,Combined SHIRPA and Dysmorphology,impaired righting response,kept,non-acoustic MP term from mixed procedure
Irf4,UCDIP_CSD_003,Combined SHIRPA and Dysmorphology,abnormal startle reflex,removed,acoustic MP term from mixed procedure
Marveld2,IMPC_ACS_003,Acoustic Startle and Pre-pulse Inhibition (PPI),decreased prepulse inhibition,removed,fully acoustic procedure
Npr2,IMPC_CSD_003,Combined SHIRPA and Dysmorphology,abnormal gait,kept,non-acoustic MP term from mixed procedure
Vdr,IMPC_CSD_002,Combined SHIRPA and Dysmorphology,abnormal gait,kept,non-acoustic MP term from mixed procedure
Zfp445,IMPC_ABR_002,Auditory Brain Stem Response,abnormal auditory brainstem response,removed,fully acoustic procedure
Ctnnb1,ESLIM_011_001,Acoustic Startle&PPI,increased startle reflex,removed,fully acoustic procedure
Cgas,ESLIM_011_001,Acoustic Startle&PPI,increased startle reflex,removed,fully acoustic procedure
Sgip1,IMPC_ACS_003,Acoustic Startle and Pre-pulse Inhibition (PPI),increased startle reflex,removed,fully acoustic procedure
Elmod1,IMPC_CSD_003,Combined SHIRPA and Dysmorphology,abnormal behavior,kept,non-acoustic MP term from mixed procedure
Tmco6,IMPC_ACS_003,Acoustic Startle and Pre-pulse Inhibition (PPI),decreased startle reflex,removed,fully acoustic procedure
Grxcr1,IMPC_ACS_003,Acoustic Startle and Pre-pulse Inhibition (PPI),decreased prepulse inhibition,removed,fully acoustic procedure
Nr1h4,ESLIM_011_001,Acoustic Startle&PPI,decreased prepulse inhibition,removed,fully acoustic procedure
Fhip1b,TCPIP_CSD_003,Combined SHIRPA and Dysmorphology,decreased exploration in new environment,kept,non-acoustic MP term from mixed procedure
Klhdc7b,IMPC_ACS_003,Acoustic Startle and Pre-pulse Inhibition (PPI),decreased startle reflex,removed,fully acoustic procedure
Cib2,IMPC_ACS_003,Acoustic Startle and Pre-pulse Inhibition (PPI),decreased prepulse inhibition,removed,fully acoustic procedure
Atosb,IMPC_ACS_003,Acoustic Startle and Pre-pulse Inhibition (PPI),decreased prepulse inhibition,removed,fully acoustic procedure
Clcn1,IMPC_CSD_003,Combined SHIRPA and Dysmorphology,decreased exploration in new environment,kept,non-acoustic MP term from mixed procedure
Prss56,IMPC_CSD_001,Combined SHIRPA and Dysmorphology,abnormal coat/hair pigmentation,kept,non-acoustic MP term from mixed procedure
Dlat,IMPC_ACS_003,Acoustic Startle and Pre-pulse Inhibition (PPI),decreased prepulse inhibition,removed,fully acoustic procedure
Krtap17-1,IMPC_CSD_003,Combined SHIRPA and Dysmorphology,abnormal coat/ hair morphology,kept,non-acoustic MP term from mixed procedure
Mmaa,JAXLA_CSD_003,Combined SHIRPA and Dysmorphology,abnormal coat/hair pigmentation,kept,non-acoustic MP term from mixed procedure
Ctc1,IMPC_ACS_003,Acoustic Startle and Pre-pulse Inhibition (PPI),decreased prepulse inhibition,removed,fully acoustic procedure
Clk2,IMPC_ACS_003,Acoustic Startle and Pre-pulse Inhibition (PPI),decreased prepulse inhibition,removed,fully acoustic procedure
Ncoa3,IMPC_CSD_003,Combined SHIRPA and Dysmorphology,abnormal tooth morphology,kept,non-acoustic MP term from mixed procedure
Atf7,IMPC_ACS_003,Acoustic Startle and Pre-pulse Inhibition (PPI),increased startle reflex,removed,fully acoustic procedure
Dnase1l2,IMPC_CSD_003,Combined SHIRPA and Dysmorphology,abnormal digit morphology,kept,non-acoustic MP term from mixed procedure
Hoxa2,IMPC_ACS_003,Acoustic Startle and Pre-pulse Inhibition (PPI),decreased prepulse inhibition,removed,fully acoustic procedure
Gosr2,IMPC_CSD_003,Combined SHIRPA and Dysmorphology,abnormal gait,kept,non-acoustic MP term from mixed procedure
Sorl1,ICSLA_ACS_003,Acoustic Startle and Pre-pulse Inhibition (PPI),decreased startle reflex,removed,fully acoustic procedure
Thra,IMPC_CSD_003,Combined SHIRPA and Dysmorphology,limb grasping,kept,non-acoustic MP term from mixed procedure
Neurod2,IMPC_ACS_003,Acoustic Startle and Pre-pulse Inhibition (PPI),decreased prepulse inhibition,removed,fully acoustic procedure
Spred1,IMPC_CSD_003,Combined SHIRPA and Dysmorphology,abnormal head morphology,kept,non-acoustic MP term from mixed procedure
Marf1,IMPC_CSD_003,Combined SHIRPA and Dysmorphology,abnormal locomotor behavior,kept,non-acoustic MP term from mixed procedure
Tmem51,IMPC_ACS_003,Acoustic Startle and Pre-pulse Inhibition (PPI),decreased prepulse inhibition,removed,fully acoustic procedure
Myo7a,MGP_CSD_001,Combined SHIRPA and Dysmorphology,trunk curl,kept,non-acoustic MP term from mixed procedure
Gsta3,ESLIM_011_001,Acoustic Startle&PPI,increased startle reflex,removed,fully acoustic procedure
Obp2a,IMPC_CSD_003,Combined SHIRPA and Dysmorphology,abnormal coat/hair pigmentation,kept,non-acoustic MP term from mixed procedure
Osbpl6,IMPC_ACS_003,Acoustic Startle and Pre-pulse Inhibition (PPI),increased startle reflex,removed,fully acoustic procedure
Atp8b1,TCPLA_CSD_003,Combined SHIRPA and Dysmorphology,abnormal startle reflex,removed,acoustic MP term from mixed procedure
Farp1,IMPC_ACS_003,Acoustic Startle and Pre-pulse Inhibition (PPI),increased startle reflex,removed,fully acoustic procedure
Ncald,IMPC_ACS_003,Acoustic Startle and Pre-pulse Inhibition (PPI),decreased prepulse inhibition,removed,fully acoustic procedure
Spta1,IMPC_ACS_003,Acoustic Startle and Pre-pulse Inhibition (PPI),increased startle reflex,removed,fully acoustic procedure
Elmod1,IMPC_CSD_003,Combined SHIRPA and Dysmorphology,abnormal ear morphology,kept,non-acoustic MP term from mixed procedure
Snap23,HRWLLA_CSD_003,Combined SHIRPA and Dysmorphology,abnormal coat/hair pigmentation,kept,non-acoustic MP term from mixed procedure
Aspa,IMPC_ACS_003,Acoustic Startle and Pre-pulse Inhibition (PPI),decreased prepulse inhibition,removed,fully acoustic procedure
Poglut2,IMPC_ACS_003,Acoustic Startle and Pre-pulse Inhibition (PPI),decreased prepulse inhibition,removed,fully acoustic procedure
Gtf2ird1,IMPC_ACS_003,Acoustic Startle and Pre-pulse Inhibition (PPI),decreased prepulse inhibition,removed,fully acoustic procedure
Nos1ap,IMPC_ACS_003,Acoustic Startle and Pre-pulse Inhibition (PPI),increased startle reflex,removed,fully acoustic procedure
Alg1,IMPC_CSD_002,Combined SHIRPA and Dysmorphology,abnormal coat/hair pigmentation,kept,non-acoustic MP term from mixed procedure
Capzb,M-G-P_008_001,Modified SHIRPA,abnormal response to new environment,kept,non-acoustic MP term from mixed procedure
Fbp2,IMPC_CSD_002,Combined SHIRPA and Dysmorphology,abnormal vocalization,kept,non-acoustic MP term from mixed procedure
Cldn11,IMPC_CSD_003,Combined SHIRPA and Dysmorphology,abnormal gait,kept,non-acoustic MP term from mixed procedure
Duoxa2,MGP_CSD_001,Combined SHIRPA and Dysmorphology,absent pinna reflex,removed,acoustic MP term from mixed procedure
Gpr150,IMPC_CSD_001,Combined SHIRPA and Dysmorphology,abnormal coat appearance,kept,non-acoustic MP term from mixed procedure
Pou2af3,IMPC_ACS_003,Acoustic Startle and Pre-pulse Inhibition (PPI),decreased prepulse inhibition,removed,fully acoustic procedure
Crlf3,M-G-P_008_001,Modified SHIRPA,tremors,kept,non-acoustic MP term from mixed procedure
AU040320,JAXLA_CSD_003,Combined SHIRPA and Dysmorphology,limb grasping,kept,non-acoustic MP term from mixed procedure
Pus1,IMPC_CSD_001,Combined SHIRPA and Dysmorphology,abnormal coat/hair pigmentation,kept,non-acoustic MP term from mixed procedure
Shank2,RBRCLA_CSD_003,Combined SHIRPA and Dysmorphology,limb grasping,kept,non-acoustic MP term from mixed procedure
Ngfr,IMPC_CSD_003,Combined SHIRPA and Dysmorphology,abnormal gait,kept,non-acoustic MP term from mixed procedure
Fbxo11,ESLIM_008_001,Modified SHIRPA,abnormal startle reflex,removed,acoustic MP term from mixed procedure
Cacna2d1,IMPC_ACS_003,Acoustic Startle and Pre-pulse Inhibition (PPI),decreased prepulse inhibition,removed,fully acoustic procedure
Stk35,IMPC_ACS_003,Acoustic Startle and Pre-pulse Inhibition (PPI),increased startle reflex,removed,fully acoustic procedure
Mprip,IMPC_CSD_001,Combined SHIRPA and Dysmorphology,abnormal coat/hair pigmentation,kept,non-acoustic MP term from mixed procedure
Wdr81,JAXLA_CSD_003,Combined SHIRPA and Dysmorphology,abnormal startle reflex,removed,acoustic MP term from mixed procedure
Arvcf,IMPC_ACS_003,Acoustic Startle and Pre-pulse Inhibition (PPI),decreased prepulse inhibition,removed,fully acoustic procedure
Safb2,IMPC_CSD_001,Combined SHIRPA and Dysmorphology,abnormal vocalization,kept,non-acoustic MP term from mixed procedure
Nptn,IMPC_ACS_003,Acoustic Startle and Pre-pulse Inhibition (PPI),decreased prepulse inhibition,removed,fully acoustic procedure
Elmod1,ESLIM_008_001,Modified SHIRPA,abnormal startle reflex,removed,acoustic MP term from mixed procedure
Dyrk1b,IMPC_ACS_003,Acoustic Startle and Pre-pulse Inhibition (PPI),increased prepulse inhibition,removed,fully acoustic procedure
Sf3b3,IMPC_CSD_001,Combined SHIRPA and Dysmorphology,abnormal vocalization,kept,non-acoustic MP term from mixed procedure
Gal3st1,IMPC_ACS_003,Acoustic Startle and Pre-pulse Inhibition (PPI),decreased prepulse inhibition,removed,fully acoustic procedure
Tmtc4,IMPC_ACS_003,Acoustic Startle and Pre-pulse Inhibition (PPI),decreased prepulse inhibition,removed,fully acoustic procedure
Fmnl2,IMPC_ACS_003,Acoustic Startle and Pre-pulse Inhibition (PPI),decreased prepulse inhibition,removed,fully acoustic procedure
Rhbdf2,MGP_CSD_001,Combined SHIRPA and Dysmorphology,abnormal coat appearance,kept,non-acoustic MP term from mixed procedure
Usp31,HRWLLA_CSD_003,Combined SHIRPA and Dysmorphology,tremors,kept,non-acoustic MP term from mixed procedure
Evc2,IMPC_ACS_003,Acoustic Startle and Pre-pulse Inhibition (PPI),decreased prepulse inhibition,removed,fully acoustic procedure
Smoc1,IMPC_CSD_003,Combined SHIRPA and Dysmorphology,abnormal snout morphology,kept,non-acoustic MP term from mixed procedure
Slc46a3,IMPC_CSD_001,Combined SHIRPA and Dysmorphology,abnormal coat appearance,kept,non-acoustic MP term from mixed procedure
Bmp10,IMPC_CSD_003,Combined SHIRPA and Dysmorphology,decreased exploration in new environment,kept,non-acoustic MP term from mixed procedure
Hexb,IMPC_CSD_003,Combined SHIRPA and Dysmorphology,tremors,kept,non-acoustic MP term from mixed procedure
Ubiad1,JAXLA_CSD_003,Combined SHIRPA and Dysmorphology,abnormal coat/hair pigmentation,kept,non-acoustic MP term from mixed procedure
Zbtb10,IMPC_ACS_003,Acoustic Startle and Pre-pulse Inhibition (PPI),decreased prepulse inhibition,removed,fully acoustic procedure
Cxcl17,IMPC_CSD_003,Combined SHIRPA and Dysmorphology,abnormal coat/hair pigmentation,kept,non-acoustic MP term from mixed procedure
Bnip2,MGP_CSD_001,Combined SHIRPA and Dysmorphology,abnormal incisor color,kept,non-acoustic MP term from mixed procedure
Mef2b,IMPC_CSD_003,Combined SHIRPA and Dysmorphology,abnormal snout morphology,kept,non-acoustic MP term from mixed procedure
Laptm4b,IMPC_ACS_003,Acoustic Startle and Pre-pulse Inhibition (PPI),increased startle reflex,removed,fully acoustic procedure
Gdf5,IMPC_CSD_003,Combined SHIRPA and Dysmorphology,abnormal digit morphology,kept,non-acoustic MP term from mixed procedure
Adamts15,IMPC_ABR_002,Auditory Brain Stem Response,abnormal auditory brainstem response,removed,fully acoustic procedure
Hoxc12,IMPC_CSD_003,Combined SHIRPA and Dysmorphology,abnormal tail length,kept,non-acoustic MP term from mixed procedure
Cbr3,IMPC_CSD_003,Combined SHIRPA and Dysmorphology,decreased exploration in new environment,kept,non-acoustic MP term from mixed procedure
Cep128,IMPC_ABR_002,Auditory Brain Stem Response,abnormal auditory brainstem response,removed,fully acoustic procedure
Endod1,IMPC_ABR_002,Auditory Brain Stem Response,abnormal auditory brainstem response,removed,fully acoustic procedure
Tomm20,IMPC_CSD_001,Combined SHIRPA and Dysmorphology,abnormal vocalization,kept,non-acoustic MP term from mixed procedure
Nxn,MGP_CSD_001,Combined SHIRPA and Dysmorphology,abnormal snout morphology,kept,non-acoustic MP term from mixed procedure
Nufip2,IMPC_ACS_003,Acoustic Startle and Pre-pulse Inhibition (PPI),increased startle reflex,removed,fully acoustic procedure
Acbd3,IMPC_ACS_003,Acoustic Startle and Pre-pulse Inhibition (PPI),increased startle reflex,removed,fully acoustic procedure
Borcs7,IMPC_CSD_002,Combined SHIRPA and Dysmorphology,tremors,kept,non-acoustic MP term from mixed procedure
Klk15,IMPC_CSD_003,Combined SHIRPA and Dysmorphology,abnormal coat/ hair morphology,kept,non-acoustic MP term from mixed procedure
Ptp4a2,IMPC_ACS_003,Acoustic Startle and Pre-pulse Inhibition (PPI),decreased prepulse inhibition,removed,fully acoustic procedure
Tprn,IMPC_ACS_003,Acoustic Startle and Pre-pulse Inhibition (PPI),decreased prepulse inhibition,removed,fully acoustic procedure
Trpa1,IMPC_CSD_001,Combined SHIRPA and Dysmorphology,abnormal vocalization,kept,non-acoustic MP term from mixed procedure
Gria1,IMPC_ACS_003,Acoustic Startle and Pre-pulse Inhibition (PPI),decreased prepulse inhibition,removed,fully acoustic procedure
Wwtr1,IMPC_CSD_003,Combined SHIRPA and Dysmorphology,abnormal coat/hair pigmentation,kept,non-acoustic MP term from mixed procedure
Cggbp1,IMPC_ACS_003,Acoustic Startle and Pre-pulse Inhibition (PPI),increased startle reflex,removed,fully acoustic procedure
Polr1c,JAXLA_CSD_003,Combined SHIRPA and Dysmorphology,limb grasping,kept,non-acoustic MP term from mixed procedure
Rbfox3,ESLIM_011_001,Acoustic Startle&PPI,increased startle reflex,removed,fully acoustic procedure
BC031181,IMPC_CSD_003,Combined SHIRPA and Dysmorphology,limb grasping,kept,non-acoustic MP term from mixed procedure
Txlna,IMPC_CSD_003,Combined SHIRPA and Dysmorphology,abnormal gait,kept,non-acoustic MP term from mixed procedure
Dnase2b,ESLIM_008_001,Modified SHIRPA,tremors,kept,non-acoustic MP term from mixed procedure
Twist1,RBRCLA_CSD_003,Combined SHIRPA and Dysmorphology,abnormal digit morphology,kept,non-acoustic MP term from mixed procedure
Mag,IMPC_ABR_002,Auditory Brain Stem Response,abnormal auditory brainstem response,removed,fully acoustic procedure
Cgref1,JAXLA_CSD_003,Combined SHIRPA and Dysmorphology,abnormal vocalization,kept,non-acoustic MP term from mixed procedure
Fbxo10,JAXLA_CSD_003,Combined SHIRPA and Dysmorphology,abnormal coat/hair pigmentation,kept,non-acoustic MP term from mixed procedure
Bpifc,IMPC_CSD_003,Combined SHIRPA and Dysmorphology,abnormal locomotor behavior,kept,non-acoustic MP term from mixed procedure
Serpinb12,IMPC_CSD_003,Combined SHIRPA and Dysmorphology,head bobbing,kept,non-acoustic MP term from mixed procedure
Klhl5,IMPC_CSD_003,Combined SHIRPA and Dysmorphology,abnormal coat/hair pigmentation,kept,non-acoustic MP term from mixed procedure
Mir96,ESLIM_008_001,Modified SHIRPA,abnormal startle reflex,removed,acoustic MP term from mixed procedure
Duox2,IMPC_ACS_003,Acoustic Startle and Pre-pulse Inhibition (PPI),decreased prepulse inhibition,removed,fully acoustic procedure
Alg9,JAXLA_CSD_003,Combined SHIRPA and Dysmorphology,abnormal coat/hair pigmentation,kept,non-acoustic MP term from mixed procedure
Usp1,MGP_CSD_001,Combined SHIRPA and Dysmorphology,abnormal eyelid aperture,kept,non-acoustic MP term from mixed procedure
Zfp787,IMPC_CSD_003,Combined SHIRPA and Dysmorphology,abnormal locomotor behavior,kept,non-acoustic MP term from mixed procedure
Trappc2l,IMPC_ACS_003,Acoustic Startle and Pre-pulse Inhibition (PPI),decreased prepulse inhibition,removed,fully acoustic procedure
Eef1b2,JAXLA_CSD_001,Combined SHIRPA and Dysmorphology,limb grasping,kept,non-acoustic MP term from mixed procedure
Kif3c,IMPC_ACS_003,Acoustic Startle and Pre-pulse Inhibition (PPI),decreased startle reflex,removed,fully acoustic procedure
Lbr,IMPC_CSD_003,Combined SHIRPA and Dysmorphology,abnormal hindlimb morphology,kept,non-acoustic MP term from mixed procedure
Ap2a2,MGP_CSD_001,Combined SHIRPA and Dysmorphology,absent pinna reflex,removed,acoustic MP term from mixed procedure
Aldh3a2,ESLIM_011_001,Acoustic Startle&PPI,decreased prepulse inhibition,removed,fully acoustic procedure
Ephb4,IMPC_CSD_003,Combined SHIRPA and Dysmorphology,abnormal vocalization,kept,non-acoustic MP term from mixed procedure
Nol9,IMPC_CSD_001,Combined SHIRPA and Dysmorphology,abnormal vocalization,kept,non-acoustic MP term from mixed procedure
Tmem51,IMPC_ABR_002,Auditory Brain Stem Response,abnormal auditory brainstem response,removed,fully acoustic procedure
Dnase1l2,IMPC_CSD_003,Combined SHIRPA and Dysmorphology,abnormal digit morphology,kept,non-acoustic MP term from mixed procedure
Vdr,IMPC_CSD_002,Combined SHIRPA and Dysmorphology,abnormal locomotor behavior,kept,non-acoustic MP term from mixed procedure
Plin4,IMPC_ABR_002,Auditory Brain Stem Response,abnormal auditory brainstem response,removed,fully acoustic procedure
Plaur,IMPC_ACS_003,Acoustic Startle and Pre-pulse Inhibition (PPI),decreased prepulse inhibition,removed,fully acoustic procedure
Camsap3,MGP_CSD_001,Combined SHIRPA and Dysmorphology,absent pinna reflex,removed,acoustic MP term from mixed procedure
Marchf6,IMPC_ACS_003,Acoustic Startle and Pre-pulse Inhibition (PPI),decreased prepulse inhibition,removed,fully acoustic procedure
Ctnnb1,ESLIM_008_001,Modified SHIRPA,abnormal startle reflex,removed,acoustic MP term from mixed procedure
Tmc4,IMPC_CSD_001,Combined SHIRPA and Dysmorphology,abnormal coat/hair pigmentation,kept,non-acoustic MP term from mixed procedure
Rgl1,IMPC_ACS_003,Acoustic Startle and Pre-pulse Inhibition (PPI),decreased prepulse inhibition,removed,fully acoustic procedure
Triobp,IMPC_ABR_002,Auditory Brain Stem Response,abnormal auditory brainstem response,removed,fully acoustic procedure
Rtl3,IMPC_CSD_003,Combined SHIRPA and Dysmorphology,increased aggression,kept,non-acoustic MP term from mixed procedure
Crcp,IMPC_CSD_003,Combined SHIRPA and Dysmorphology,abnormal coat/hair pigmentation,kept,non-acoustic MP term from mixed procedure
Dlg4,M-G-P_008_001,Modified SHIRPA,decreased exploration in new environment,kept,non-acoustic MP term from mixed procedure
Fam117a,IMPC_ACS_003,Acoustic Startle and Pre-pulse Inhibition (PPI),decreased prepulse inhibition,removed,fully acoustic procedure
Sorl1,IMPC_CSD_003,Combined SHIRPA and Dysmorphology,abnormal gait,kept,non-acoustic MP term from mixed procedure
Pnpt1,M-G-P_008_001,Modified SHIRPA,abnormal gait,kept,non-acoustic MP term from mixed procedure
Selenot,IMPC_ACS_003,Acoustic Startle and Pre-pulse Inhibition (PPI),decreased startle reflex,removed,fully acoustic procedure
Atp8b1,TCPIP_CSD_003,Combined SHIRPA and Dysmorphology,abnormal startle reflex,removed,acoustic MP term from mixed procedure
Or52k2,IMPC_CSD_002,Combined SHIRPA and Dysmorphology,abnormal tooth morphology,kept,non-acoustic MP term from mixed procedure
Fads3,IMPC_ABR_001,Auditory Brain Stem Response,abnormal auditory brainstem response,removed,fully acoustic procedure
Gata2,IMPC_ABR_002,Auditory Brain Stem Response,abnormal auditory brainstem response,removed,fully acoustic procedure
Adam20,IMPC_CSD_003,Combined SHIRPA and Dysmorphology,abnormal locomotor behavior,kept,non-acoustic MP term from mixed procedure
Tma16,IMPC_ACS_003,Acoustic Startle and Pre-pulse Inhibition (PPI),decreased prepulse inhibition,removed,fully acoustic procedure
Zhx3,IMPC_CSD_003,Combined SHIRPA and Dysmorphology,increased exploration in new environment,kept,non-acoustic MP term from mixed procedure
Gpr150,IMPC_CSD_001,Combined SHIRPA and Dysmorphology,abnormal coat appearance,kept,non-acoustic MP term from mixed procedure
Plag1,IMPC_ACS_003,Acoustic Startle and Pre-pulse Inhibition (PPI),decreased startle reflex,removed,fully acoustic procedure
Erlec1,IMPC_ACS_003,Acoustic Startle and Pre-pulse Inhibition (PPI),increased prepulse inhibition,removed,fully acoustic procedure
Arsj,IMPC_ACS_003,Acoustic Startle and Pre-pulse Inhibition (PPI),increased startle reflex,removed,fully acoustic procedure
Zyg11b,IMPC_CSD_003,Combined SHIRPA and Dysmorphology,decreased exploration in new environment,kept,non-acoustic MP term from mixed procedure
Mir96,IMPC_ABR_001,Auditory Brain Stem Response,abnormal auditory brainstem response,removed,fully acoustic procedure
Fus,IMPC_ACS_003,Acoustic Startle and Pre-pulse Inhibition (PPI),increased prepulse inhibition,removed,fully acoustic procedure
Map7,IMPC_ACS_003,Acoustic Startle and Pre-pulse Inhibition (PPI),decreased prepulse inhibition,removed,fully acoustic procedure
D430041D05Rik,ESLIM_008_001,Modified SHIRPA,abnormal vocalization,kept,non-acoustic MP term from mixed procedure
Iqgap2,IMPC_ABR_002,Auditory Brain Stem Response,abnormal auditory brainstem response,removed,fully acoustic procedure
Cyp27b1,IMPC_CSD_003,Combined SHIRPA and Dysmorphology,decreased exploration in new environment,kept,non-acoustic MP term from mixed procedure
Tspan13,KMPCIP_CSD_003,Combined SHIRPA and Dysmorphology,abnormal vibrissa morphology,kept,non-acoustic MP term from mixed procedure
Ano7,IMPC_CSD_001,Combined SHIRPA and Dysmorphology,abnormal coat/ hair morphology,kept,non-acoustic MP term from mixed procedure
Shank2,IMPC_CSD_003,Combined SHIRPA and Dysmorphology,limb grasping,kept,non-acoustic MP term from mixed procedure
Dhx9,IMPC_ACS_003,Acoustic Startle and Pre-pulse Inhibition (PPI),decreased prepulse inhibition,removed,fully acoustic procedure
Maf,IMPC_ACS_003,Acoustic Startle and Pre-pulse Inhibition (PPI),decreased prepulse inhibition,removed,fully acoustic procedure
Tmprss6,IMPC_CSD_003,Combined SHIRPA and Dysmorphology,abnormal coat appearance,kept,non-acoustic MP term from mixed procedure
Mau2,MGP_CSD_001,Combined SHIRPA and Dysmorphology,absent pinna reflex,removed,acoustic MP term from mixed procedure
Cyp17a1,IMPC_CSD_002,Combined SHIRPA and Dysmorphology,absent external male genitalia,kept,non-acoustic MP term from mixed procedure
Tmc4,IMPC_CSD_001,Combined SHIRPA and Dysmorphology,abnormal locomotor behavior,kept,non-acoustic MP term from mixed procedure
Mpdz,IMPC_ABR_002,Auditory Brain Stem Response,abnormal auditory brainstem response,removed,fully acoustic procedure
Ankle1,IMPC_CSD_002,Combined SHIRPA and Dysmorphology,abnormal coat/hair pigmentation,kept,non-acoustic MP term from mixed procedure
Nt5dc2,JAXLA_CSD_003,Combined SHIRPA and Dysmorphology,limb grasping,kept,non-acoustic MP term from mixed procedure
Bloc1s5,IMPC_CSD_003,Combined SHIRPA and Dysmorphology,abnormal skin coloration,kept,non-acoustic MP term from mixed procedure
Mvd,IMPC_CSD_001,Combined SHIRPA and Dysmorphology,abnormal vocalization,kept,non-acoustic MP term from mixed procedure
Rnf34,IMPC_CSD_003,Combined SHIRPA and Dysmorphology,abnormal coat/hair pigmentation,kept,non-acoustic MP term from mixed procedure
Tmprss6,IMPC_CSD_003,Combined SHIRPA and Dysmorphology,abnormal coat/hair pigmentation,kept,non-acoustic MP term from mixed procedure
Atp8b1,IMPC_ABR_002,Auditory Brain Stem Response,abnormal auditory brainstem response,removed,fully acoustic procedure
Zfp524,IMPC_ACS_003,Acoustic Startle and Pre-pulse Inhibition (PPI),increased startle reflex,removed,fully acoustic procedure
Bex2,IMPC_ACS_003,Acoustic Startle and Pre-pulse Inhibition (PPI),increased startle reflex,removed,fully acoustic procedure
Znhit1,IMPC_CSD_001,Combined SHIRPA and Dysmorphology,abnormal coat/ hair morphology,kept,non-acoustic MP term from mixed procedure
Rpl7l1,IMPC_CSD_003,Combined SHIRPA and Dysmorphology,abnormal coat appearance,kept,non-acoustic MP term from mixed procedure
Wdr6,IMPC_CSD_003,Combined SHIRPA and Dysmorphology,abnormal coat/hair pigmentation,kept,non-acoustic MP term from mixed procedure
Slc25a1,IMPC_CSD_003,Combined SHIRPA and Dysmorphology,increased exploration in new environment,kept,non-acoustic MP term from mixed procedure
Zbtb16,IMPC_CSD_003,Combined SHIRPA and Dysmorphology,abnormal gait,kept,non-acoustic MP term from mixed procedure
Sis,IMPC_CSD_001,Combined SHIRPA and Dysmorphology,abnormal coat/hair pigmentation,kept,non-acoustic MP term from mixed procedure
Snip1,ESLIM_008_001,Modified SHIRPA,abnormal tail movements,kept,non-acoustic MP term from mixed procedure
Endod1,IMPC_ABR_002,Auditory Brain Stem Response,abnormal auditory brainstem response,removed,fully acoustic procedure
Myo6,IMPC_CSD_003,Combined SHIRPA and Dysmorphology,head bobbing,kept,non-acoustic MP term from mixed procedure
Zdhhc24,IMPC_ACS_003,Acoustic Startle and Pre-pulse Inhibition (PPI),decreased prepulse inhibition,removed,fully acoustic procedure
Eif1b,IMPC_ABR_002,Auditory Brain Stem Response,abnormal auditory brainstem response,removed,fully acoustic procedure
Sdc2,IMPC_CSD_002,Combined SHIRPA and Dysmorphology,abnormal coat/hair pigmentation,kept,non-acoustic MP term from mixed procedure
Vdr,IMPC_CSD_002,Combined SHIRPA and Dysmorphology,abnormal head morphology,kept,non-acoustic MP term from mixed procedure
Pspc1,IMPC_ACS_003,Acoustic Startle and Pre-pulse Inhibition (PPI),increased startle reflex,removed,fully acoustic procedure
Il2rb,IMPC_CSD_003,Combined SHIRPA and Dysmorphology,abnormal autopod morphology,kept,non-acoustic MP term from mixed procedure
Pcdh10,IMPC_CSD_003,Combined SHIRPA and Dysmorphology,abnormal gait,kept,non-acoustic MP term from mixed procedure
Tmlhe,IMPC_CSD_003,Combined SHIRPA and Dysmorphology,abnormal snout morphology,kept,non-acoustic MP term from mixed procedure
Tbc1d9b,IMPC_ACS_003,Acoustic Startle and Pre-pulse Inhibition (PPI),decreased startle reflex,removed,fully acoustic procedure
Slc17a8,IMPC_ABR_002,Auditory Brain Stem Response,abnormal auditory brainstem response,removed,fully acoustic procedure
Elmod1,ESLIM_011_001,Acoustic Startle&PPI,increased startle reflex,removed,fully acoustic procedure
Prkra,IMPC_ACS_003,Acoustic Startle and Pre-pulse Inhibition (PPI),decreased prepulse inhibition,removed,fully acoustic procedure
Dcp2,IMPC_CSD_003,Combined SHIRPA and Dysmorphology,abnormal coat/hair pigmentation,kept,non-acoustic MP term from mixed procedure
Tmem51,IMPC_ABR_002,Auditory Brain Stem Response,abnormal auditory brainstem response,removed,fully acoustic procedure
Ephb4,IMPC_CSD_003,Combined SHIRPA and Dysmorphology,abnormal vocalization,kept,non-acoustic MP term from mixed procedure
Xrcc5,IMPC_CSD_003,Combined SHIRPA and Dysmorphology,abnormal autopod morphology,kept,non-acoustic MP term from mixed procedure
Saxo4,IMPC_CSD_003,Combined SHIRPA and Dysmorphology,abnormal coat/hair pigmentation,kept,non-acoustic MP term from mixed procedure
Ilrun,IMPC_ACS_003,Acoustic Startle and Pre-pulse Inhibition (PPI),decreased startle reflex,removed,fully acoustic procedure
Lbr,IMPC_CSD_003,Combined SHIRPA and Dysmorphology,abnormal coat/ hair morphology,kept,non-acoustic MP term from mixed procedure
Ky,IMPC_CSD_003,Combined SHIRPA and Dysmorphology,abnormal gait,kept,non-acoustic MP term from mixed procedure
Dnase1l2,IMPC_CSD_002,Combined SHIRPA and Dysmorphology,abnormal digit morphology,kept,non-acoustic MP term from mixed procedure
Ecpas,IMPC_CSD_001,Combined SHIRPA and Dysmorphology,abnormal vocalization,kept,non-acoustic MP term from mixed procedure
Rundc3a,IMPC_ACS_003,Acoustic Startle and Pre-pulse Inhibition (PPI),decreased prepulse inhibition,removed,fully acoustic procedure
Agbl1,JAXLA_CSD_003,Combined SHIRPA and Dysmorphology,abnormal coat/hair pigmentation,kept,non-acoustic MP term from mixed procedure
Luc7l,IMPC_CSD_003,Combined SHIRPA and Dysmorphology,abnormal coat/hair pigmentation,kept,non-acoustic MP term from mixed procedure
Vps13b,IMPC_CSD_003,Combined SHIRPA and Dysmorphology,decreased exploration in new environment,kept,non-acoustic MP term from mixed procedure
Scamp2,IMPC_ABR_002,Auditory Brain Stem Response,abnormal auditory brainstem response,removed,fully acoustic procedure
Kpna4,IMPC_CSD_001,Combined SHIRPA and Dysmorphology,abnormal vocalization,kept,non-acoustic MP term from mixed procedure
Sun1,IMPC_CSD_003,Combined SHIRPA and Dysmorphology,abnormal startle reflex,removed,acoustic MP term from mixed procedure
Mdp1,IMPC_CSD_001,Combined SHIRPA and Dysmorphology,abnormal coat appearance,kept,non-acoustic MP term from mixed procedure
Ift172,IMPC_CSD_003,Combined SHIRPA and Dysmorphology,abnormal digit morphology,kept,non-acoustic MP term from mixed procedure
Gna11,ESLIM_011_001,Acoustic Startle&PPI,increased startle reflex,removed,fully acoustic procedure
Kcne1,IMPC_CSD_003,Combined SHIRPA and Dysmorphology,abnormal gait,kept,non-acoustic MP term from mixed procedure
Rnf10,IMPC_ACS_003,Acoustic Startle and Pre-pulse Inhibition (PPI),decreased prepulse inhibition,removed,fully acoustic procedure
Hmbox1,IMPC_CSD_003,Combined SHIRPA and Dysmorphology,tremors,kept,non-acoustic MP term from mixed procedure
Ccnd2,HRWLIP_CSD_003,Combined SHIRPA and Dysmorphology,trunk curl,kept,non-acoustic MP term from mixed procedure
Cdh23,MGP_CSD_001,Combined SHIRPA and Dysmorphology,trunk curl,kept,non-acoustic MP term from mixed procedure
Dsg1b,MGP_CSD_001,Combined SHIRPA and Dysmorphology,abnormal coat appearance,kept,non-acoustic MP term from mixed procedure
Gria1,IMPC_ACS_003,Acoustic Startle and Pre-pulse Inhibition (PPI),decreased startle reflex,removed,fully acoustic procedure
Tmem175,KMPCIP_CSD_003,Combined SHIRPA and Dysmorphology,abnormal coat/hair pigmentation,kept,non-acoustic MP term from mixed procedure
Rxylt1,JAXLA_CSD_001,Combined SHIRPA and Dysmorphology,abnormal coat/hair pigmentation,kept,non-acoustic MP term from mixed procedure
Osbpl8,IMPC_ACS_003,Acoustic Startle and Pre-pulse Inhibition (PPI),decreased prepulse inhibition,removed,fully acoustic procedure
Duoxa2,MGP_CSD_001,Combined SHIRPA and Dysmorphology,abnormal hair growth,kept,non-acoustic MP term from mixed procedure
Fgf20,IMPC_ACS_003,Acoustic Startle and Pre-pulse Inhibition (PPI),decreased startle reflex,removed,fully acoustic procedure
Kcnma1,IMPC_CSD_003,Combined SHIRPA and Dysmorphology,tremors,kept,non-acoustic MP term from mixed procedure
Slc35c2,IMPC_CSD_001,Combined SHIRPA and Dysmorphology,abnormal coat/ hair morphology,kept,non-acoustic MP term from mixed procedure
Ano8,JAXLA_CSD_003,Combined SHIRPA and Dysmorphology,abnormal locomotor behavior,kept,non-acoustic MP term from mixed procedure
Rhbdl3,IMPC_CSD_003,Combined SHIRPA and Dysmorphology,tremors,kept,non-acoustic MP term from mixed procedure
Pacrg,JAXLA_CSD_003,Combined SHIRPA and Dysmorphology,abnormal locomotor behavior,kept,non-acoustic MP term from mixed procedure
Ngfr,IMPC_CSD_003,Combined SHIRPA and Dysmorphology,abnormal digit morphology,kept,non-acoustic MP term from mixed procedure
Afg1l,KMPCIP_CSD_003,Combined SHIRPA and Dysmorphology,abnormal coat/ hair morphology,kept,non-acoustic MP term from mixed procedure
Rnf10,IMPC_CSD_003,Combined SHIRPA and Dysmorphology,abnormal gait,kept,non-acoustic MP term from mixed procedure
Cpe,IMPC_CSD_002,Combined SHIRPA and Dysmorphology,decreased exploration in new environment,kept,non-acoustic MP term from mixed procedure
Lep,IMPC_CSD_003,Combined SHIRPA and Dysmorphology,decreased exploration in new environment,kept,non-acoustic MP term from mixed procedure
Ano8,JAXLA_CSD_003,Combined SHIRPA and Dysmorphology,impaired righting response,kept,non-acoustic MP term from mixed procedure
Lrrk1,IMPC_CSD_003,Combined SHIRPA and Dysmorphology,abnormal tooth morphology,kept,non-acoustic MP term from mixed procedure
Car3,IMPC_CSD_002,Combined SHIRPA and Dysmorphology,impaired righting response,kept,non-acoustic MP term from mixed procedure
Irgm2,JAXLA_CSD_003,Combined SHIRPA and Dysmorphology,abnormal startle reflex,removed,acoustic MP term from mixed procedure
Cgas,ESLIM_008_001,Modified SHIRPA,abnormal tail movements,kept,non-acoustic MP term from mixed procedure
Otog,IMPC_CSD_001,Combined SHIRPA and Dysmorphology,abnormal vibrissa morphology,kept,non-acoustic MP term from mixed procedure
Tex21,IMPC_CSD_003,Combined SHIRPA and Dysmorphology,abnormal gait,kept,non-acoustic MP term from mixed procedure
Rnf13,IMPC_CSD_003,Combined SHIRPA and Dysmorphology,abnormal hindlimb morphology,kept,non-acoustic MP term from mixed procedure
Cimip2b,IMPC_ABR_002,Auditory Brain Stem Response,abnormal auditory brainstem response,removed,fully acoustic procedure
Pgm1,IMPC_CSD_001,Combined SHIRPA and Dysmorphology,abnormal vocalization,kept,non-acoustic MP term from mixed procedure
Lrrk1,IMPC_CSD_003,Combined SHIRPA and Dysmorphology,abnormal tooth morphology,kept,non-acoustic MP term from mixed procedure
Rbpj,IMPC_CSD_003,Combined SHIRPA and Dysmorphology,limb grasping,kept,non-acoustic MP term from mixed procedure
Mtmr14,ESLIM_011_001,Acoustic Startle&PPI,increased startle reflex,removed,fully acoustic procedure
Ccdc92,IMPC_ABR_002,Auditory Brain Stem Response,abnormal auditory brainstem response,removed,fully acoustic procedure
Iigp1c,HMGULA_SHI_001,SHIRPA,abnormal gait,kept,non-acoustic MP term from mixed procedure
Sun1,IMPC_ABR_002,Auditory Brain Stem Response,abnormal auditory brainstem response,removed,fully acoustic procedure
Fam53b,IMPC_ABR_002,Auditory Brain Stem Response,abnormal auditory brainstem response,removed,fully acoustic procedure
Hipk3,IMPC_ACS_003,Acoustic Startle and Pre-pulse Inhibition (PPI),decreased prepulse inhibition,removed,fully acoustic procedure
Fbn2,IMPC_CSD_003,Combined SHIRPA and Dysmorphology,abnormal autopod morphology,kept,non-acoustic MP term from mixed procedure
Dennd6b,IMPC_ABR_002,Auditory Brain Stem Response,abnormal auditory brainstem response,removed,fully acoustic procedure
Clpp,IMPC_ABR_001,Auditory Brain Stem Response,abnormal auditory brainstem response,removed,fully acoustic procedure
Gpcpd1,IMPC_ACS_003,Acoustic Startle and Pre-pulse Inhibition (PPI),decreased prepulse inhibition,removed,fully acoustic procedure
Plod3,IMPC_ABR_002,Auditory Brain Stem Response,abnormal auditory brainstem response,removed,fully acoustic procedure
Lpin3,IMPC_CSD_003,Combined SHIRPA and Dysmorphology,abnormal vocalization,kept,non-acoustic MP term from mixed procedure
Taco1,JAXLA_CSD_003,Combined SHIRPA and Dysmorphology,abnormal coat/ hair morphology,kept,non-acoustic MP term from mixed procedure
Kif13a,IMPC_ACS_003,Acoustic Startle and Pre-pulse Inhibition (PPI),decreased prepulse inhibition,removed,fully acoustic procedure
Col9a3,IMPC_ABR_002,Auditory Brain Stem Response,abnormal auditory brainstem response,removed,fully acoustic procedure
Sbf1,IMPC_ACS_003,Acoustic Startle and Pre-pulse Inhibition (PPI),decreased prepulse inhibition,removed,fully acoustic procedure
Snap23,IMPC_ACS_003,Acoustic Startle and Pre-pulse Inhibition (PPI),increased startle reflex,removed,fully acoustic procedure
Mcf2l,ESLIM_011_001,Acoustic Startle&PPI,increased startle reflex,removed,fully acoustic procedure
Srsf6,IMPC_CSD_001,Combined SHIRPA and Dysmorphology,abnormal vocalization,kept,non-acoustic MP term from mixed procedure
Cct3,IMPC_ACS_003,Acoustic Startle and Pre-pulse Inhibition (PPI),increased startle reflex,removed,fully acoustic procedure
Klhl32,IMPC_CSD_003,Combined SHIRPA and Dysmorphology,abnormal coat/hair pigmentation,kept,non-acoustic MP term from mixed procedure
Ralgps1,IMPC_CSD_001,Combined SHIRPA and Dysmorphology,abnormal vocalization,kept,non-acoustic MP term from mixed procedure
Nrip3,IMPC_ACS_003,Acoustic Startle and Pre-pulse Inhibition (PPI),increased startle reflex,removed,fully acoustic procedure
Tprn,IMPC_ABR_002,Auditory Brain Stem Response,abnormal auditory brainstem response,removed,fully acoustic procedure
Atn1,IMPC_CSD_003,Combined SHIRPA and Dysmorphology,decreased exploration in new environment,kept,non-acoustic MP term from mixed procedure
Noxa1,IMPC_CSD_003,Combined SHIRPA and Dysmorphology,abnormal behavior,kept,non-acoustic MP term from mixed procedure
Endod1,IMPC_ABR_002,Auditory Brain Stem Response,abnormal auditory brainstem response,removed,fully acoustic procedure
Lrrc41,IMPC_ACS_003,Acoustic Startle and Pre-pulse Inhibition (PPI),increased startle reflex,removed,fully acoustic procedure
Rnf34,IMPC_CSD_003,Combined SHIRPA and Dysmorphology,abnormal skin coloration,kept,non-acoustic MP term from mixed procedure
Lnpep,IMPC_CSD_003,Combined SHIRPA and Dysmorphology,decreased exploration in new environment,kept,non-acoustic MP term from mixed procedure
Banf1,IMPC_CSD_003,Combined SHIRPA and Dysmorphology,abnormal coat/ hair morphology,kept,non-acoustic MP term from mixed procedure
Hpd,IMPC_CSD_003,Combined SHIRPA and Dysmorphology,head bobbing,kept,non-acoustic MP term from mixed procedure
Cx3cl1,IMPC_CSD_003,Combined SHIRPA and Dysmorphology,decreased exploration in new environment,kept,non-acoustic MP term from mixed procedure
Triobp,IMPC_ACS_003,Acoustic Startle and Pre-pulse Inhibition (PPI),decreased startle reflex,removed,fully acoustic procedure
Brat1,IMPC_CSD_003,Combined SHIRPA and Dysmorphology,abnormal coat/hair pigmentation,kept,non-acoustic MP term from mixed procedure
Cacna2d2,IMPC_CSD_003,Combined SHIRPA and Dysmorphology,abnormal gait,kept,non-acoustic MP term from mixed procedure
Plscr5,IMPC_ABR_002,Auditory Brain Stem Response,abnormal auditory brainstem response,removed,fully acoustic procedure
Krt85,IMPC_ACS_003,Acoustic Startle and Pre-pulse Inhibition (PPI),decreased prepulse inhibition,removed,fully acoustic procedure
Ctsa,IMPC_CSD_003,Combined SHIRPA and Dysmorphology,abnormal head morphology,kept,non-acoustic MP term from mixed procedure
Abcb4,ESLIM_008_001,Modified SHIRPA,decreased locomotor activity,kept,non-acoustic MP term from mixed procedure
Gad2,IMPC_ACS_003,Acoustic Startle and Pre-pulse Inhibition (PPI),decreased prepulse inhibition,removed,fully acoustic procedure
Lama1,IMPC_ACS_003,Acoustic Startle and Pre-pulse Inhibition (PPI),increased startle reflex,removed,fully acoustic procedure
Ylpm1,IMPC_CSD_001,Combined SHIRPA and Dysmorphology,abnormal startle reflex,removed,acoustic MP term from mixed procedure
Colgalt2,IMPC_ACS_003,Acoustic Startle and Pre-pulse Inhibition (PPI),decreased startle reflex,removed,fully acoustic procedure
Acadsb,JAXLA_CSD_003,Combined SHIRPA and Dysmorphology,abnormal coat/hair pigmentation,kept,non-acoustic MP term from mixed procedure
Hoxc13,IMPC_CSD_003,Combined SHIRPA and Dysmorphology,abnormal coat appearance,kept,non-acoustic MP term from mixed procedure
Ism1,IMPC_CSD_003,Combined SHIRPA and Dysmorphology,abnormal behavior,kept,non-acoustic MP term from mixed procedure
Polr1c,JAXLA_CSD_003,Combined SHIRPA and Dysmorphology,limb grasping,kept,non-acoustic MP term from mixed procedure
Fam83d,IMPC_ACS_003,Acoustic Startle and Pre-pulse Inhibition (PPI),decreased prepulse inhibition,removed,fully acoustic procedure
Ogfod3,IMPC_ACS_003,Acoustic Startle and Pre-pulse Inhibition (PPI),decreased prepulse inhibition,removed,fully acoustic procedure
Hnrnph2,IMPC_CSD_001,Combined SHIRPA and Dysmorphology,abnormal coat/ hair morphology,kept,non-acoustic MP term from mixed procedure
Dbn1,IMPC_CSD_003,Combined SHIRPA and Dysmorphology,increased exploration in new environment,kept,non-acoustic MP term from mixed procedure
Spryd3,IMPC_ACS_003,Acoustic Startle and Pre-pulse Inhibition (PPI),increased startle reflex,removed,fully acoustic procedure
Asap2,IMPC_ACS_003,Acoustic Startle and Pre-pulse Inhibition (PPI),decreased prepulse inhibition,removed,fully acoustic procedure
Gnas,ESLIM_011_001,Acoustic Startle&PPI,increased startle reflex,removed,fully acoustic procedure
Bms1,IMPC_CSD_002,Combined SHIRPA and Dysmorphology,abnormal coat/hair pigmentation,kept,non-acoustic MP term from mixed procedure
Mettl14,IMPC_CSD_003,Combined SHIRPA and Dysmorphology,decreased exploration in new environment,kept,non-acoustic MP term from mixed procedure
Farp1,IMPC_ACS_003,Acoustic Startle and Pre-pulse Inhibition (PPI),increased startle reflex,removed,fully acoustic procedure
Brd4,IMPC_ACS_003,Acoustic Startle and Pre-pulse Inhibition (PPI),decreased prepulse inhibition,removed,fully acoustic procedure
Kcnd3,JAXLA_CSD_003,Combined SHIRPA and Dysmorphology,abnormal startle reflex,removed,acoustic MP term from mixed procedure
Dync1li2,IMPC_CSD_001,Combined SHIRPA and Dysmorphology,abnormal coat/ hair morphology,kept,non-acoustic MP term from mixed procedure
Bscl2,IMPC_ACS_003,Acoustic Startle and Pre-pulse Inhibition (PPI),decreased prepulse inhibition,removed,fully acoustic procedure
Eif3k,IMPC_CSD_002,Combined SHIRPA and Dysmorphology,abnormal tooth morphology,kept,non-acoustic MP term from mixed procedure
Sypl1,IMPC_CSD_003,Combined SHIRPA and Dysmorphology,decreased exploration in new environment,kept,non-acoustic MP term from mixed procedure
Tmem175,KMPCIP_CSD_003,Combined SHIRPA and Dysmorphology,abnormal skin coloration,kept,non-acoustic MP term from mixed procedure
Trpc1,IMPC_CSD_003,Combined SHIRPA and Dysmorphology,decreased exploration in new environment,kept,non-acoustic MP term from mixed procedure
Atxn7l1,IMPC_ACS_003,Acoustic Startle and Pre-pulse Inhibition (PPI),increased startle reflex,removed,fully acoustic procedure
Rprd1b,ESLIM_011_001,Acoustic Startle&PPI,increased startle reflex,removed,fully acoustic procedure
Maf,IMPC_ACS_003,Acoustic Startle and Pre-pulse Inhibition (PPI),decreased prepulse inhibition,removed,fully acoustic procedure
Cox10,IMPC_CSD_003,Combined SHIRPA and Dysmorphology,head bobbing,kept,non-acoustic MP term from mixed procedure
Barx2,IMPC_CSD_003,Combined SHIRPA and Dysmorphology,abnormal gait,kept,non-acoustic MP term from mixed procedure
Mc1r,IMPC_CSD_003,Combined SHIRPA and Dysmorphology,abnormal coat/hair pigmentation,kept,non-acoustic MP term from mixed procedure
Acsm2,IMPC_CSD_001,Combined SHIRPA and Dysmorphology,abnormal coat appearance,kept,non-acoustic MP term from mixed procedure
Pstpip2,IMPC_CSD_003,Combined SHIRPA and Dysmorphology,abnormal digit morphology,kept,non-acoustic MP term from mixed procedure
Dcp2,IMPC_CSD_003,Combined SHIRPA and Dysmorphology,abnormal coat/hair pigmentation,kept,non-acoustic MP term from mixed procedure
Mllt6,IMPC_ACS_003,Acoustic Startle and Pre-pulse Inhibition (PPI),decreased prepulse inhibition,removed,fully acoustic procedure
Barx2,IMPC_CSD_003,Combined SHIRPA and Dysmorphology,absent vibrissae,kept,non-acoustic MP term from mixed procedure
Hif1an,IMPC_ACS_003,Acoustic Startle and Pre-pulse Inhibition (PPI),decreased prepulse inhibition,removed,fully acoustic procedure
Esyt1,IMPC_CSD_002,Combined SHIRPA and Dysmorphology,abnormal tooth morphology,kept,non-acoustic MP term from mixed procedure
Zfp469,IMPC_ABR_002,Auditory Brain Stem Response,abnormal auditory brainstem response,removed,fully acoustic procedure
Frmd4b,IMPC_CSD_003,Combined SHIRPA and Dysmorphology,abnormal skin coloration,kept,non-acoustic MP term from mixed procedure
Tmem145,IMPC_ACS_003,Acoustic Startle and Pre-pulse Inhibition (PPI),decreased prepulse inhibition,removed,fully acoustic procedure
Micu1,IMPC_CSD_003,Combined SHIRPA and Dysmorphology,abnormal locomotor behavior,kept,non-acoustic MP term from mixed procedure
Vdac3,IMPC_CSD_002,Combined SHIRPA and Dysmorphology,abnormal coat appearance,kept,non-acoustic MP term from mixed procedure
Hoxc12,IMPC_CSD_003,Combined SHIRPA and Dysmorphology,abnormal tail length,kept,non-acoustic MP term from mixed procedure
Fbxo11,ESLIM_011_001,Acoustic Startle&PPI,decreased prepulse inhibition,removed,fully acoustic procedure
Has3,IMPC_CSD_003,Combined SHIRPA and Dysmorphology,abnormal coat appearance,kept,non-acoustic MP term from mixed procedure
Spag7,IMPC_ACS_003,Acoustic Startle and Pre-pulse Inhibition (PPI),decreased prepulse inhibition,removed,fully acoustic procedure
Ppp2r5d,IMPC_CSD_002,Combined SHIRPA and Dysmorphology,abnormal vocalization,kept,non-acoustic MP term from mixed procedure
Coq3,IMPC_CSD_001,Combined SHIRPA and Dysmorphology,abnormal vocalization,kept,non-acoustic MP term from mixed procedure
Tbc1d5,JAXLA_CSD_003,Combined SHIRPA and Dysmorphology,abnormal autopod morphology,kept,non-acoustic MP term from mixed procedure
Myo7a,MGP_CSD_001,Combined SHIRPA and Dysmorphology,absent pinna reflex,removed,acoustic MP term from mixed procedure
Rgs2,IMPC_CSD_003,Combined SHIRPA and Dysmorphology,abnormal tooth morphology,kept,non-acoustic MP term from mixed procedure
Bloc1s6,IMPC_CSD_003,Combined SHIRPA and Dysmorphology,abnormal coat/hair pigmentation,kept,non-acoustic MP term from mixed procedure
Gpr25,IMPC_CSD_003,Combined SHIRPA and Dysmorphology,abnormal skin coloration,kept,non-acoustic MP term from mixed procedure
Hnf4g,IMPC_ABR_002,Auditory Brain Stem Response,abnormal auditory brainstem response,removed,fully acoustic procedure
Ube2g1,IMPC_ABR_002,Auditory Brain Stem Response,abnormal auditory brainstem response,removed,fully acoustic procedure
Npr2,IMPC_CSD_003,Combined SHIRPA and Dysmorphology,abnormal head size,kept,non-acoustic MP term from mixed procedure
Wtap,ESLIM_011_001,Acoustic Startle&PPI,increased startle reflex,removed,fully acoustic procedure
Iqsec3,IMPC_ACS_003,Acoustic Startle and Pre-pulse Inhibition (PPI),decreased prepulse inhibition,removed,fully acoustic procedure
Saxo4,IMPC_CSD_003,Combined SHIRPA and Dysmorphology,abnormal coat/hair pigmentation,kept,non-acoustic MP term from mixed procedure
Marchf7,ESLIM_011_001,Acoustic Startle&PPI,increased startle reflex,removed,fully acoustic procedure
Fbxo11,ESLIM_008_001,Modified SHIRPA,abnormal vocalization,kept,non-acoustic MP term from mixed procedure
Tph2,IMPC_CSD_003,Combined SHIRPA and Dysmorphology,decreased exploration in new environment,kept,non-acoustic MP term from mixed procedure
Brd7,ESLIM_008_001,Modified SHIRPA,abnormal vocalization,kept,non-acoustic MP term from mixed procedure
Gask1a,IMPC_ABR_002,Auditory Brain Stem Response,abnormal auditory brainstem response,removed,fully acoustic procedure
Fam167a,IMPC_CSD_003,Combined SHIRPA and Dysmorphology,abnormal coat/ hair morphology,kept,non-acoustic MP term from mixed procedure
Kcnj10,IMPC_CSD_003,Combined SHIRPA and Dysmorphology,tremors,kept,non-acoustic MP term from mixed procedure
Ctsa,IMPC_CSD_003,Combined SHIRPA and Dysmorphology,abnormal gait,kept,non-acoustic MP term from mixed procedure
Rab27a,IMPC_CSD_003,Combined SHIRPA and Dysmorphology,limb grasping,kept,non-acoustic MP term from mixed procedure
Emc10,IMPC_CSD_003,Combined SHIRPA and Dysmorphology,abnormal vocalization,kept,non-acoustic MP term from mixed procedure
Prodh,IMPC_CSD_003,Combined SHIRPA and Dysmorphology,abnormal coat/hair pigmentation,kept,non-acoustic MP term from mixed procedure
Samd7,IMPC_CSD_003,Combined SHIRPA and Dysmorphology,abnormal locomotor behavior,kept,non-acoustic MP term from mixed procedure
Dnase1l2,JAXLA_CSD_003,Combined SHIRPA and Dysmorphology,abnormal coat/hair pigmentation,kept,non-acoustic MP term from mixed procedure
Svop,HRWLLA_CSD_003,Combined SHIRPA and Dysmorphology,impaired righting response,kept,non-acoustic MP term from mixed procedure
Ttc7,IMPC_CSD_001,Combined SHIRPA and Dysmorphology,abnormal coat/ hair morphology,kept,non-acoustic MP term from mixed procedure
Zfp719,IMPC_ABR_001,Auditory Brain Stem Response,abnormal auditory brainstem response,removed,fully acoustic procedure
Sec62,IMPC_CSD_001,Combined SHIRPA and Dysmorphology,abnormal coat/hair pigmentation,kept,non-acoustic MP term from mixed procedure
Crybg1,IMPC_ACS_003,Acoustic Startle and Pre-pulse Inhibition (PPI),decreased prepulse inhibition,removed,fully acoustic procedure
Hoxc13,IMPC_CSD_003,Combined SHIRPA and Dysmorphology,abnormal coat appearance,kept,non-acoustic MP term from mixed procedure
Zfp746,KMPCLA_CSD_003,Combined SHIRPA and Dysmorphology,abnormal coat/hair pigmentation,kept,non-acoustic MP term from mixed procedure
Kcnv1,IMPC_CSD_001,Combined SHIRPA and Dysmorphology,abnormal vocalization,kept,non-acoustic MP term from mixed procedure
Atp6v1c1,IMPC_ACS_003,Acoustic Startle and Pre-pulse Inhibition (PPI),decreased prepulse inhibition,removed,fully acoustic procedure
Osbpl8,IMPC_ACS_003,Acoustic Startle and Pre-pulse Inhibition (PPI),decreased startle reflex,removed,fully acoustic procedure
Mtarc2,ESLIM_011_001,Acoustic Startle&PPI,increased startle reflex,removed,fully acoustic procedure
Setdb2,ESLIM_011_001,Acoustic Startle&PPI,increased startle reflex,removed,fully acoustic procedure
Xylb,ESLIM_008_001,Modified SHIRPA,abnormal response to tactile stimuli,kept,non-acoustic MP term from mixed procedure
Gnasas1,ESLIM_008_001,Modified SHIRPA,abnormal response to new environment,kept,non-acoustic MP term from mixed procedure
Ttc4,IMPC_CSD_003,Combined SHIRPA and Dysmorphology,limb grasping,kept,non-acoustic MP term from mixed procedure
Kif13a,IMPC_ABR_002,Auditory Brain Stem Response,abnormal auditory brainstem response,removed,fully acoustic procedure
Agap1,MGP_CSD_001,Combined SHIRPA and Dysmorphology,abnormal snout morphology,kept,non-acoustic MP term from mixed procedure
Zfpl1,IMPC_CSD_003,Combined SHIRPA and Dysmorphology,tremors,kept,non-acoustic MP term from mixed procedure
Ovol1,IMPC_CSD_001,Combined SHIRPA and Dysmorphology,abnormal coat/hair pigmentation,kept,non-acoustic MP term from mixed procedure
Cyp17a1,IMPC_CSD_002,Combined SHIRPA and Dysmorphology,abnormal male genitalia morphology,kept,non-acoustic MP term from mixed procedure
Hps6,IMPC_CSD_003,Combined SHIRPA and Dysmorphology,abnormal coat/hair pigmentation,kept,non-acoustic MP term from mixed procedure
Pou2af3,IMPC_ACS_003,Acoustic Startle and Pre-pulse Inhibition (PPI),decreased prepulse inhibition,removed,fully acoustic procedure
Nrxn2,HRWLLA_CSD_003,Combined SHIRPA and Dysmorphology,tremors,kept,non-acoustic MP term from mixed procedure
Neurod2,IMPC_CSD_002,Combined SHIRPA and Dysmorphology,increased exploration in new environment,kept,non-acoustic MP term from mixed procedure
Lancl2,IMPC_CSD_003,Combined SHIRPA and Dysmorphology,abnormal coat/hair pigmentation,kept,non-acoustic MP term from mixed procedure
Fgf20,IMPC_CSD_003,Combined SHIRPA and Dysmorphology,abnormal digit morphology,kept,non-acoustic MP term from mixed procedure
Retreg3,IMPC_ACS_003,Acoustic Startle and Pre-pulse Inhibition (PPI),decreased prepulse inhibition,removed,fully acoustic procedure
Relch,IMPC_ABR_002,Auditory Brain Stem Response,abnormal auditory brainstem response,removed,fully acoustic procedure
Itch,IMPC_CSD_003,Combined SHIRPA and Dysmorphology,tremors,kept,non-acoustic MP term from mixed procedure
Hsd17b1,IMPC_CSD_001,Combined SHIRPA and Dysmorphology,impaired righting response,kept,non-acoustic MP term from mixed procedure
Utp20,IMPC_CSD_001,Combined SHIRPA and Dysmorphology,abnormal vocalization,kept,non-acoustic MP term from mixed procedure
Prkra,IMPC_CSD_003,Combined SHIRPA and Dysmorphology,abnormal ear morphology,kept,non-acoustic MP term from mixed procedure
Bbs5,IMPC_CSD_003,Combined SHIRPA and Dysmorphology,tremors,kept,non-acoustic MP term from mixed procedure
Cep85l,IMPC_ACS_003,Acoustic Startle and Pre-pulse Inhibition (PPI),decreased prepulse inhibition,removed,fully acoustic procedure
Gmps,IMPC_CSD_003,Combined SHIRPA and Dysmorphology,abnormal locomotor behavior,kept,non-acoustic MP term from mixed procedure
Cilp,IMPC_CSD_003,Combined SHIRPA and Dysmorphology,abnormal skin coloration,kept,non-acoustic MP term from mixed procedure
Usp53,IMPC_ACS_003,Acoustic Startle and Pre-pulse Inhibition (PPI),decreased prepulse inhibition,removed,fully acoustic procedure
Dnaaf4,IMPC_CSD_001,Combined SHIRPA and Dysmorphology,trunk curl,kept,non-acoustic MP term from mixed procedure
Gdf5,IMPC_CSD_003,Combined SHIRPA and Dysmorphology,decreased exploration in new environment,kept,non-acoustic MP term from mixed procedure
Mpi,ESLIM_011_001,Acoustic Startle&PPI,increased prepulse inhibition,removed,fully acoustic procedure
Arhgap21,IMPC_ABR_002,Auditory Brain Stem Response,abnormal auditory brainstem response,removed,fully acoustic procedure
Cep19,IMPC_CSD_003,Combined SHIRPA and Dysmorphology,abnormal coat appearance,kept,non-acoustic MP term from mixed procedure
4933402N03Rik,MGP_CSD_001,Combined SHIRPA and Dysmorphology,abnormal hair growth,kept,non-acoustic MP term from mixed procedure
Hbp1,ESLIM_008_001,Modified SHIRPA,abnormal gait,kept,non-acoustic MP term from mixed procedure
Cd27,IMPC_ACS_003,Acoustic Startle and Pre-pulse Inhibition (PPI),increased prepulse inhibition,removed,fully acoustic procedure
Tubgcp4,IMPC_CSD_001,Combined SHIRPA and Dysmorphology,abnormal vibrissa morphology,kept,non-acoustic MP term from mixed procedure
Masp1,IMPC_ACS_003,Acoustic Startle and Pre-pulse Inhibition (PPI),decreased prepulse inhibition,removed,fully acoustic procedure
Cep95,IMPC_CSD_001,Combined SHIRPA and Dysmorphology,abnormal vocalization,kept,non-acoustic MP term from mixed procedure
Plod2,JAXLA_CSD_003,Combined SHIRPA and Dysmorphology,impaired righting response,kept,non-acoustic MP term from mixed procedure
Yae1d1,IMPC_ACS_003,Acoustic Startle and Pre-pulse Inhibition (PPI),decreased prepulse inhibition,removed,fully acoustic procedure
Mecom,ESLIM_011_001,Acoustic Startle&PPI,increased startle reflex,removed,fully acoustic procedure
Hmgcs1,IMPC_ABR_002,Auditory Brain Stem Response,abnormal auditory brainstem response,removed,fully acoustic procedure
Gm5447,IMPC_ABR_002,Auditory Brain Stem Response,abnormal auditory brainstem response,removed,fully acoustic procedure
Brpf1,ESLIM_011_001,Acoustic Startle&PPI,increased startle reflex,removed,fully acoustic procedure
Mtmr3,IMPC_ACS_003,Acoustic Startle and Pre-pulse Inhibition (PPI),decreased prepulse inhibition,removed,fully acoustic procedure
Meis1,IMPC_ACS_003,Acoustic Startle and Pre-pulse Inhibition (PPI),decreased prepulse inhibition,removed,fully acoustic procedure
Dnase1l2,IMPC_CSD_002,Combined SHIRPA and Dysmorphology,abnormal digit morphology,kept,non-acoustic MP term from mixed procedure
Ush1c,MGP_CSD_001,Combined SHIRPA and Dysmorphology,stereotypic behavior,kept,non-acoustic MP term from mixed procedure
Lpgat1,JAXLA_CSD_003,Combined SHIRPA and Dysmorphology,impaired righting response,kept,non-acoustic MP term from mixed procedure
Ppox,IMPC_ABR_002,Auditory Brain Stem Response,abnormal auditory brainstem response,removed,fully acoustic procedure
Tecpr2,JAXLA_CSD_003,Combined SHIRPA and Dysmorphology,abnormal startle reflex,removed,acoustic MP term from mixed procedure
Gsto1,JAXLA_CSD_003,Combined SHIRPA and Dysmorphology,abnormal coat/hair pigmentation,kept,non-acoustic MP term from mixed procedure
Zmat4,IMPC_ABR_002,Auditory Brain Stem Response,abnormal auditory brainstem response,removed,fully acoustic procedure
Tomt,IMPC_CSD_003,Combined SHIRPA and Dysmorphology,abnormal startle reflex,removed,acoustic MP term from mixed procedure
Myo1a,IMPC_CSD_003,Combined SHIRPA and Dysmorphology,limb grasping,kept,non-acoustic MP term from mixed procedure
Adamts2,IMPC_CSD_003,Combined SHIRPA and Dysmorphology,abnormal skin morphology,kept,non-acoustic MP term from mixed procedure
Ky,IMPC_CSD_003,Combined SHIRPA and Dysmorphology,impaired righting response,kept,non-acoustic MP term from mixed procedure
Asb4,IMPC_CSD_003,Combined SHIRPA and Dysmorphology,abnormal coat/ hair morphology,kept,non-acoustic MP term from mixed procedure
Ccdc112,IMPC_CSD_003,Combined SHIRPA and Dysmorphology,abnormal locomotor behavior,kept,non-acoustic MP term from mixed procedure
Capn5,ESLIM_011_001,Acoustic Startle&PPI,increased startle reflex,removed,fully acoustic procedure
Tmem175,IMPC_ACS_003,Acoustic Startle and Pre-pulse Inhibition (PPI),increased prepulse inhibition,removed,fully acoustic procedure
Slc7a11,IMPC_ABR_002,Auditory Brain Stem Response,abnormal auditory brainstem response,removed,fully acoustic procedure
Mgme1,JAXLA_CSD_003,Combined SHIRPA and Dysmorphology,abnormal coat/hair pigmentation,kept,non-acoustic MP term from mixed procedure
Fcrla,IMPC_CSD_003,Combined SHIRPA and Dysmorphology,abnormal coat/hair pigmentation,kept,non-acoustic MP term from mixed procedure
Zc3h11a,UCDLA_CSD_003,Combined SHIRPA and Dysmorphology,abnormal coat/hair pigmentation,kept,non-acoustic MP term from mixed procedure
Irx6,KMPCLA_CSD_003,Combined SHIRPA and Dysmorphology,abnormal skin coloration,kept,non-acoustic MP term from mixed procedure
Duox2,IMPC_ACS_003,Acoustic Startle and Pre-pulse Inhibition (PPI),decreased prepulse inhibition,removed,fully acoustic procedure
Slc39a10,IMPC_CSD_001,Combined SHIRPA and Dysmorphology,abnormal vocalization,kept,non-acoustic MP term from mixed procedure
Fam83h,IMPC_CSD_003,Combined SHIRPA and Dysmorphology,abnormal coat/ hair morphology,kept,non-acoustic MP term from mixed procedure
Hnrnpc,IMPC_CSD_003,Combined SHIRPA and Dysmorphology,increased exploration in new environment,kept,non-acoustic MP term from mixed procedure
Twist1,IMPC_CSD_003,Combined SHIRPA and Dysmorphology,abnormal autopod morphology,kept,non-acoustic MP term from mixed procedure
Gdpd5,IMPC_CSD_003,Combined SHIRPA and Dysmorphology,abnormal skin coloration,kept,non-acoustic MP term from mixed procedure
Tmem222,IMPC_ACS_003,Acoustic Startle and Pre-pulse Inhibition (PPI),decreased prepulse inhibition,removed,fully acoustic procedure
Gne,IMPC_ACS_003,Acoustic Startle and Pre-pulse Inhibition (PPI),decreased prepulse inhibition,removed,fully acoustic procedure
Map7,IMPC_ABR_002,Auditory Brain Stem Response,abnormal auditory brainstem response,removed,fully acoustic procedure
Cep350,IMPC_CSD_001,Combined SHIRPA and Dysmorphology,abnormal vocalization,kept,non-acoustic MP term from mixed procedure
Tspan15,IMPC_CSD_002,Combined SHIRPA and Dysmorphology,abnormal vibrissa morphology,kept,non-acoustic MP term from mixed procedure
Elmod1,ESLIM_011_001,Acoustic Startle&PPI,decreased prepulse inhibition,removed,fully acoustic procedure
Sema3f,IMPC_CSD_003,Combined SHIRPA and Dysmorphology,decreased exploration in new environment,kept,non-acoustic MP term from mixed procedure
Slc8b1,IMPC_CSD_001,Combined SHIRPA and Dysmorphology,impaired righting response,kept,non-acoustic MP term from mixed procedure
H13,MGP_CSD_001,Combined SHIRPA and Dysmorphology,abnormal snout morphology,kept,non-acoustic MP term from mixed procedure
Kcne1,IMPC_CSD_003,Combined SHIRPA and Dysmorphology,head bobbing,kept,non-acoustic MP term from mixed procedure
Marveld2,IMPC_ABR_002,Auditory Brain Stem Response,abnormal auditory brainstem response,removed,fully acoustic procedure
Rtn4,IMPC_ACS_003,Acoustic Startle and Pre-pulse Inhibition (PPI),decreased prepulse inhibition,removed,fully acoustic procedure
2810408A11Rik,ESLIM_008_001,Modified SHIRPA,limb grasping,kept,non-acoustic MP term from mixed procedure
Hr,IMPC_CSD_003,Combined SHIRPA and Dysmorphology,absent vibrissae,kept,non-acoustic MP term from mixed procedure
Atp8b1,IMPC_ACS_003,Acoustic Startle and Pre-pulse Inhibition (PPI),decreased prepulse inhibition,removed,fully acoustic procedure
Otoa,IMPC_ABR_002,Auditory Brain Stem Response,abnormal auditory brainstem response,removed,fully acoustic procedure
Mir96,IMPC_ABR_001,Auditory Brain Stem Response,abnormal auditory brainstem response,removed,fully acoustic procedure
Slc17a8,IMPC_CSD_003,Combined SHIRPA and Dysmorphology,abnormal startle reflex,removed,acoustic MP term from mixed procedure
Nmd3,IMPC_ACS_003,Acoustic Startle and Pre-pulse Inhibition (PPI),decreased prepulse inhibition,removed,fully acoustic procedure
Baiap2l2,IMPC_ABR_002,Auditory Brain Stem Response,abnormal auditory brainstem response,removed,fully acoustic procedure
Fam162a,IMPC_ACS_003,Acoustic Startle and Pre-pulse Inhibition (PPI),decreased prepulse inhibition,removed,fully acoustic procedure
Zfp719,IMPC_ABR_001,Auditory Brain Stem Response,abnormal auditory brainstem response,removed,fully acoustic procedure
Ccdc117,IMPC_ACS_003,Acoustic Startle and Pre-pulse Inhibition (PPI),increased startle reflex,removed,fully acoustic procedure
Pdik1l,UCDLA_CSD_003,Combined SHIRPA and Dysmorphology,abnormal coat/ hair morphology,kept,non-acoustic MP term from mixed procedure
Cant1,IMPC_CSD_002,Combined SHIRPA and Dysmorphology,abnormal tail length,kept,non-acoustic MP term from mixed procedure
Trabd2b,IMPC_CSD_003,Combined SHIRPA and Dysmorphology,abnormal snout morphology,kept,non-acoustic MP term from mixed procedure
Gar1,ESLIM_011_001,Acoustic Startle&PPI,increased startle reflex,removed,fully acoustic procedure
Irx3,IMPC_CSD_003,Combined SHIRPA and Dysmorphology,abnormal snout morphology,kept,non-acoustic MP term from mixed procedure
Mtmr10,IMPC_ACS_003,Acoustic Startle and Pre-pulse Inhibition (PPI),decreased prepulse inhibition,removed,fully acoustic procedure
Cyp21a1,IMPC_CSD_003,Combined SHIRPA and Dysmorphology,decreased exploration in new environment,kept,non-acoustic MP term from mixed procedure
Prdm14,IMPC_CSD_003,Combined SHIRPA and Dysmorphology,abnormal coat appearance,kept,non-acoustic MP term from mixed procedure
Igf2bp2,IMPC_CSD_003,Combined SHIRPA and Dysmorphology,abnormal locomotor behavior,kept,non-acoustic MP term from mixed procedure
Prkd2,IMPC_ACS_003,Acoustic Startle and Pre-pulse Inhibition (PPI),decreased prepulse inhibition,removed,fully acoustic procedure
Gpr33,IMPC_CSD_003,Combined SHIRPA and Dysmorphology,abnormal gait,kept,non-acoustic MP term from mixed procedure
Usp19,MGP_CSD_001,Combined SHIRPA and Dysmorphology,abnormal coat appearance,kept,non-acoustic MP term from mixed procedure
Tmlhe,IMPC_CSD_003,Combined SHIRPA and Dysmorphology,abnormal gait,kept,non-acoustic MP term from mixed procedure
Hhatl,IMPC_CSD_003,Combined SHIRPA and Dysmorphology,abnormal startle reflex,removed,acoustic MP term from mixed procedure
Zfp746,KMPCLA_CSD_003,Combined SHIRPA and Dysmorphology,abnormal coat/hair pigmentation,kept,non-acoustic MP term from mixed procedure
Frmd5,ESLIM_011_001,Acoustic Startle&PPI,decreased prepulse inhibition,removed,fully acoustic procedure
Catsperz,JAXLA_CSD_003,Combined SHIRPA and Dysmorphology,impaired righting response,kept,non-acoustic MP term from mixed procedure
Gal3st1,IMPC_ACS_003,Acoustic Startle and Pre-pulse Inhibition (PPI),decreased prepulse inhibition,removed,fully acoustic procedure
Kif13a,IMPC_ABR_002,Auditory Brain Stem Response,abnormal auditory brainstem response,removed,fully acoustic procedure
Xrcc5,IMPC_CSD_003,Combined SHIRPA and Dysmorphology,abnormal hindlimb morphology,kept,non-acoustic MP term from mixed procedure
Alg1,IMPC_CSD_002,Combined SHIRPA and Dysmorphology,abnormal coat/hair pigmentation,kept,non-acoustic MP term from mixed procedure
Col11a2,IMPC_ACS_003,Acoustic Startle and Pre-pulse Inhibition (PPI),increased startle reflex,removed,fully acoustic procedure
Ist1,IMPC_ABR_002,Auditory Brain Stem Response,abnormal auditory brainstem response,removed,fully acoustic procedure
Tspyl1,IMPC_CSD_001,Combined SHIRPA and Dysmorphology,abnormal vocalization,kept,non-acoustic MP term from mixed procedure
Trf,JAXLA_CSD_003,Combined SHIRPA and Dysmorphology,impaired righting response,kept,non-acoustic MP term from mixed procedure
Tmem63b,IMPC_CSD_003,Combined SHIRPA and Dysmorphology,limb grasping,kept,non-acoustic MP term from mixed procedure
Lrrk1,IMPC_CSD_003,Combined SHIRPA and Dysmorphology,abnormal snout morphology,kept,non-acoustic MP term from mixed procedure
Tspan13,KMPCLA_CSD_003,Combined SHIRPA and Dysmorphology,abnormal vibrissa morphology,kept,non-acoustic MP term from mixed procedure
Far2,IMPC_CSD_001,Combined SHIRPA and Dysmorphology,abnormal coat appearance,kept,non-acoustic MP term from mixed procedure
Serpinb5,IMPC_CSD_001,Combined SHIRPA and Dysmorphology,impaired righting response,kept,non-acoustic MP term from mixed procedure
Jtb,IMPC_CSD_003,Combined SHIRPA and Dysmorphology,abnormal skin coloration,kept,non-acoustic MP term from mixed procedure
Itga11,IMPC_CSD_003,Combined SHIRPA and Dysmorphology,abnormal tooth morphology,kept,non-acoustic MP term from mixed procedure
Otoa,IMPC_ABR_002,Auditory Brain Stem Response,abnormal auditory brainstem response,removed,fully acoustic procedure
Pkmyt1,IMPC_CSD_001,Combined SHIRPA and Dysmorphology,abnormal vocalization,kept,non-acoustic MP term from mixed procedure
Baiap2l2,IMPC_ACS_003,Acoustic Startle and Pre-pulse Inhibition (PPI),decreased prepulse inhibition,removed,fully acoustic procedure
Cep128,IMPC_ACS_003,Acoustic Startle and Pre-pulse Inhibition (PPI),decreased prepulse inhibition,removed,fully acoustic procedure
Homer2,IMPC_ABR_002,Auditory Brain Stem Response,abnormal auditory brainstem response,removed,fully acoustic procedure
Rhd,M-G-P_008_001,Modified SHIRPA,increased exploration in new environment,kept,non-acoustic MP term from mixed procedure
Otogl,IMPC_ABR_002,Auditory Brain Stem Response,abnormal auditory brainstem response,removed,fully acoustic procedure
Tlcd3b,IMPC_ACS_003,Acoustic Startle and Pre-pulse Inhibition (PPI),decreased prepulse inhibition,removed,fully acoustic procedure
Slc24a3,KMPCIP_CSD_003,Combined SHIRPA and Dysmorphology,abnormal coat/hair pigmentation,kept,non-acoustic MP term from mixed procedure
Pcsk2,IMPC_CSD_003,Combined SHIRPA and Dysmorphology,abnormal coat/ hair morphology,kept,non-acoustic MP term from mixed procedure
Nol8,IMPC_ACS_003,Acoustic Startle and Pre-pulse Inhibition (PPI),increased startle reflex,removed,fully acoustic procedure
Clvs1,IMPC_ACS_003,Acoustic Startle and Pre-pulse Inhibition (PPI),decreased prepulse inhibition,removed,fully acoustic procedure
Zbtb10,IMPC_ACS_003,Acoustic Startle and Pre-pulse Inhibition (PPI),decreased prepulse inhibition,removed,fully acoustic procedure
Lyst,IMPC_CSD_003,Combined SHIRPA and Dysmorphology,abnormal coat/hair pigmentation,kept,non-acoustic MP term from mixed procedure
Spryd3,ESLIM_011_001,Acoustic Startle&PPI,increased startle reflex,removed,fully acoustic procedure
Slc6a3,IMPC_CSD_001,Combined SHIRPA and Dysmorphology,abnormal tooth morphology,kept,non-acoustic MP term from mixed procedure
Col9a3,IMPC_ABR_002,Auditory Brain Stem Response,abnormal auditory brainstem response,removed,fully acoustic procedure
Lmcd1,IMPC_ACS_003,Acoustic Startle and Pre-pulse Inhibition (PPI),decreased prepulse inhibition,removed,fully acoustic procedure
Utp4,JAXLA_CSD_003,Combined SHIRPA and Dysmorphology,abnormal coat/ hair morphology,kept,non-acoustic MP term from mixed procedure
Ptafr,IMPC_ABR_002,Auditory Brain Stem Response,abnormal auditory brainstem response,removed,fully acoustic procedure
Hapln1,IMPC_CSD_001,Combined SHIRPA and Dysmorphology,impaired righting response,kept,non-acoustic MP term from mixed procedure
Panx2,IMPC_ACS_003,Acoustic Startle and Pre-pulse Inhibition (PPI),decreased prepulse inhibition,removed,fully acoustic procedure
Zfp395,IMPC_CSD_003,Combined SHIRPA and Dysmorphology,abnormal skin coloration,kept,non-acoustic MP term from mixed procedure
Lrrk1,IMPC_CSD_003,Combined SHIRPA and Dysmorphology,abnormal gait,kept,non-acoustic MP term from mixed procedure
Myo7a,MGP_CSD_001,Combined SHIRPA and Dysmorphology,stereotypic behavior,kept,non-acoustic MP term from mixed procedure
Wnt10a,IMPC_CSD_003,Combined SHIRPA and Dysmorphology,abnormal coat/ hair morphology,kept,non-acoustic MP term from mixed procedure
Usp39,IMPC_CSD_002,Combined SHIRPA and Dysmorphology,abnormal coat/hair pigmentation,kept,non-acoustic MP term from mixed procedure
Baiap2l2,IMPC_CSD_003,Combined SHIRPA and Dysmorphology,abnormal startle reflex,removed,acoustic MP term from mixed procedure
Afdn,IMPC_ACS_003,Acoustic Startle and Pre-pulse Inhibition (PPI),decreased prepulse inhibition,removed,fully acoustic procedure
Plxna4,IMPC_CSD_003,Combined SHIRPA and Dysmorphology,increased exploration in new environment,kept,non-acoustic MP term from mixed procedure
Tspan12,IMPC_ACS_003,Acoustic Startle and Pre-pulse Inhibition (PPI),increased startle reflex,removed,fully acoustic procedure
Dnaaf9,IMPC_ACS_003,Acoustic Startle and Pre-pulse Inhibition (PPI),decreased prepulse inhibition,removed,fully acoustic procedure
Radil,IMPC_CSD_003,Combined SHIRPA and Dysmorphology,decreased exploration in new environment,kept,non-acoustic MP term from mixed procedure
Synm,IMPC_CSD_003,Combined SHIRPA and Dysmorphology,abnormal vocalization,kept,non-acoustic MP term from mixed procedure
Fbrsl1,IMPC_CSD_003,Combined SHIRPA and Dysmorphology,abnormal tail morphology,kept,non-acoustic MP term from mixed procedure
Tmtc4,IMPC_ABR_002,Auditory Brain Stem Response,abnormal auditory brainstem response,removed,fully acoustic procedure
Atn1,IMPC_CSD_003,Combined SHIRPA and Dysmorphology,limb grasping,kept,non-acoustic MP term from mixed procedure
Hunk,IMPC_ACS_003,Acoustic Startle and Pre-pulse Inhibition (PPI),decreased prepulse inhibition,removed,fully acoustic procedure
Zfyve19,IMPC_CSD_003,Combined SHIRPA and Dysmorphology,decreased exploration in new environment,kept,non-acoustic MP term from mixed procedure
Tex47,IMPC_ACS_003,Acoustic Startle and Pre-pulse Inhibition (PPI),increased startle reflex,removed,fully acoustic procedure
Myo6,IMPC_CSD_003,Combined SHIRPA and Dysmorphology,abnormal startle reflex,removed,acoustic MP term from mixed procedure
Elmod2,IMPC_CSD_003,Combined SHIRPA and Dysmorphology,abnormal gait,kept,non-acoustic MP term from mixed procedure
Tle4,IMPC_ACS_003,Acoustic Startle and Pre-pulse Inhibition (PPI),decreased prepulse inhibition,removed,fully acoustic procedure
Krtap17-1,IMPC_CSD_003,Combined SHIRPA and Dysmorphology,abnormal coat appearance,kept,non-acoustic MP term from mixed procedure
Xylt1,IMPC_CSD_001,Combined SHIRPA and Dysmorphology,abnormal coat/hair pigmentation,kept,non-acoustic MP term from mixed procedure
Hps6,IMPC_CSD_003,Combined SHIRPA and Dysmorphology,abnormal coat/hair pigmentation,kept,non-acoustic MP term from mixed procedure
Tram2,MGP_CSD_001,Combined SHIRPA and Dysmorphology,absent pinna reflex,removed,acoustic MP term from mixed procedure
Cldn13,JAXLA_CSD_003,Combined SHIRPA and Dysmorphology,abnormal coat/hair pigmentation,kept,non-acoustic MP term from mixed procedure
Col5a1,ESLIM_011_001,Acoustic Startle&PPI,increased startle reflex,removed,fully acoustic procedure
Bbs5,IMPC_CSD_003,Combined SHIRPA and Dysmorphology,abnormal gait,kept,non-acoustic MP term from mixed procedure
Prdm5,IMPC_ABR_002,Auditory Brain Stem Response,abnormal auditory brainstem response,removed,fully acoustic procedure
Setd2,IMPC_ACS_003,Acoustic Startle and Pre-pulse Inhibition (PPI),decreased prepulse inhibition,removed,fully acoustic procedure
Sis,IMPC_CSD_001,Combined SHIRPA and Dysmorphology,abnormal vocalization,kept,non-acoustic MP term from mixed procedure
Mfng,IMPC_ACS_003,Acoustic Startle and Pre-pulse Inhibition (PPI),decreased startle reflex,removed,fully acoustic procedure
Tmem131,IMPC_CSD_001,Combined SHIRPA and Dysmorphology,abnormal coat/hair pigmentation,kept,non-acoustic MP term from mixed procedure
Bex6,IMPC_CSD_003,Combined SHIRPA and Dysmorphology,limb grasping,kept,non-acoustic MP term from mixed procedure
Sox14,IMPC_CSD_003,Combined SHIRPA and Dysmorphology,abnormal vocalization,kept,non-acoustic MP term from mixed procedure
Sirt1,IMPC_CSD_003,Combined SHIRPA and Dysmorphology,abnormal snout morphology,kept,non-acoustic MP term from mixed procedure
Trim37,IMPC_ABR_002,Auditory Brain Stem Response,abnormal auditory brainstem response,removed,fully acoustic procedure
Hipk4,JAXLA_CSD_003,Combined SHIRPA and Dysmorphology,impaired righting response,kept,non-acoustic MP term from mixed procedure
Ccsap,IMPC_ACS_003,Acoustic Startle and Pre-pulse Inhibition (PPI),decreased prepulse inhibition,removed,fully acoustic procedure
Cbln3,IMPC_ABR_002,Auditory Brain Stem Response,abnormal auditory brainstem response,removed,fully acoustic procedure
Plag1,IMPC_CSD_002,Combined SHIRPA and Dysmorphology,abnormal snout morphology,kept,non-acoustic MP term from mixed procedure
Smoc1,IMPC_CSD_003,Combined SHIRPA and Dysmorphology,abnormal digit morphology,kept,non-acoustic MP term from mixed procedure
Zfp719,IMPC_ABR_001,Auditory Brain Stem Response,abnormal auditory brainstem response,removed,fully acoustic procedure
Dgat2l6,IMPC_CSD_003,Combined SHIRPA and Dysmorphology,absent vibrissae,kept,non-acoustic MP term from mixed procedure
Cdc123,IMPC_CSD_002,Combined SHIRPA and Dysmorphology,abnormal coat/hair pigmentation,kept,non-acoustic MP term from mixed procedure
Mecom,ESLIM_011_001,Acoustic Startle&PPI,decreased prepulse inhibition,removed,fully acoustic procedure
Dqx1,IMPC_ACS_003,Acoustic Startle and Pre-pulse Inhibition (PPI),decreased prepulse inhibition,removed,fully acoustic procedure
Twist1,RBRCLA_CSD_003,Combined SHIRPA and Dysmorphology,abnormal autopod morphology,kept,non-acoustic MP term from mixed procedure
Kcnq3,IMPC_CSD_003,Combined SHIRPA and Dysmorphology,abnormal snout morphology,kept,non-acoustic MP term from mixed procedure
Abca13,IMPC_CSD_003,Combined SHIRPA and Dysmorphology,abnormal male genitalia morphology,kept,non-acoustic MP term from mixed procedure
Phykpl,ESLIM_011_001,Acoustic Startle&PPI,increased startle reflex,removed,fully acoustic procedure
Dnaaf9,IMPC_ACS_003,Acoustic Startle and Pre-pulse Inhibition (PPI),decreased prepulse inhibition,removed,fully acoustic procedure
Cep128,IMPC_ABR_002,Auditory Brain Stem Response,abnormal auditory brainstem response,removed,fully acoustic procedure
Gpr156,IMPC_CSD_003,Combined SHIRPA and Dysmorphology,abnormal gait,kept,non-acoustic MP term from mixed procedure
Dppa1,IMPC_CSD_003,Combined SHIRPA and Dysmorphology,abnormal skin coloration,kept,non-acoustic MP term from mixed procedure
Bloc1s5,IMPC_CSD_003,Combined SHIRPA and Dysmorphology,abnormal coat/hair pigmentation,kept,non-acoustic MP term from mixed procedure
Dscaml1,IMPC_CSD_003,Combined SHIRPA and Dysmorphology,abnormal locomotor behavior,kept,non-acoustic MP term from mixed procedure
Klhdc2,ESLIM_008_001,Modified SHIRPA,decreased locomotor activity,kept,non-acoustic MP term from mixed procedure
Camk4,IMPC_CSD_003,Combined SHIRPA and Dysmorphology,abnormal tooth morphology,kept,non-acoustic MP term from mixed procedure
Hnrnph2,IMPC_CSD_001,Combined SHIRPA and Dysmorphology,abnormal coat/ hair morphology,kept,non-acoustic MP term from mixed procedure
Otoa,IMPC_ABR_002,Auditory Brain Stem Response,abnormal auditory brainstem response,removed,fully acoustic procedure
Jade2,IMPC_ACS_003,Acoustic Startle and Pre-pulse Inhibition (PPI),decreased prepulse inhibition,removed,fully acoustic procedure
Colec12,IMPC_ACS_003,Acoustic Startle and Pre-pulse Inhibition (PPI),increased startle reflex,removed,fully acoustic procedure
Acadm,IMPC_CSD_003,Combined SHIRPA and Dysmorphology,abnormal vibrissa morphology,kept,non-acoustic MP term from mixed procedure
Nhs,IMPC_CSD_003,Combined SHIRPA and Dysmorphology,decreased exploration in new environment,kept,non-acoustic MP term from mixed procedure
Gipc3,IMPC_ABR_002,Auditory Brain Stem Response,abnormal auditory brainstem response,removed,fully acoustic procedure
Gsta4,IMPC_CSD_002,Combined SHIRPA and Dysmorphology,abnormal coat/hair pigmentation,kept,non-acoustic MP term from mixed procedure
Endod1,IMPC_ACS_003,Acoustic Startle and Pre-pulse Inhibition (PPI),decreased prepulse inhibition,removed,fully acoustic procedure
Arvcf,ESLIM_008_001,Modified SHIRPA,abnormal urination,kept,non-acoustic MP term from mixed procedure
Palmd,IMPC_CSD_001,Combined SHIRPA and Dysmorphology,abnormal vocalization,kept,non-acoustic MP term from mixed procedure
Aspa,IMPC_ACS_003,Acoustic Startle and Pre-pulse Inhibition (PPI),decreased prepulse inhibition,removed,fully acoustic procedure
Adgrv1,IMPC_ABR_002,Auditory Brain Stem Response,abnormal auditory brainstem response,removed,fully acoustic procedure
Rbfox3,ESLIM_011_001,Acoustic Startle&PPI,increased startle reflex,removed,fully acoustic procedure
Nkpd1,IMPC_CSD_001,Combined SHIRPA and Dysmorphology,abnormal locomotor behavior,kept,non-acoustic MP term from mixed procedure
Slc9a4,IMPC_ACS_003,Acoustic Startle and Pre-pulse Inhibition (PPI),decreased prepulse inhibition,removed,fully acoustic procedure
Mindy4,IMPC_CSD_003,Combined SHIRPA and Dysmorphology,abnormal locomotor behavior,kept,non-acoustic MP term from mixed procedure
Cacna1b,IMPC_CSD_003,Combined SHIRPA and Dysmorphology,abnormal gait,kept,non-acoustic MP term from mixed procedure
Palm3,IMPC_ACS_003,Acoustic Startle and Pre-pulse Inhibition (PPI),decreased prepulse inhibition,removed,fully acoustic procedure
Bscl2,IMPC_CSD_003,Combined SHIRPA and Dysmorphology,abnormal gait,kept,non-acoustic MP term from mixed procedure
Daam2,MGP_CSD_001,Combined SHIRPA and Dysmorphology,abnormal snout morphology,kept,non-acoustic MP term from mixed procedure
Hip1r,IMPC_ACS_003,Acoustic Startle and Pre-pulse Inhibition (PPI),decreased prepulse inhibition,removed,fully acoustic procedure
Chrna9,ESLIM_011_001,Acoustic Startle&PPI,increased startle reflex,removed,fully acoustic procedure
Mtmr14,ESLIM_011_001,Acoustic Startle&PPI,increased startle reflex,removed,fully acoustic procedure
Fpgs,ESLIM_011_001,Acoustic Startle&PPI,increased startle reflex,removed,fully acoustic procedure
Hdac7,IMPC_CSD_003,Combined SHIRPA and Dysmorphology,abnormal coat/hair pigmentation,kept,non-acoustic MP term from mixed procedure
Gjb3,IMPC_ABR_002,Auditory Brain Stem Response,abnormal auditory brainstem response,removed,fully acoustic procedure
Klhl9,IMPC_ACS_003,Acoustic Startle and Pre-pulse Inhibition (PPI),increased startle reflex,removed,fully acoustic procedure
Rasl11b,IMPC_ACS_003,Acoustic Startle and Pre-pulse Inhibition (PPI),increased startle reflex,removed,fully acoustic procedure
Gcnt1,IMPC_ACS_003,Acoustic Startle and Pre-pulse Inhibition (PPI),decreased startle reflex,removed,fully acoustic procedure
Ash1l,IMPC_CSD_002,Combined SHIRPA and Dysmorphology,abnormal coat appearance,kept,non-acoustic MP term from mixed procedure
Tmco6,IMPC_ABR_002,Auditory Brain Stem Response,abnormal auditory brainstem response,removed,fully acoustic procedure
Ubl7,IMPC_ACS_003,Acoustic Startle and Pre-pulse Inhibition (PPI),increased startle reflex,removed,fully acoustic procedure
Mypn,IMPC_CSD_001,Combined SHIRPA and Dysmorphology,abnormal vocalization,kept,non-acoustic MP term from mixed procedure
Slc44a2,IMPC_CSD_001,Combined SHIRPA and Dysmorphology,abnormal startle reflex,removed,acoustic MP term from mixed procedure
Hmgxb4,IMPC_ACS_003,Acoustic Startle and Pre-pulse Inhibition (PPI),decreased prepulse inhibition,removed,fully acoustic procedure
Gm4922,IMPC_ACS_003,Acoustic Startle and Pre-pulse Inhibition (PPI),decreased prepulse inhibition,removed,fully acoustic procedure
Ky,IMPC_CSD_003,Combined SHIRPA and Dysmorphology,tremors,kept,non-acoustic MP term from mixed procedure
Apcdd1,IMPC_ACS_003,Acoustic Startle and Pre-pulse Inhibition (PPI),increased prepulse inhibition,removed,fully acoustic procedure
Mpv17l2,IMPC_CSD_003,Combined SHIRPA and Dysmorphology,abnormal coat/hair pigmentation,kept,non-acoustic MP term from mixed procedure
Dbn1,IMPC_CSD_003,Combined SHIRPA and Dysmorphology,abnormal coat appearance,kept,non-acoustic MP term from mixed procedure
Dusp18,JAXLA_CSD_003,Combined SHIRPA and Dysmorphology,abnormal coat/hair pigmentation,kept,non-acoustic MP term from mixed procedure
Gata2,IMPC_ABR_002,Auditory Brain Stem Response,abnormal auditory brainstem response,removed,fully acoustic procedure
Fam135b,IMPC_ACS_003,Acoustic Startle and Pre-pulse Inhibition (PPI),decreased prepulse inhibition,removed,fully acoustic procedure
Rnf13,IMPC_CSD_003,Combined SHIRPA and Dysmorphology,abnormal limb position,kept,non-acoustic MP term from mixed procedure
Setd5,MGP_CSD_001,Combined SHIRPA and Dysmorphology,abnormal incisor morphology,kept,non-acoustic MP term from mixed procedure
Gria1,IMPC_ACS_003,Acoustic Startle and Pre-pulse Inhibition (PPI),decreased prepulse inhibition,removed,fully acoustic procedure
Npc1,ESLIM_011_001,Acoustic Startle&PPI,increased startle reflex,removed,fully acoustic procedure
Bcl9,IMPC_CSD_003,Combined SHIRPA and Dysmorphology,abnormal locomotor behavior,kept,non-acoustic MP term from mixed procedure
Grxcr1,IMPC_ABR_002,Auditory Brain Stem Response,abnormal auditory brainstem response,removed,fully acoustic procedure
Napa,IMPC_CSD_003,Combined SHIRPA and Dysmorphology,abnormal startle reflex,removed,acoustic MP term from mixed procedure
Cyp19a1,HRWLLA_CSD_003,Combined SHIRPA and Dysmorphology,tremors,kept,non-acoustic MP term from mixed procedure
Efr3b,IMPC_ACS_003,Acoustic Startle and Pre-pulse Inhibition (PPI),decreased prepulse inhibition,removed,fully acoustic procedure
Ctsa,IMPC_CSD_003,Combined SHIRPA and Dysmorphology,abnormal head morphology,kept,non-acoustic MP term from mixed procedure
Ecpas,IMPC_CSD_001,Combined SHIRPA and Dysmorphology,abnormal coat/hair pigmentation,kept,non-acoustic MP term from mixed procedure
Cyb561,IMPC_CSD_003,Combined SHIRPA and Dysmorphology,decreased exploration in new environment,kept,non-acoustic MP term from mixed procedure
St6galnac3,JAXLA_CSD_003,Combined SHIRPA and Dysmorphology,abnormal coat appearance,kept,non-acoustic MP term from mixed procedure
Kcne1,IMPC_CSD_003,Combined SHIRPA and Dysmorphology,head bobbing,kept,non-acoustic MP term from mixed procedure
Rnf135,TCPLA_CSD_003,Combined SHIRPA and Dysmorphology,decreased exploration in new environment,kept,non-acoustic MP term from mixed procedure
Atp13a3,IMPC_CSD_003,Combined SHIRPA and Dysmorphology,abnormal skin coloration,kept,non-acoustic MP term from mixed procedure
Usp39,IMPC_CSD_002,Combined SHIRPA and Dysmorphology,abnormal coat/hair pigmentation,kept,non-acoustic MP term from mixed procedure
Krt35,KMPCLA_CSD_003,Combined SHIRPA and Dysmorphology,abnormal coat/hair pigmentation,kept,non-acoustic MP term from mixed procedure
Nsun2,M-G-P_008_001,Modified SHIRPA,abnormal gait,kept,non-acoustic MP term from mixed procedure
Prss3b,IMPC_ACS_003,Acoustic Startle and Pre-pulse Inhibition (PPI),decreased prepulse inhibition,removed,fully acoustic procedure
Gfpt2,IMPC_CSD_002,Combined SHIRPA and Dysmorphology,abnormal tooth morphology,kept,non-acoustic MP term from mixed procedure
Brinp3,IMPC_CSD_003,Combined SHIRPA and Dysmorphology,abnormal behavior,kept,non-acoustic MP term from mixed procedure
Arv1,IMPC_ABR_002,Auditory Brain Stem Response,abnormal auditory brainstem response,removed,fully acoustic procedure
Nacc1,IMPC_ACS_003,Acoustic Startle and Pre-pulse Inhibition (PPI),decreased startle reflex,removed,fully acoustic procedure
Pigl,MGP_CSD_001,Combined SHIRPA and Dysmorphology,abnormal vibrissa morphology,kept,non-acoustic MP term from mixed procedure
Thsd4,IMPC_CSD_003,Combined SHIRPA and Dysmorphology,abnormal locomotor behavior,kept,non-acoustic MP term from mixed procedure
Il10ra,IMPC_ABR_002,Auditory Brain Stem Response,abnormal auditory brainstem response,removed,fully acoustic procedure
Cfap97d1,IMPC_ACS_003,Acoustic Startle and Pre-pulse Inhibition (PPI),decreased prepulse inhibition,removed,fully acoustic procedure
Klk5,IMPC_ABR_002,Auditory Brain Stem Response,abnormal auditory brainstem response,removed,fully acoustic procedure
Ap2a1,IMPC_CSD_001,Combined SHIRPA and Dysmorphology,abnormal vocalization,kept,non-acoustic MP term from mixed procedure
Stx6,IMPC_CSD_003,Combined SHIRPA and Dysmorphology,abnormal vibrissa morphology,kept,non-acoustic MP term from mixed procedure
Lrba,MGP_CSD_001,Combined SHIRPA and Dysmorphology,absent pinna reflex,removed,acoustic MP term from mixed procedure
Spns2,MGP_CSD_001,Combined SHIRPA and Dysmorphology,absent pinna reflex,removed,acoustic MP term from mixed procedure
Ankrd11,IMPC_ACS_003,Acoustic Startle and Pre-pulse Inhibition (PPI),decreased prepulse inhibition,removed,fully acoustic procedure
Mroh4,MGP_CSD_001,Combined SHIRPA and Dysmorphology,abnormal coat appearance,kept,non-acoustic MP term from mixed procedure
Syt14,IMPC_CSD_001,Combined SHIRPA and Dysmorphology,tremors,kept,non-acoustic MP term from mixed procedure
Mir320,IMPC_CSD_002,Combined SHIRPA and Dysmorphology,abnormal tail morphology,kept,non-acoustic MP term from mixed procedure
Dnmbp,IMPC_ACS_003,Acoustic Startle and Pre-pulse Inhibition (PPI),increased prepulse inhibition,removed,fully acoustic procedure
Igfbp6,IMPC_ABR_002,Auditory Brain Stem Response,abnormal auditory brainstem response,removed,fully acoustic procedure
Rell1,IMPC_ACS_003,Acoustic Startle and Pre-pulse Inhibition (PPI),increased startle reflex,removed,fully acoustic procedure
Gabra2,IMPC_CSD_003,Combined SHIRPA and Dysmorphology,trunk curl,kept,non-acoustic MP term from mixed procedure
Vwa5a,JAXLA_CSD_003,Combined SHIRPA and Dysmorphology,abnormal startle reflex,removed,acoustic MP term from mixed procedure
Setd5,MGP_CSD_001,Combined SHIRPA and Dysmorphology,abnormal coat/hair pigmentation,kept,non-acoustic MP term from mixed procedure
Zfp689,IMPC_CSD_001,Combined SHIRPA and Dysmorphology,impaired righting response,kept,non-acoustic MP term from mixed procedure
Zc3h7a,IMPC_CSD_001,Combined SHIRPA and Dysmorphology,abnormal coat/hair pigmentation,kept,non-acoustic MP term from mixed procedure
Clcn1,IMPC_ACS_003,Acoustic Startle and Pre-pulse Inhibition (PPI),decreased prepulse inhibition,removed,fully acoustic procedure
Dsg1b,MGP_CSD_001,Combined SHIRPA and Dysmorphology,abnormal coat appearance,kept,non-acoustic MP term from mixed procedure
Tspyl4,IMPC_CSD_003,Combined SHIRPA and Dysmorphology,abnormal locomotor behavior,kept,non-acoustic MP term from mixed procedure
Nr1h4,ESLIM_008_001,Modified SHIRPA,abnormal tail movements,kept,non-acoustic MP term from mixed procedure
Bcorl1,IMPC_CSD_003,Combined SHIRPA and Dysmorphology,abnormal snout morphology,kept,non-acoustic MP term from mixed procedure
Mir100,IMPC_CSD_003,Combined SHIRPA and Dysmorphology,abnormal coat/hair pigmentation,kept,non-acoustic MP term from mixed procedure
Eps8l2,IMPC_ACS_003,Acoustic Startle and Pre-pulse Inhibition (PPI),decreased prepulse inhibition,removed,fully acoustic procedure
Sox13,ESLIM_011_001,Acoustic Startle&PPI,increased startle reflex,removed,fully acoustic procedure
Cib2,IMPC_CSD_003,Combined SHIRPA and Dysmorphology,abnormal ear morphology,kept,non-acoustic MP term from mixed procedure
Slc24a5,IMPC_CSD_001,Combined SHIRPA and Dysmorphology,abnormal coat/hair pigmentation,kept,non-acoustic MP term from mixed procedure
Kcne1,IMPC_CSD_003,Combined SHIRPA and Dysmorphology,abnormal startle reflex,removed,acoustic MP term from mixed procedure
Krt8,IMPC_ACS_003,Acoustic Startle and Pre-pulse Inhibition (PPI),increased prepulse inhibition,removed,fully acoustic procedure
Jmjd6,IMPC_ACS_003,Acoustic Startle and Pre-pulse Inhibition (PPI),increased startle reflex,removed,fully acoustic procedure
Cep250,MGP_CSD_001,Combined SHIRPA and Dysmorphology,absent pinna reflex,removed,acoustic MP term from mixed procedure
Kdm8,IMPC_CSD_003,Combined SHIRPA and Dysmorphology,abnormal behavior,kept,non-acoustic MP term from mixed procedure
Mybbp1a,IMPC_ACS_002,Acoustic Startle and Pre-pulse Inhibition (PPI),increased startle reflex,removed,fully acoustic procedure
Cpe,IMPC_CSD_002,Combined SHIRPA and Dysmorphology,abnormal locomotor behavior,kept,non-acoustic MP term from mixed procedure
Ppp2r5e,IMPC_ABR_002,Auditory Brain Stem Response,abnormal auditory brainstem response,removed,fully acoustic procedure
Arpc5l,IMPC_CSD_003,Combined SHIRPA and Dysmorphology,abnormal gait,kept,non-acoustic MP term from mixed procedure
Ankdd1a,IMPC_ABR_002,Auditory Brain Stem Response,abnormal auditory brainstem response,removed,fully acoustic procedure
Fhip1b,TCPLA_CSD_003,Combined SHIRPA and Dysmorphology,decreased exploration in new environment,kept,non-acoustic MP term from mixed procedure
Smoc1,IMPC_CSD_003,Combined SHIRPA and Dysmorphology,abnormal digit morphology,kept,non-acoustic MP term from mixed procedure
Hsf2bp,ESLIM_008_001,Modified SHIRPA,abnormal urination,kept,non-acoustic MP term from mixed procedure
Cox18,IMPC_ACS_003,Acoustic Startle and Pre-pulse Inhibition (PPI),decreased prepulse inhibition,removed,fully acoustic procedure
Cep85l,IMPC_ACS_003,Acoustic Startle and Pre-pulse Inhibition (PPI),decreased prepulse inhibition,removed,fully acoustic procedure
Frrs1l,IMPC_ACS_003,Acoustic Startle and Pre-pulse Inhibition (PPI),decreased prepulse inhibition,removed,fully acoustic procedure
Cep128,IMPC_ABR_002,Auditory Brain Stem Response,abnormal auditory brainstem response,removed,fully acoustic procedure
Foxn3,IMPC_ACS_003,Acoustic Startle and Pre-pulse Inhibition (PPI),decreased prepulse inhibition,removed,fully acoustic procedure
Klhdc7b,HRWLLA_CSD_003,Combined SHIRPA and Dysmorphology,abnormal startle reflex,removed,acoustic MP term from mixed procedure
Cdc23,IMPC_CSD_001,Combined SHIRPA and Dysmorphology,abnormal vocalization,kept,non-acoustic MP term from mixed procedure
Ankrd24,IMPC_ABR_002,Auditory Brain Stem Response,abnormal auditory brainstem response,removed,fully acoustic procedure
Slc39a10,IMPC_CSD_001,Combined SHIRPA and Dysmorphology,abnormal coat/hair pigmentation,kept,non-acoustic MP term from mixed procedure
Lyst,IMPC_CSD_003,Combined SHIRPA and Dysmorphology,abnormal coat/hair pigmentation,kept,non-acoustic MP term from mixed procedure
Ncam2,IMPC_ACS_003,Acoustic Startle and Pre-pulse Inhibition (PPI),decreased prepulse inhibition,removed,fully acoustic procedure
Fam83d,IMPC_ACS_003,Acoustic Startle and Pre-pulse Inhibition (PPI),decreased startle reflex,removed,fully acoustic procedure
Marchf6,IMPC_ACS_003,Acoustic Startle and Pre-pulse Inhibition (PPI),decreased prepulse inhibition,removed,fully acoustic procedure
Mir100,IMPC_CSD_003,Combined SHIRPA and Dysmorphology,abnormal skin coloration,kept,non-acoustic MP term from mixed procedure
Trim44,IMPC_CSD_003,Combined SHIRPA and Dysmorphology,abnormal gait,kept,non-acoustic MP term from mixed procedure
Gpr22,IMPC_CSD_003,Combined SHIRPA and Dysmorphology,abnormal gait,kept,non-acoustic MP term from mixed procedure
Slc24a5,IMPC_CSD_003,Combined SHIRPA and Dysmorphology,abnormal coat/hair pigmentation,kept,non-acoustic MP term from mixed procedure
Csnk1g2,IMPC_CSD_002,Combined SHIRPA and Dysmorphology,abnormal coat/hair pigmentation,kept,non-acoustic MP term from mixed procedure
Zfp280d,IMPC_ACS_003,Acoustic Startle and Pre-pulse Inhibition (PPI),decreased prepulse inhibition,removed,fully acoustic procedure
Atp8b1,TCPIP_CSD_003,Combined SHIRPA and Dysmorphology,abnormal startle reflex,removed,acoustic MP term from mixed procedure
Gramd1b,IMPC_CSD_003,Combined SHIRPA and Dysmorphology,abnormal coat/hair pigmentation,kept,non-acoustic MP term from mixed procedure
Fuca1,IMPC_CSD_001,Combined SHIRPA and Dysmorphology,decreased exploration in new environment,kept,non-acoustic MP term from mixed procedure
Esyt1,IMPC_CSD_002,Combined SHIRPA and Dysmorphology,abnormal tooth morphology,kept,non-acoustic MP term from mixed procedure
Nfic,IMPC_ACS_003,Acoustic Startle and Pre-pulse Inhibition (PPI),decreased prepulse inhibition,removed,fully acoustic procedure
Rbm6,IMPC_CSD_001,Combined SHIRPA and Dysmorphology,abnormal vocalization,kept,non-acoustic MP term from mixed procedure
Kpna4,IMPC_ACS_003,Acoustic Startle and Pre-pulse Inhibition (PPI),increased startle reflex,removed,fully acoustic procedure
Ncoa3,IMPC_CSD_003,Combined SHIRPA and Dysmorphology,abnormal tooth morphology,kept,non-acoustic MP term from mixed procedure
Cdkn2aip,IMPC_ACS_003,Acoustic Startle and Pre-pulse Inhibition (PPI),increased startle reflex,removed,fully acoustic procedure
Zmym2,IMPC_ACS_003,Acoustic Startle and Pre-pulse Inhibition (PPI),decreased prepulse inhibition,removed,fully acoustic procedure
Rrbp1,IMPC_ABR_002,Auditory Brain Stem Response,abnormal auditory brainstem response,removed,fully acoustic procedure
Vdr,IMPC_CSD_002,Combined SHIRPA and Dysmorphology,abnormal coat/hair pigmentation,kept,non-acoustic MP term from mixed procedure
Zc3h11a,UCDIP_CSD_003,Combined SHIRPA and Dysmorphology,abnormal coat/hair pigmentation,kept,non-acoustic MP term from mixed procedure
Eef1b2,JAXLA_CSD_001,Combined SHIRPA and Dysmorphology,limb grasping,kept,non-acoustic MP term from mixed procedure
Kdm3b,IMPC_ACS_003,Acoustic Startle and Pre-pulse Inhibition (PPI),decreased prepulse inhibition,removed,fully acoustic procedure
Rab10,IMPC_ABR_002,Auditory Brain Stem Response,abnormal auditory brainstem response,removed,fully acoustic procedure
Tmem51,IMPC_ACS_003,Acoustic Startle and Pre-pulse Inhibition (PPI),decreased prepulse inhibition,removed,fully acoustic procedure
Gpr150,IMPC_CSD_001,Combined SHIRPA and Dysmorphology,abnormal coat appearance,kept,non-acoustic MP term from mixed procedure
Frmd5,ESLIM_011_001,Acoustic Startle&PPI,increased startle reflex,removed,fully acoustic procedure
Bcorl1,IMPC_ACS_003,Acoustic Startle and Pre-pulse Inhibition (PPI),decreased prepulse inhibition,removed,fully acoustic procedure
Xbp1,ESLIM_008_001,Modified SHIRPA,abnormal urination,kept,non-acoustic MP term from mixed procedure
U2af1,IMPC_ABR_002,Auditory Brain Stem Response,abnormal auditory brainstem response,removed,fully acoustic procedure
Prkra,IMPC_CSD_003,Combined SHIRPA and Dysmorphology,abnormal ear morphology,kept,non-acoustic MP term from mixed procedure
Sprr1a,JAXLA_CSD_003,Combined SHIRPA and Dysmorphology,abnormal startle reflex,removed,acoustic MP term from mixed procedure
Atp8b1,IMPC_ACS_003,Acoustic Startle and Pre-pulse Inhibition (PPI),decreased startle reflex,removed,fully acoustic procedure
Mfhas1,IMPC_CSD_003,Combined SHIRPA and Dysmorphology,abnormal locomotor behavior,kept,non-acoustic MP term from mixed procedure
Marchf6,IMPC_ACS_003,Acoustic Startle and Pre-pulse Inhibition (PPI),decreased prepulse inhibition,removed,fully acoustic procedure
Dbndd2,IMPC_ACS_003,Acoustic Startle and Pre-pulse Inhibition (PPI),decreased prepulse inhibition,removed,fully acoustic procedure
Spred1,IMPC_CSD_003,Combined SHIRPA and Dysmorphology,abnormal head size,kept,non-acoustic MP term from mixed procedure
Ncln,IMPC_CSD_003,Combined SHIRPA and Dysmorphology,abnormal vibrissa morphology,kept,non-acoustic MP term from mixed procedure
Fkbp10,ESLIM_011_001,Acoustic Startle&PPI,increased startle reflex,removed,fully acoustic procedure
Dnase1l2,IMPC_CSD_003,Combined SHIRPA and Dysmorphology,abnormal head morphology,kept,non-acoustic MP term from mixed procedure
Cacna1b,IMPC_CSD_003,Combined SHIRPA and Dysmorphology,abnormal behavior,kept,non-acoustic MP term from mixed procedure
Calcoco1,IMPC_CSD_003,Combined SHIRPA and Dysmorphology,abnormal locomotor behavior,kept,non-acoustic MP term from mixed procedure
Or52k2,IMPC_CSD_002,Combined SHIRPA and Dysmorphology,abnormal tooth morphology,kept,non-acoustic MP term from mixed procedure
Baiap2l2,IMPC_ABR_002,Auditory Brain Stem Response,abnormal auditory brainstem response,removed,fully acoustic procedure
Lrrtm1,IMPC_CSD_003,Combined SHIRPA and Dysmorphology,decreased exploration in new environment,kept,non-acoustic MP term from mixed procedure
Otop3,ESLIM_011_001,Acoustic Startle&PPI,decreased prepulse inhibition,removed,fully acoustic procedure
Aven,IMPC_ACS_003,Acoustic Startle and Pre-pulse Inhibition (PPI),decreased prepulse inhibition,removed,fully acoustic procedure
Slc4a10,IMPC_ABR_002,Auditory Brain Stem Response,abnormal auditory brainstem response,removed,fully acoustic procedure
Duoxa2,MGP_CSD_001,Combined SHIRPA and Dysmorphology,abnormal snout morphology,kept,non-acoustic MP term from mixed procedure
Nt5dc1,JAXLA_CSD_003,Combined SHIRPA and Dysmorphology,abnormal coat/hair pigmentation,kept,non-acoustic MP term from mixed procedure
Thsd4,IMPC_CSD_003,Combined SHIRPA and Dysmorphology,increased aggression,kept,non-acoustic MP term from mixed procedure
Dtx1,HRWLLA_CSD_003,Combined SHIRPA and Dysmorphology,abnormal locomotor behavior,kept,non-acoustic MP term from mixed procedure
Strbp,IMPC_ACS_003,Acoustic Startle and Pre-pulse Inhibition (PPI),decreased prepulse inhibition,removed,fully acoustic procedure
Fbxo10,JAXLA_CSD_003,Combined SHIRPA and Dysmorphology,impaired righting response,kept,non-acoustic MP term from mixed procedure
Hspb9,IMPC_CSD_001,Combined SHIRPA and Dysmorphology,abnormal vocalization,kept,non-acoustic MP term from mixed procedure
Mat2a,ESLIM_011_001,Acoustic Startle&PPI,decreased prepulse inhibition,removed,fully acoustic procedure
Trip13,JAXLA_CSD_003,Combined SHIRPA and Dysmorphology,abnormal coat/ hair morphology,kept,non-acoustic MP term from mixed procedure
Ropn1l,MGP_CSD_001,Combined SHIRPA and Dysmorphology,abnormal snout morphology,kept,non-acoustic MP term from mixed procedure
Clrn2,IMPC_ACS_003,Acoustic Startle and Pre-pulse Inhibition (PPI),decreased startle reflex,removed,fully acoustic procedure
Tspyl2,IMPC_ACS_003,Acoustic Startle and Pre-pulse Inhibition (PPI),decreased prepulse inhibition,removed,fully acoustic procedure
Cdc23,IMPC_CSD_001,Combined SHIRPA and Dysmorphology,abnormal coat/hair pigmentation,kept,non-acoustic MP term from mixed procedure
F2rl1,IMPC_CSD_003,Combined SHIRPA and Dysmorphology,limb grasping,kept,non-acoustic MP term from mixed procedure
Retreg1,IMPC_CSD_003,Combined SHIRPA and Dysmorphology,decreased exploration in new environment,kept,non-acoustic MP term from mixed procedure
Tfeb,IMPC_CSD_003,Combined SHIRPA and Dysmorphology,trunk curl,kept,non-acoustic MP term from mixed procedure
Epgn,IMPC_CSD_001,Combined SHIRPA and Dysmorphology,impaired righting response,kept,non-acoustic MP term from mixed procedure
Setdb2,ESLIM_008_001,Modified SHIRPA,abnormal gait,kept,non-acoustic MP term from mixed procedure
Rnf168,IMPC_CSD_003,Combined SHIRPA and Dysmorphology,abnormal head morphology,kept,non-acoustic MP term from mixed procedure
Mat2a,ESLIM_011_001,Acoustic Startle&PPI,increased startle reflex,removed,fully acoustic procedure
Fam167a,IMPC_CSD_003,Combined SHIRPA and Dysmorphology,abnormal coat appearance,kept,non-acoustic MP term from mixed procedure
Plscr5,IMPC_ABR_002,Auditory Brain Stem Response,abnormal auditory brainstem response,removed,fully acoustic procedure
Apcdd1,IMPC_ACS_003,Acoustic Startle and Pre-pulse Inhibition (PPI),increased prepulse inhibition,removed,fully acoustic procedure
Syncrip,IMPC_ABR_002,Auditory Brain Stem Response,abnormal auditory brainstem response,removed,fully acoustic procedure
Irgc,IMPC_ACS_003,Acoustic Startle and Pre-pulse Inhibition (PPI),decreased prepulse inhibition,removed,fully acoustic procedure
Elmod1,IMPC_ACS_003,Acoustic Startle and Pre-pulse Inhibition (PPI),decreased startle reflex,removed,fully acoustic procedure
Otogl,JAXLA_CSD_003,Combined SHIRPA and Dysmorphology,abnormal coat/hair pigmentation,kept,non-acoustic MP term from mixed procedure
Avpi1,IMPC_ABR_002,Auditory Brain Stem Response,abnormal auditory brainstem response,removed,fully acoustic procedure
Pcdh20,IMPC_CSD_003,Combined SHIRPA and Dysmorphology,head bobbing,kept,non-acoustic MP term from mixed procedure
Triobp,IMPC_CSD_003,Combined SHIRPA and Dysmorphology,absent vibrissae,kept,non-acoustic MP term from mixed procedure
Ctf2,IMPC_ABR_002,Auditory Brain Stem Response,abnormal auditory brainstem response,removed,fully acoustic procedure
Pitx1,MGP_CSD_001,Combined SHIRPA and Dysmorphology,abnormal nail morphology,kept,non-acoustic MP term from mixed procedure
Nsd3,IMPC_CSD_003,Combined SHIRPA and Dysmorphology,decreased exploration in new environment,kept,non-acoustic MP term from mixed procedure
Clic5,IMPC_ACS_003,Acoustic Startle and Pre-pulse Inhibition (PPI),decreased startle reflex,removed,fully acoustic procedure
Fezf2,IMPC_ACS_003,Acoustic Startle and Pre-pulse Inhibition (PPI),decreased prepulse inhibition,removed,fully acoustic procedure
Ralgapa1,IMPC_CSD_003,Combined SHIRPA and Dysmorphology,decreased exploration in new environment,kept,non-acoustic MP term from mixed procedure
Cacnb4,ESLIM_011_001,Acoustic Startle&PPI,increased startle reflex,removed,fully acoustic procedure
Setbp1,IMPC_CSD_003,Combined SHIRPA and Dysmorphology,abnormal vocalization,kept,non-acoustic MP term from mixed procedure
Gbx1,ESLIM_008_001,Modified SHIRPA,abnormal gait,kept,non-acoustic MP term from mixed procedure
Crot,KMPCLA_CSD_003,Combined SHIRPA and Dysmorphology,abnormal coat/hair pigmentation,kept,non-acoustic MP term from mixed procedure
Gal3st1,IMPC_ACS_003,Acoustic Startle and Pre-pulse Inhibition (PPI),decreased prepulse inhibition,removed,fully acoustic procedure
Acsf2,IMPC_ACS_003,Acoustic Startle and Pre-pulse Inhibition (PPI),decreased startle reflex,removed,fully acoustic procedure
Camsap3,IMPC_ABR_001,Auditory Brain Stem Response,abnormal auditory brainstem response,removed,fully acoustic procedure
Prss53,MGP_CSD_001,Combined SHIRPA and Dysmorphology,absent pinna reflex,removed,acoustic MP term from mixed procedure
Mysm1,ESLIM_008_001,Modified SHIRPA,decreased locomotor activity,kept,non-acoustic MP term from mixed procedure
Tmem150b,IMPC_CSD_003,Combined SHIRPA and Dysmorphology,absent vibrissae,kept,non-acoustic MP term from mixed procedure
Crybg1,IMPC_CSD_003,Combined SHIRPA and Dysmorphology,decreased exploration in new environment,kept,non-acoustic MP term from mixed procedure
Zfp830,IMPC_CSD_003,Combined SHIRPA and Dysmorphology,abnormal gait,kept,non-acoustic MP term from mixed procedure
Mgrn1,IMPC_ABR_002,Auditory Brain Stem Response,abnormal auditory brainstem response,removed,fully acoustic procedure
Ppfia1,IMPC_CSD_001,Combined SHIRPA and Dysmorphology,abnormal coat/hair pigmentation,kept,non-acoustic MP term from mixed procedure
Pcnx4,IMPC_ABR_002,Auditory Brain Stem Response,abnormal auditory brainstem response,removed,fully acoustic procedure
Baz1a,IMPC_CSD_003,Combined SHIRPA and Dysmorphology,decreased exploration in new environment,kept,non-acoustic MP term from mixed procedure
Chfr,IMPC_CSD_003,Combined SHIRPA and Dysmorphology,abnormal skin coloration,kept,non-acoustic MP term from mixed procedure
Cops4,ESLIM_011_001,Acoustic Startle&PPI,increased startle reflex,removed,fully acoustic procedure
Tmem79,IMPC_CSD_003,Combined SHIRPA and Dysmorphology,abnormal coat appearance,kept,non-acoustic MP term from mixed procedure
Tubb4b,IMPC_CSD_001,Combined SHIRPA and Dysmorphology,abnormal coat/ hair morphology,kept,non-acoustic MP term from mixed procedure
Chrna9,ESLIM_011_001,Acoustic Startle&PPI,increased startle reflex,removed,fully acoustic procedure
Gramd2b,JAXLA_CSD_003,Combined SHIRPA and Dysmorphology,limb grasping,kept,non-acoustic MP term from mixed procedure
Kif13a,IMPC_ACS_003,Acoustic Startle and Pre-pulse Inhibition (PPI),decreased startle reflex,removed,fully acoustic procedure
Wbp2,ESLIM_011_001,Acoustic Startle&PPI,increased startle reflex,removed,fully acoustic procedure
Trpc1,IMPC_CSD_003,Combined SHIRPA and Dysmorphology,decreased exploration in new environment,kept,non-acoustic MP term from mixed procedure
BC031181,IMPC_CSD_003,Combined SHIRPA and Dysmorphology,limb grasping,kept,non-acoustic MP term from mixed procedure
Itsn1,IMPC_CSD_003,Combined SHIRPA and Dysmorphology,abnormal gait,kept,non-acoustic MP term from mixed procedure
Pycr2,MGP_CSD_001,Combined SHIRPA and Dysmorphology,limb grasping,kept,non-acoustic MP term from mixed procedure
Hbp1,ESLIM_011_001,Acoustic Startle&PPI,increased startle reflex,removed,fully acoustic procedure
Phykpl,ESLIM_008_001,Modified SHIRPA,abnormal locomotor activation,kept,non-acoustic MP term from mixed procedure
Dnase1l2,IMPC_CSD_003,Combined SHIRPA and Dysmorphology,abnormal digit morphology,kept,non-acoustic MP term from mixed procedure
Pstk,IMPC_CSD_003,Combined SHIRPA and Dysmorphology,head bobbing,kept,non-acoustic MP term from mixed procedure
Krtap17-1,IMPC_CSD_003,Combined SHIRPA and Dysmorphology,abnormal coat/ hair morphology,kept,non-acoustic MP term from mixed procedure
Ush1c,MGP_CSD_001,Combined SHIRPA and Dysmorphology,absent pinna reflex,removed,acoustic MP term from mixed procedure
Il2rb,IMPC_CSD_003,Combined SHIRPA and Dysmorphology,abnormal autopod morphology,kept,non-acoustic MP term from mixed procedure
Grin3b,IMPC_CSD_003,Combined SHIRPA and Dysmorphology,abnormal gait,kept,non-acoustic MP term from mixed procedure
Aqp1,IMPC_CSD_003,Combined SHIRPA and Dysmorphology,decreased exploration in new environment,kept,non-acoustic MP term from mixed procedure
Hs1bp3,IMPC_CSD_003,Combined SHIRPA and Dysmorphology,abnormal vibrissa morphology,kept,non-acoustic MP term from mixed procedure
Nos1ap,IMPC_CSD_003,Combined SHIRPA and Dysmorphology,tremors,kept,non-acoustic MP term from mixed procedure
Kctd10,ESLIM_008_001,Modified SHIRPA,trunk curl,kept,non-acoustic MP term from mixed procedure
Nos1ap,IMPC_ACS_003,Acoustic Startle and Pre-pulse Inhibition (PPI),decreased prepulse inhibition,removed,fully acoustic procedure
Ube3b,ESLIM_008_001,Modified SHIRPA,trunk curl,kept,non-acoustic MP term from mixed procedure
Atp5f1b,IMPC_ACS_003,Acoustic Startle and Pre-pulse Inhibition (PPI),decreased prepulse inhibition,removed,fully acoustic procedure
C7,JAXLA_CSD_003,Combined SHIRPA and Dysmorphology,abnormal coat/hair pigmentation,kept,non-acoustic MP term from mixed procedure
Tmem79,IMPC_CSD_001,Combined SHIRPA and Dysmorphology,abnormal coat/ hair morphology,kept,non-acoustic MP term from mixed procedure
Nt5dc2,JAXLA_CSD_003,Combined SHIRPA and Dysmorphology,impaired righting response,kept,non-acoustic MP term from mixed procedure
Kcne1,IMPC_ACS_003,Acoustic Startle and Pre-pulse Inhibition (PPI),decreased prepulse inhibition,removed,fully acoustic procedure
Trappc12,IMPC_CSD_003,Combined SHIRPA and Dysmorphology,abnormal locomotor behavior,kept,non-acoustic MP term from mixed procedure
Sun1,IMPC_ABR_002,Auditory Brain Stem Response,abnormal auditory brainstem response,removed,fully acoustic procedure
Ankrd11,IMPC_ACS_003,Acoustic Startle and Pre-pulse Inhibition (PPI),decreased startle reflex,removed,fully acoustic procedure
Zfp385c,IMPC_CSD_003,Combined SHIRPA and Dysmorphology,abnormal ear morphology,kept,non-acoustic MP term from mixed procedure
Rnf10,IMPC_ABR_001,Auditory Brain Stem Response,abnormal auditory brainstem response,removed,fully acoustic procedure
Cib3,HRWLIP_CSD_003,Combined SHIRPA and Dysmorphology,trunk curl,kept,non-acoustic MP term from mixed procedure
Wbp1l,IMPC_ACS_003,Acoustic Startle and Pre-pulse Inhibition (PPI),increased startle reflex,removed,fully acoustic procedure
Gls2,TCPLA_CSD_003,Combined SHIRPA and Dysmorphology,abnormal coat/ hair morphology,kept,non-acoustic MP term from mixed procedure
Dhx58,IMPC_ACS_003,Acoustic Startle and Pre-pulse Inhibition (PPI),decreased prepulse inhibition,removed,fully acoustic procedure
Rnf10,IMPC_ACS_003,Acoustic Startle and Pre-pulse Inhibition (PPI),decreased prepulse inhibition,removed,fully acoustic procedure
Mpv17l2,IMPC_CSD_003,Combined SHIRPA and Dysmorphology,abnormal coat/hair pigmentation,kept,non-acoustic MP term from mixed procedure
Setd5,MGP_CSD_001,Combined SHIRPA and Dysmorphology,abnormal coat/hair pigmentation,kept,non-acoustic MP term from mixed procedure
Cmas,IMPC_CSD_002,Combined SHIRPA and Dysmorphology,abnormal gait,kept,non-acoustic MP term from mixed procedure
Fdxacb1,IMPC_CSD_001,Combined SHIRPA and Dysmorphology,trunk curl,kept,non-acoustic MP term from mixed procedure
Naxd,IMPC_CSD_003,Combined SHIRPA and Dysmorphology,head bobbing,kept,non-acoustic MP term from mixed procedure
Dhfr,IMPC_ACS_003,Acoustic Startle and Pre-pulse Inhibition (PPI),decreased prepulse inhibition,removed,fully acoustic procedure
Bpifc,IMPC_CSD_003,Combined SHIRPA and Dysmorphology,abnormal locomotor behavior,kept,non-acoustic MP term from mixed procedure
Arcn1,ESLIM_008_001,Modified SHIRPA,abnormal tail movements,kept,non-acoustic MP term from mixed procedure
Stim2,IMPC_ACS_003,Acoustic Startle and Pre-pulse Inhibition (PPI),decreased prepulse inhibition,removed,fully acoustic procedure
Elmod1,ESLIM_011_001,Acoustic Startle&PPI,increased startle reflex,removed,fully acoustic procedure
Prkx,JAXLA_CSD_003,Combined SHIRPA and Dysmorphology,abnormal startle reflex,removed,acoustic MP term from mixed procedure
Hook3,IMPC_ACS_003,Acoustic Startle and Pre-pulse Inhibition (PPI),decreased prepulse inhibition,removed,fully acoustic procedure
Drg2,ESLIM_011_001,Acoustic Startle&PPI,decreased prepulse inhibition,removed,fully acoustic procedure
Aph1a,IMPC_CSD_003,Combined SHIRPA and Dysmorphology,abnormal coat appearance,kept,non-acoustic MP term from mixed procedure
D630045J12Rik,IMPC_CSD_003,Combined SHIRPA and Dysmorphology,decreased exploration in new environment,kept,non-acoustic MP term from mixed procedure
Arv1,IMPC_ABR_002,Auditory Brain Stem Response,abnormal auditory brainstem response,removed,fully acoustic procedure
Ckb,IMPC_ACS_003,Acoustic Startle and Pre-pulse Inhibition (PPI),decreased prepulse inhibition,removed,fully acoustic procedure
Myo10,MGP_CSD_001,Combined SHIRPA and Dysmorphology,abnormal coat/hair pigmentation,kept,non-acoustic MP term from mixed procedure
Lepr,IMPC_CSD_003,Combined SHIRPA and Dysmorphology,trunk curl,kept,non-acoustic MP term from mixed procedure
Mpl,IMPC_CSD_003,Combined SHIRPA and Dysmorphology,abnormal vocalization,kept,non-acoustic MP term from mixed procedure
Marveld2,IMPC_ACS_003,Acoustic Startle and Pre-pulse Inhibition (PPI),decreased prepulse inhibition,removed,fully acoustic procedure
Fgf20,IMPC_CSD_003,Combined SHIRPA and Dysmorphology,abnormal startle reflex,removed,acoustic MP term from mixed procedure
Bpnt2,ESLIM_008_001,Modified SHIRPA,abnormal gait,kept,non-acoustic MP term from mixed procedure
Spred1,IMPC_CSD_003,Combined SHIRPA and Dysmorphology,abnormal snout morphology,kept,non-acoustic MP term from mixed procedure
Lilrb4b,IMPC_ACS_003,Acoustic Startle and Pre-pulse Inhibition (PPI),increased startle reflex,removed,fully acoustic procedure
Fbxo11,ESLIM_011_001,Acoustic Startle&PPI,increased startle reflex,removed,fully acoustic procedure
Gas2l2,IMPC_ABR_001,Auditory Brain Stem Response,abnormal auditory brainstem response,removed,fully acoustic procedure
Mysm1,ESLIM_008_001,Modified SHIRPA,trunk curl,kept,non-acoustic MP term from mixed procedure
Mtmr10,IMPC_ACS_003,Acoustic Startle and Pre-pulse Inhibition (PPI),decreased prepulse inhibition,removed,fully acoustic procedure
Pcsk2,IMPC_CSD_003,Combined SHIRPA and Dysmorphology,limb grasping,kept,non-acoustic MP term from mixed procedure
Tmem72,IMPC_ACS_003,Acoustic Startle and Pre-pulse Inhibition (PPI),increased startle reflex,removed,fully acoustic procedure
Papolg,IMPC_CSD_001,Combined SHIRPA and Dysmorphology,abnormal coat/ hair morphology,kept,non-acoustic MP term from mixed procedure
Gstm4,IMPC_CSD_003,Combined SHIRPA and Dysmorphology,abnormal skin coloration,kept,non-acoustic MP term from mixed procedure
Dop1a,IMPC_CSD_003,Combined SHIRPA and Dysmorphology,abnormal skin morphology,kept,non-acoustic MP term from mixed procedure
Ncor2,ESLIM_011_001,Acoustic Startle&PPI,increased startle reflex,removed,fully acoustic procedure
Alg8,JAXLA_CSD_003,Combined SHIRPA and Dysmorphology,abnormal coat/hair pigmentation,kept,non-acoustic MP term from mixed procedure
Ptpra,IMPC_ACS_003,Acoustic Startle and Pre-pulse Inhibition (PPI),decreased prepulse inhibition,removed,fully acoustic procedure
Arvcf,IMPC_ACS_003,Acoustic Startle and Pre-pulse Inhibition (PPI),decreased prepulse inhibition,removed,fully acoustic procedure
Rnase1,IMPC_ACS_003,Acoustic Startle and Pre-pulse Inhibition (PPI),decreased prepulse inhibition,removed,fully acoustic procedure
Gzmb,IMPC_CSD_003,Combined SHIRPA and Dysmorphology,abnormal behavior,kept,non-acoustic MP term from mixed procedure
Ipo7,UCDLA_CSD_003,Combined SHIRPA and Dysmorphology,increased exploration in new environment,kept,non-acoustic MP term from mixed procedure
Tmprss6,IMPC_CSD_003,Combined SHIRPA and Dysmorphology,abnormal coat/ hair morphology,kept,non-acoustic MP term from mixed procedure
Cep19,IMPC_ACS_003,Acoustic Startle and Pre-pulse Inhibition (PPI),decreased prepulse inhibition,removed,fully acoustic procedure
Enpp1,IMPC_CSD_003,Combined SHIRPA and Dysmorphology,abnormal skin coloration,kept,non-acoustic MP term from mixed procedure
Klk5,IMPC_ACS_003,Acoustic Startle and Pre-pulse Inhibition (PPI),decreased startle reflex,removed,fully acoustic procedure
Lrba,MGP_CSD_001,Combined SHIRPA and Dysmorphology,absent pinna reflex,removed,acoustic MP term from mixed procedure
Lyst,IMPC_CSD_003,Combined SHIRPA and Dysmorphology,abnormal coat/hair pigmentation,kept,non-acoustic MP term from mixed procedure
Baiap2l2,IMPC_ACS_003,Acoustic Startle and Pre-pulse Inhibition (PPI),decreased prepulse inhibition,removed,fully acoustic procedure
Epn3,IMPC_ABR_002,Auditory Brain Stem Response,abnormal auditory brainstem response,removed,fully acoustic procedure
Ikzf2,HRWLLA_CSD_003,Combined SHIRPA and Dysmorphology,abnormal startle reflex,removed,acoustic MP term from mixed procedure
Klc2,IMPC_ABR_001,Auditory Brain Stem Response,abnormal auditory brainstem response,removed,fully acoustic procedure
Minar2,IMPC_ABR_001,Auditory Brain Stem Response,abnormal auditory brainstem response,removed,fully acoustic procedure
Zfp719,IMPC_ABR_001,Auditory Brain Stem Response,abnormal auditory brainstem response,removed,fully acoustic procedure
Phex,ESLIM_008_001,Modified SHIRPA,abnormal tail movements,kept,non-acoustic MP term from mixed procedure
Tarbp1,IMPC_CSD_003,Combined SHIRPA and Dysmorphology,abnormal skin coloration,kept,non-acoustic MP term from mixed procedure
Otog,IMPC_ACS_003,Acoustic Startle and Pre-pulse Inhibition (PPI),decreased prepulse inhibition,removed,fully acoustic procedure
Duoxa2,MGP_CSD_001,Combined SHIRPA and Dysmorphology,abnormal hair growth,kept,non-acoustic MP term from mixed procedure
Clk1,ESLIM_008_001,Modified SHIRPA,abnormal response to tactile stimuli,kept,non-acoustic MP term from mixed procedure
Sbf1,IMPC_ACS_003,Acoustic Startle and Pre-pulse Inhibition (PPI),decreased prepulse inhibition,removed,fully acoustic procedure
Pacs2,ESLIM_011_001,Acoustic Startle&PPI,increased startle reflex,removed,fully acoustic procedure
Npr2,IMPC_CSD_003,Combined SHIRPA and Dysmorphology,abnormal locomotor behavior,kept,non-acoustic MP term from mixed procedure
Hexb,IMPC_CSD_003,Combined SHIRPA and Dysmorphology,abnormal gait,kept,non-acoustic MP term from mixed procedure
Sgsh,IMPC_ACS_003,Acoustic Startle and Pre-pulse Inhibition (PPI),increased startle reflex,removed,fully acoustic procedure
Klc2,IMPC_ABR_001,Auditory Brain Stem Response,abnormal auditory brainstem response,removed,fully acoustic procedure
Mir129-2,KMPCLA_CSD_003,Combined SHIRPA and Dysmorphology,abnormal coat/hair pigmentation,kept,non-acoustic MP term from mixed procedure
Aldoc,IMPC_ABR_002,Auditory Brain Stem Response,abnormal auditory brainstem response,removed,fully acoustic procedure
Mtmr6,IMPC_CSD_003,Combined SHIRPA and Dysmorphology,abnormal skin coloration,kept,non-acoustic MP term from mixed procedure
Hsd17b4,IMPC_CSD_003,Combined SHIRPA and Dysmorphology,abnormal gait,kept,non-acoustic MP term from mixed procedure
Mrgprg,IMPC_CSD_001,Combined SHIRPA and Dysmorphology,abnormal coat/hair pigmentation,kept,non-acoustic MP term from mixed procedure
Tafa2,IMPC_CSD_003,Combined SHIRPA and Dysmorphology,tremors,kept,non-acoustic MP term from mixed procedure
Tmem145,IMPC_ABR_002,Auditory Brain Stem Response,abnormal auditory brainstem response,removed,fully acoustic procedure
Serpina3i,IMPC_ABR_002,Auditory Brain Stem Response,abnormal auditory brainstem response,removed,fully acoustic procedure
Prdm8,IMPC_ACS_003,Acoustic Startle and Pre-pulse Inhibition (PPI),increased prepulse inhibition,removed,fully acoustic procedure
Mcf2l,ESLIM_011_001,Acoustic Startle&PPI,increased startle reflex,removed,fully acoustic procedure
Dpf3,IMPC_ACS_003,Acoustic Startle and Pre-pulse Inhibition (PPI),decreased prepulse inhibition,removed,fully acoustic procedure
Bnc1,HRWLLA_CSD_003,Combined SHIRPA and Dysmorphology,abnormal coat/hair pigmentation,kept,non-acoustic MP term from mixed procedure
Prpsap2,ESLIM_011_001,Acoustic Startle&PPI,increased startle reflex,removed,fully acoustic procedure
H2al2a,MGP_CSD_001,Combined SHIRPA and Dysmorphology,abnormal tail morphology,kept,non-acoustic MP term from mixed procedure
Plekhf2,IMPC_ABR_002,Auditory Brain Stem Response,abnormal auditory brainstem response,removed,fully acoustic procedure
Pde4c,IMPC_ACS_003,Acoustic Startle and Pre-pulse Inhibition (PPI),decreased startle reflex,removed,fully acoustic procedure
Col9a3,IMPC_ABR_002,Auditory Brain Stem Response,abnormal auditory brainstem response,removed,fully acoustic procedure
Sorl1,IMPC_CSD_003,Combined SHIRPA and Dysmorphology,abnormal snout morphology,kept,non-acoustic MP term from mixed procedure
Rnf10,IMPC_CSD_003,Combined SHIRPA and Dysmorphology,limb grasping,kept,non-acoustic MP term from mixed procedure
Gad2,IMPC_ACS_003,Acoustic Startle and Pre-pulse Inhibition (PPI),decreased prepulse inhibition,removed,fully acoustic procedure
Shank2,RBRCLA_CSD_003,Combined SHIRPA and Dysmorphology,limb grasping,kept,non-acoustic MP term from mixed procedure
Elfn2,IMPC_CSD_003,Combined SHIRPA and Dysmorphology,abnormal vocalization,kept,non-acoustic MP term from mixed procedure
Zfp106,M-G-P_008_001,Modified SHIRPA,abnormal gait,kept,non-acoustic MP term from mixed procedure
Dhx9,IMPC_ACS_003,Acoustic Startle and Pre-pulse Inhibition (PPI),decreased prepulse inhibition,removed,fully acoustic procedure
Cib2,IMPC_CSD_003,Combined SHIRPA and Dysmorphology,abnormal ear morphology,kept,non-acoustic MP term from mixed procedure
Grxcr1,IMPC_ABR_002,Auditory Brain Stem Response,abnormal auditory brainstem response,removed,fully acoustic procedure
Plod2,JAXLA_CSD_003,Combined SHIRPA and Dysmorphology,abnormal coat/hair pigmentation,kept,non-acoustic MP term from mixed procedure
Duoxa2,IMPC_ABR_001,Auditory Brain Stem Response,abnormal auditory brainstem response,removed,fully acoustic procedure
Arl6ip1,IMPC_CSD_003,Combined SHIRPA and Dysmorphology,abnormal gait,kept,non-acoustic MP term from mixed procedure
Minar2,IMPC_ABR_001,Auditory Brain Stem Response,abnormal auditory brainstem response,removed,fully acoustic procedure
Meis1,IMPC_ACS_003,Acoustic Startle and Pre-pulse Inhibition (PPI),increased startle reflex,removed,fully acoustic procedure
Hmbs,IMPC_CSD_003,Combined SHIRPA and Dysmorphology,limb grasping,kept,non-acoustic MP term from mixed procedure
Clrn1,IMPC_ABR_002,Auditory Brain Stem Response,abnormal auditory brainstem response,removed,fully acoustic procedure
Eml1,MGP_CSD_001,Combined SHIRPA and Dysmorphology,absent pinna reflex,removed,acoustic MP term from mixed procedure
Kcng3,IMPC_CSD_003,Combined SHIRPA and Dysmorphology,abnormal coat/hair pigmentation,kept,non-acoustic MP term from mixed procedure
Abcc5,IMPC_CSD_003,Combined SHIRPA and Dysmorphology,limb grasping,kept,non-acoustic MP term from mixed procedure
Rhbdf2,ESLIM_008_001,Modified SHIRPA,abnormal response to tactile stimuli,kept,non-acoustic MP term from mixed procedure
Usp1,MGP_CSD_001,Combined SHIRPA and Dysmorphology,abnormal snout morphology,kept,non-acoustic MP term from mixed procedure
Adgrv1,IMPC_ACS_003,Acoustic Startle and Pre-pulse Inhibition (PPI),decreased prepulse inhibition,removed,fully acoustic procedure
Hsd17b4,IMPC_CSD_003,Combined SHIRPA and Dysmorphology,limb grasping,kept,non-acoustic MP term from mixed procedure
Fnbp1,IMPC_CSD_001,Combined SHIRPA and Dysmorphology,increased aggression,kept,non-acoustic MP term from mixed procedure
Tmem79,IMPC_CSD_003,Combined SHIRPA and Dysmorphology,abnormal coat appearance,kept,non-acoustic MP term from mixed procedure
Parvb,ESLIM_011_001,Acoustic Startle&PPI,increased startle reflex,removed,fully acoustic procedure
Ctsa,IMPC_CSD_003,Combined SHIRPA and Dysmorphology,tremors,kept,non-acoustic MP term from mixed procedure
Osbpl8,IMPC_ACS_003,Acoustic Startle and Pre-pulse Inhibition (PPI),decreased prepulse inhibition,removed,fully acoustic procedure
Tmem138,IMPC_ACS_003,Acoustic Startle and Pre-pulse Inhibition (PPI),decreased prepulse inhibition,removed,fully acoustic procedure
Map7,IMPC_ABR_002,Auditory Brain Stem Response,abnormal auditory brainstem response,removed,fully acoustic procedure
Hr,IMPC_CSD_003,Combined SHIRPA and Dysmorphology,abnormal coat/ hair morphology,kept,non-acoustic MP term from mixed procedure
Pole2,IMPC_ACS_003,Acoustic Startle and Pre-pulse Inhibition (PPI),increased prepulse inhibition,removed,fully acoustic procedure
Tmem8b,IMPC_ACS_003,Acoustic Startle and Pre-pulse Inhibition (PPI),decreased prepulse inhibition,removed,fully acoustic procedure
Sox14,IMPC_CSD_003,Combined SHIRPA and Dysmorphology,abnormal gait,kept,non-acoustic MP term from mixed procedure
Igfbp3,IMPC_CSD_003,Combined SHIRPA and Dysmorphology,abnormal coat/hair pigmentation,kept,non-acoustic MP term from mixed procedure
Mfsd4b4,JAXLA_CSD_003,Combined SHIRPA and Dysmorphology,impaired righting response,kept,non-acoustic MP term from mixed procedure
Tfrc,IMPC_CSD_003,Combined SHIRPA and Dysmorphology,abnormal vocalization,kept,non-acoustic MP term from mixed procedure
Th,IMPC_CSD_003,Combined SHIRPA and Dysmorphology,abnormal gait,kept,non-acoustic MP term from mixed procedure
Trpv4,IMPC_CSD_003,Combined SHIRPA and Dysmorphology,abnormal coat/hair pigmentation,kept,non-acoustic MP term from mixed procedure
Erlec1,IMPC_ACS_003,Acoustic Startle and Pre-pulse Inhibition (PPI),increased prepulse inhibition,removed,fully acoustic procedure
Pmpca,IMPC_CSD_001,Combined SHIRPA and Dysmorphology,absent vibrissae,kept,non-acoustic MP term from mixed procedure
Cldn13,JAXLA_CSD_003,Combined SHIRPA and Dysmorphology,abnormal startle reflex,removed,acoustic MP term from mixed procedure
Tmem51,HRWLLA_CSD_003,Combined SHIRPA and Dysmorphology,abnormal startle reflex,removed,acoustic MP term from mixed procedure
Wtap,ESLIM_011_001,Acoustic Startle&PPI,increased startle reflex,removed,fully acoustic procedure
Rab11fip3,IMPC_ABR_002,Auditory Brain Stem Response,abnormal auditory brainstem response,removed,fully acoustic procedure
Mir96,ESLIM_008_001,Modified SHIRPA,abnormal startle reflex,removed,acoustic MP term from mixed procedure
Otoa,IMPC_ACS_003,Acoustic Startle and Pre-pulse Inhibition (PPI),decreased prepulse inhibition,removed,fully acoustic procedure
Sec31a,IMPC_CSD_003,Combined SHIRPA and Dysmorphology,abnormal locomotor behavior,kept,non-acoustic MP term from mixed procedure
Htr1f,IMPC_CSD_001,Combined SHIRPA and Dysmorphology,abnormal tail length,kept,non-acoustic MP term from mixed procedure
Fbxo30,IMPC_ACS_003,Acoustic Startle and Pre-pulse Inhibition (PPI),increased prepulse inhibition,removed,fully acoustic procedure
Otog,IMPC_ABR_002,Auditory Brain Stem Response,abnormal auditory brainstem response,removed,fully acoustic procedure
Rabgap1,IMPC_ACS_003,Acoustic Startle and Pre-pulse Inhibition (PPI),decreased prepulse inhibition,removed,fully acoustic procedure
Syce1,IMPC_CSD_003,Combined SHIRPA and Dysmorphology,limb grasping,kept,non-acoustic MP term from mixed procedure
Phactr1,UCDIP_CSD_003,Combined SHIRPA and Dysmorphology,abnormal coat/ hair morphology,kept,non-acoustic MP term from mixed procedure
Iqca1,IMPC_ACS_003,Acoustic Startle and Pre-pulse Inhibition (PPI),increased startle reflex,removed,fully acoustic procedure
Tmem256,IMPC_CSD_003,Combined SHIRPA and Dysmorphology,limb grasping,kept,non-acoustic MP term from mixed procedure
Ccdc166,IMPC_ABR_002,Auditory Brain Stem Response,abnormal auditory brainstem response,removed,fully acoustic procedure
Cacna2d1,IMPC_ACS_003,Acoustic Startle and Pre-pulse Inhibition (PPI),decreased prepulse inhibition,removed,fully acoustic procedure
Trpv4,IMPC_CSD_003,Combined SHIRPA and Dysmorphology,abnormal coat/hair pigmentation,kept,non-acoustic MP term from mixed procedure
Dpp4,IMPC_ABR_002,Auditory Brain Stem Response,abnormal auditory brainstem response,removed,fully acoustic procedure
Aak1,IMPC_ABR_002,Auditory Brain Stem Response,abnormal auditory brainstem response,removed,fully acoustic procedure
Rabl2,IMPC_CSD_003,Combined SHIRPA and Dysmorphology,abnormal digit morphology,kept,non-acoustic MP term from mixed procedure
Hps5,IMPC_CSD_001,Combined SHIRPA and Dysmorphology,abnormal behavior,kept,non-acoustic MP term from mixed procedure
Esf1,IMPC_CSD_003,Combined SHIRPA and Dysmorphology,absent vibrissae,kept,non-acoustic MP term from mixed procedure
Epg5,IMPC_ACS_003,Acoustic Startle and Pre-pulse Inhibition (PPI),decreased startle reflex,removed,fully acoustic procedure
Dhx38,IMPC_CSD_001,Combined SHIRPA and Dysmorphology,abnormal coat/hair pigmentation,kept,non-acoustic MP term from mixed procedure
Slc25a39,IMPC_CSD_003,Combined SHIRPA and Dysmorphology,limb grasping,kept,non-acoustic MP term from mixed procedure
Tspyl4,IMPC_CSD_003,Combined SHIRPA and Dysmorphology,increased aggression,kept,non-acoustic MP term from mixed procedure
Sfpq,MGP_CSD_001,Combined SHIRPA and Dysmorphology,abnormal snout morphology,kept,non-acoustic MP term from mixed procedure
Gde1,IMPC_CSD_002,Combined SHIRPA and Dysmorphology,abnormal behavior,kept,non-acoustic MP term from mixed procedure
Mars1,IMPC_CSD_003,Combined SHIRPA and Dysmorphology,abnormal locomotor behavior,kept,non-acoustic MP term from mixed procedure
Lmod3,IMPC_ACS_003,Acoustic Startle and Pre-pulse Inhibition (PPI),decreased prepulse inhibition,removed,fully acoustic procedure
Ikzf2,IMPC_CSD_003,Combined SHIRPA and Dysmorphology,abnormal startle reflex,removed,acoustic MP term from mixed procedure
Atp9b,IMPC_CSD_001,Combined SHIRPA and Dysmorphology,abnormal coat/hair pigmentation,kept,non-acoustic MP term from mixed procedure
Zfp52,IMPC_CSD_001,Combined SHIRPA and Dysmorphology,abnormal coat/ hair morphology,kept,non-acoustic MP term from mixed procedure
Znhit6,IMPC_ACS_003,Acoustic Startle and Pre-pulse Inhibition (PPI),decreased prepulse inhibition,removed,fully acoustic procedure
Rbm25,IMPC_ACS_003,Acoustic Startle and Pre-pulse Inhibition (PPI),decreased prepulse inhibition,removed,fully acoustic procedure
Krt71,IMPC_CSD_003,Combined SHIRPA and Dysmorphology,abnormal coat/ hair morphology,kept,non-acoustic MP term from mixed procedure
Tnfrsf11b,IMPC_ABR_002,Auditory Brain Stem Response,abnormal auditory brainstem response,removed,fully acoustic procedure
Fyb1,IMPC_ABR_002,Auditory Brain Stem Response,abnormal auditory brainstem response,removed,fully acoustic procedure
Rbpjl,IMPC_CSD_003,Combined SHIRPA and Dysmorphology,head bobbing,kept,non-acoustic MP term from mixed procedure
Krt71,IMPC_CSD_003,Combined SHIRPA and Dysmorphology,abnormal coat appearance,kept,non-acoustic MP term from mixed procedure
P2rx5,IMPC_CSD_002,Combined SHIRPA and Dysmorphology,abnormal gait,kept,non-acoustic MP term from mixed procedure
Cep85l,IMPC_ABR_002,Auditory Brain Stem Response,abnormal auditory brainstem response,removed,fully acoustic procedure
1810055G02Rik,IMPC_CSD_002,Combined SHIRPA and Dysmorphology,abnormal vibrissa morphology,kept,non-acoustic MP term from mixed procedure
Cep250,IMPC_ABR_001,Auditory Brain Stem Response,abnormal auditory brainstem response,removed,fully acoustic procedure
Srsf6,IMPC_CSD_001,Combined SHIRPA and Dysmorphology,abnormal vocalization,kept,non-acoustic MP term from mixed procedure
Sec62,IMPC_CSD_001,Combined SHIRPA and Dysmorphology,abnormal vocalization,kept,non-acoustic MP term from mixed procedure
Mat2a,ESLIM_011_001,Acoustic Startle&PPI,increased startle reflex,removed,fully acoustic procedure
Cabp2,IMPC_ACS_003,Acoustic Startle and Pre-pulse Inhibition (PPI),decreased startle reflex,removed,fully acoustic procedure
Cib2,IMPC_ABR_002,Auditory Brain Stem Response,abnormal auditory brainstem response,removed,fully acoustic procedure
Mab21l4,M-G-P_008_001,Modified SHIRPA,abnormal response to new environment,kept,non-acoustic MP term from mixed procedure
Baiap2l2,IMPC_ABR_002,Auditory Brain Stem Response,abnormal auditory brainstem response,removed,fully acoustic procedure
Srbd1,JAXLA_CSD_003,Combined SHIRPA and Dysmorphology,limb grasping,kept,non-acoustic MP term from mixed procedure
Mon2,IMPC_CSD_001,Combined SHIRPA and Dysmorphology,abnormal vocalization,kept,non-acoustic MP term from mixed procedure
Cyb561,IMPC_CSD_003,Combined SHIRPA and Dysmorphology,abnormal snout morphology,kept,non-acoustic MP term from mixed procedure
Hr,IMPC_CSD_003,Combined SHIRPA and Dysmorphology,abnormal coat/ hair morphology,kept,non-acoustic MP term from mixed procedure
Usp38,IMPC_ACS_003,Acoustic Startle and Pre-pulse Inhibition (PPI),decreased prepulse inhibition,removed,fully acoustic procedure
Tmem79,IMPC_CSD_003,Combined SHIRPA and Dysmorphology,abnormal coat appearance,kept,non-acoustic MP term from mixed procedure
Pfas,IMPC_CSD_001,Combined SHIRPA and Dysmorphology,abnormal snout morphology,kept,non-acoustic MP term from mixed procedure
Cep135,JAXLA_CSD_003,Combined SHIRPA and Dysmorphology,abnormal head morphology,kept,non-acoustic MP term from mixed procedure
Sfrp2,ESLIM_008_001,Modified SHIRPA,abnormal tail movements,kept,non-acoustic MP term from mixed procedure
Ngfr,IMPC_CSD_003,Combined SHIRPA and Dysmorphology,limb grasping,kept,non-acoustic MP term from mixed procedure
Myh1,IMPC_CSD_003,Combined SHIRPA and Dysmorphology,abnormal startle reflex,removed,acoustic MP term from mixed procedure
Rbfox3,ESLIM_011_001,Acoustic Startle&PPI,increased startle reflex,removed,fully acoustic procedure
Adgrv1,IMPC_CSD_003,Combined SHIRPA and Dysmorphology,abnormal startle reflex,removed,acoustic MP term from mixed procedure
Otoa,IMPC_ABR_002,Auditory Brain Stem Response,abnormal auditory brainstem response,removed,fully acoustic procedure
Sox14,IMPC_CSD_003,Combined SHIRPA and Dysmorphology,abnormal behavior,kept,non-acoustic MP term from mixed procedure
Tmem212,IMPC_ACS_003,Acoustic Startle and Pre-pulse Inhibition (PPI),decreased prepulse inhibition,removed,fully acoustic procedure
Fgf11,ESLIM_008_001,Modified SHIRPA,abnormal startle reflex,removed,acoustic MP term from mixed procedure
Rhbdf2,MGP_CSD_001,Combined SHIRPA and Dysmorphology,abnormal coat appearance,kept,non-acoustic MP term from mixed procedure
C7,IMPC_CSD_001,Combined SHIRPA and Dysmorphology,increased exploration in new environment,kept,non-acoustic MP term from mixed procedure
Dnase1l2,IMPC_CSD_003,Combined SHIRPA and Dysmorphology,abnormal nail morphology,kept,non-acoustic MP term from mixed procedure
Mob2,IMPC_ACS_003,Acoustic Startle and Pre-pulse Inhibition (PPI),increased startle reflex,removed,fully acoustic procedure
Zgrf1,IMPC_CSD_001,Combined SHIRPA and Dysmorphology,decreased exploration in new environment,kept,non-acoustic MP term from mixed procedure
Tmem35b,IMPC_CSD_003,Combined SHIRPA and Dysmorphology,limb grasping,kept,non-acoustic MP term from mixed procedure
Nedd4l,IMPC_ABR_002,Auditory Brain Stem Response,abnormal auditory brainstem response,removed,fully acoustic procedure
Sulf2,IMPC_ACS_003,Acoustic Startle and Pre-pulse Inhibition (PPI),decreased prepulse inhibition,removed,fully acoustic procedure
Gdf5,IMPC_CSD_003,Combined SHIRPA and Dysmorphology,abnormal hindlimb morphology,kept,non-acoustic MP term from mixed procedure
Tomt,IMPC_ABR_002,Auditory Brain Stem Response,abnormal auditory brainstem response,removed,fully acoustic procedure
Gm12258,IMPC_ACS_003,Acoustic Startle and Pre-pulse Inhibition (PPI),increased startle reflex,removed,fully acoustic procedure
Recql4,IMPC_CSD_003,Combined SHIRPA and Dysmorphology,increased aggression,kept,non-acoustic MP term from mixed procedure
Mcidas,IMPC_ABR_002,Auditory Brain Stem Response,abnormal auditory brainstem response,removed,fully acoustic procedure
1700020A23Rik,IMPC_CSD_003,Combined SHIRPA and Dysmorphology,abnormal coat/ hair morphology,kept,non-acoustic MP term from mixed procedure
Chst8,IMPC_CSD_003,Combined SHIRPA and Dysmorphology,abnormal vibrissa morphology,kept,non-acoustic MP term from mixed procedure
Setd5,MGP_CSD_001,Combined SHIRPA and Dysmorphology,abnormal snout morphology,kept,non-acoustic MP term from mixed procedure
Gpr89,IMPC_ABR_002,Auditory Brain Stem Response,abnormal auditory brainstem response,removed,fully acoustic procedure
Dusp7,IMPC_CSD_002,Combined SHIRPA and Dysmorphology,abnormal coat/hair pigmentation,kept,non-acoustic MP term from mixed procedure
Otogl,JAXLA_CSD_003,Combined SHIRPA and Dysmorphology,abnormal vocalization,kept,non-acoustic MP term from mixed procedure
Kcne1,IMPC_ACS_003,Acoustic Startle and Pre-pulse Inhibition (PPI),decreased startle reflex,removed,fully acoustic procedure
Ffar2,IMPC_ACS_003,Acoustic Startle and Pre-pulse Inhibition (PPI),increased startle reflex,removed,fully acoustic procedure
Casp2,IMPC_ACS_003,Acoustic Startle and Pre-pulse Inhibition (PPI),increased startle reflex,removed,fully acoustic procedure
Hoxc13,IMPC_CSD_003,Combined SHIRPA and Dysmorphology,abnormal coat/ hair morphology,kept,non-acoustic MP term from mixed procedure
Aph1c,IMPC_ACS_003,Acoustic Startle and Pre-pulse Inhibition (PPI),increased prepulse inhibition,removed,fully acoustic procedure
Endod1,IMPC_ACS_003,Acoustic Startle and Pre-pulse Inhibition (PPI),decreased prepulse inhibition,removed,fully acoustic procedure
Aak1,IMPC_ABR_002,Auditory Brain Stem Response,abnormal auditory brainstem response,removed,fully acoustic procedure
Hspb8,IMPC_CSD_003,Combined SHIRPA and Dysmorphology,abnormal coat/ hair morphology,kept,non-acoustic MP term from mixed procedure
G3bp1,IMPC_CSD_003,Combined SHIRPA and Dysmorphology,abnormal coat appearance,kept,non-acoustic MP term from mixed procedure
AU040320,JAXLA_CSD_003,Combined SHIRPA and Dysmorphology,impaired righting response,kept,non-acoustic MP term from mixed procedure
Dcaf15,IMPC_CSD_003,Combined SHIRPA and Dysmorphology,abnormal coat/hair pigmentation,kept,non-acoustic MP term from mixed procedure
Tmem255b,ESLIM_011_001,Acoustic Startle&PPI,increased startle reflex,removed,fully acoustic procedure
Trpc3,ESLIM_008_001,Modified SHIRPA,abnormal locomotor activation,kept,non-acoustic MP term from mixed procedure
Ywhab,IMPC_CSD_002,Combined SHIRPA and Dysmorphology,abnormal behavior,kept,non-acoustic MP term from mixed procedure
Fnta,IMPC_CSD_003,Combined SHIRPA and Dysmorphology,abnormal coat/hair pigmentation,kept,non-acoustic MP term from mixed procedure
Ap4e1,IMPC_CSD_003,Combined SHIRPA and Dysmorphology,limb grasping,kept,non-acoustic MP term from mixed procedure
Strbp,IMPC_CSD_002,Combined SHIRPA and Dysmorphology,abnormal startle reflex,removed,acoustic MP term from mixed procedure
Eya1,IMPC_ACS_003,Acoustic Startle and Pre-pulse Inhibition (PPI),decreased prepulse inhibition,removed,fully acoustic procedure
Cs,IMPC_ACS_003,Acoustic Startle and Pre-pulse Inhibition (PPI),decreased prepulse inhibition,removed,fully acoustic procedure
Mcidas,IMPC_ACS_003,Acoustic Startle and Pre-pulse Inhibition (PPI),decreased prepulse inhibition,removed,fully acoustic procedure
Slc24a5,IMPC_CSD_001,Combined SHIRPA and Dysmorphology,abnormal coat/hair pigmentation,kept,non-acoustic MP term from mixed procedure
Arvcf,ESLIM_008_001,Modified SHIRPA,abnormal gait,kept,non-acoustic MP term from mixed procedure
Irgm1,MGP_CSD_001,Combined SHIRPA and Dysmorphology,abnormal eye morphology,kept,non-acoustic MP term from mixed procedure
Wdr62,IMPC_ACS_003,Acoustic Startle and Pre-pulse Inhibition (PPI),decreased prepulse inhibition,removed,fully acoustic procedure
Fbxo22,IMPC_ACS_003,Acoustic Startle and Pre-pulse Inhibition (PPI),decreased prepulse inhibition,removed,fully acoustic procedure
Ypel2,IMPC_CSD_003,Combined SHIRPA and Dysmorphology,abnormal tooth morphology,kept,non-acoustic MP term from mixed procedure
Chodl,IMPC_CSD_003,Combined SHIRPA and Dysmorphology,abnormal locomotor behavior,kept,non-acoustic MP term from mixed procedure
Gm12695,IMPC_CSD_001,Combined SHIRPA and Dysmorphology,abnormal vocalization,kept,non-acoustic MP term from mixed procedure
Cib2,IMPC_ACS_003,Acoustic Startle and Pre-pulse Inhibition (PPI),decreased prepulse inhibition,removed,fully acoustic procedure
Iqgap2,IMPC_ACS_003,Acoustic Startle and Pre-pulse Inhibition (PPI),decreased prepulse inhibition,removed,fully acoustic procedure
Pcdhb22,IMPC_CSD_001,Combined SHIRPA and Dysmorphology,limb grasping,kept,non-acoustic MP term from mixed procedure
Tars3,IMPC_ACS_003,Acoustic Startle and Pre-pulse Inhibition (PPI),decreased startle reflex,removed,fully acoustic procedure
Twist1,IMPC_CSD_003,Combined SHIRPA and Dysmorphology,abnormal digit morphology,kept,non-acoustic MP term from mixed procedure
Srrm4,MGP_CSD_001,Combined SHIRPA and Dysmorphology,tremors,kept,non-acoustic MP term from mixed procedure
Acsm2,IMPC_CSD_001,Combined SHIRPA and Dysmorphology,abnormal coat appearance,kept,non-acoustic MP term from mixed procedure
Phf14,IMPC_ACS_003,Acoustic Startle and Pre-pulse Inhibition (PPI),decreased startle reflex,removed,fully acoustic procedure
Prkra,IMPC_ACS_003,Acoustic Startle and Pre-pulse Inhibition (PPI),decreased prepulse inhibition,removed,fully acoustic procedure
Cbln3,IMPC_ABR_002,Auditory Brain Stem Response,abnormal auditory brainstem response,removed,fully acoustic procedure
Gcnt7,IMPC_CSD_003,Combined SHIRPA and Dysmorphology,abnormal coat/hair pigmentation,kept,non-acoustic MP term from mixed procedure
Clk1,ESLIM_011_001,Acoustic Startle&PPI,increased startle reflex,removed,fully acoustic procedure
Wdr81,JAXLA_CSD_003,Combined SHIRPA and Dysmorphology,abnormal coat/ hair morphology,kept,non-acoustic MP term from mixed procedure
Masp1,IMPC_ACS_003,Acoustic Startle and Pre-pulse Inhibition (PPI),decreased prepulse inhibition,removed,fully acoustic procedure
Tbccd1,IMPC_CSD_003,Combined SHIRPA and Dysmorphology,abnormal skin coloration,kept,non-acoustic MP term from mixed procedure
Idh3b,JAXLA_CSD_003,Combined SHIRPA and Dysmorphology,limb grasping,kept,non-acoustic MP term from mixed procedure
Rtl10,JAXLA_CSD_003,Combined SHIRPA and Dysmorphology,abnormal coat/hair pigmentation,kept,non-acoustic MP term from mixed procedure
Dcp2,IMPC_CSD_003,Combined SHIRPA and Dysmorphology,abnormal coat/hair pigmentation,kept,non-acoustic MP term from mixed procedure
Eif3d,IMPC_CSD_003,Combined SHIRPA and Dysmorphology,abnormal coat/hair pigmentation,kept,non-acoustic MP term from mixed procedure
Cdc23,IMPC_CSD_001,Combined SHIRPA and Dysmorphology,abnormal vocalization,kept,non-acoustic MP term from mixed procedure
Rrbp1,IMPC_ABR_002,Auditory Brain Stem Response,abnormal auditory brainstem response,removed,fully acoustic procedure
Tpbgl,IMPC_CSD_003,Combined SHIRPA and Dysmorphology,abnormal coat/hair pigmentation,kept,non-acoustic MP term from mixed procedure
Rab11fip3,IMPC_ABR_002,Auditory Brain Stem Response,abnormal auditory brainstem response,removed,fully acoustic procedure
Clptm1l,IMPC_CSD_001,Combined SHIRPA and Dysmorphology,decreased exploration in new environment,kept,non-acoustic MP term from mixed procedure
Duoxa2,MGP_CSD_001,Combined SHIRPA and Dysmorphology,abnormal hair growth,kept,non-acoustic MP term from mixed procedure
Bloc1s5,IMPC_CSD_003,Combined SHIRPA and Dysmorphology,abnormal coat/hair pigmentation,kept,non-acoustic MP term from mixed procedure
Map2k2,M-G-P_008_001,Modified SHIRPA,abnormal gait,kept,non-acoustic MP term from mixed procedure
Dyrk1b,IMPC_ACS_003,Acoustic Startle and Pre-pulse Inhibition (PPI),decreased startle reflex,removed,fully acoustic procedure
Kif13a,IMPC_ABR_002,Auditory Brain Stem Response,abnormal auditory brainstem response,removed,fully acoustic procedure
Fam83h,IMPC_CSD_003,Combined SHIRPA and Dysmorphology,abnormal coat appearance,kept,non-acoustic MP term from mixed procedure
Myo10,MGP_CSD_001,Combined SHIRPA and Dysmorphology,abnormal coat/hair pigmentation,kept,non-acoustic MP term from mixed procedure
Cgref1,JAXLA_CSD_003,Combined SHIRPA and Dysmorphology,abnormal vocalization,kept,non-acoustic MP term from mixed procedure
Krt26,KMPCLA_CSD_003,Combined SHIRPA and Dysmorphology,abnormal digit morphology,kept,non-acoustic MP term from mixed procedure
Atad2b,IMPC_ABR_002,Auditory Brain Stem Response,abnormal auditory brainstem response,removed,fully acoustic procedure
Sra1,IMPC_ACS_003,Acoustic Startle and Pre-pulse Inhibition (PPI),decreased prepulse inhibition,removed,fully acoustic procedure
Otoa,IMPC_ABR_002,Auditory Brain Stem Response,abnormal auditory brainstem response,removed,fully acoustic procedure
Zbtb16,IMPC_ACS_003,Acoustic Startle and Pre-pulse Inhibition (PPI),decreased prepulse inhibition,removed,fully acoustic procedure
Fgf23,IMPC_CSD_003,Combined SHIRPA and Dysmorphology,decreased exploration in new environment,kept,non-acoustic MP term from mixed procedure
Aanat,KMPCLA_CSD_003,Combined SHIRPA and Dysmorphology,abnormal coat/hair pigmentation,kept,non-acoustic MP term from mixed procedure
Secisbp2l,JAXLA_CSD_003,Combined SHIRPA and Dysmorphology,abnormal hindlimb morphology,kept,non-acoustic MP term from mixed procedure
Gdf5,IMPC_CSD_003,Combined SHIRPA and Dysmorphology,abnormal digit morphology,kept,non-acoustic MP term from mixed procedure
Clec3a,IMPC_ABR_002,Auditory Brain Stem Response,abnormal auditory brainstem response,removed,fully acoustic procedure
Limk2,ESLIM_011_001,Acoustic Startle&PPI,increased startle reflex,removed,fully acoustic procedure
Coq3,IMPC_CSD_001,Combined SHIRPA and Dysmorphology,abnormal locomotor behavior,kept,non-acoustic MP term from mixed procedure
Zfp711,JAXLA_CSD_003,Combined SHIRPA and Dysmorphology,abnormal coat/hair pigmentation,kept,non-acoustic MP term from mixed procedure
Gdf5,IMPC_CSD_003,Combined SHIRPA and Dysmorphology,abnormal autopod morphology,kept,non-acoustic MP term from mixed procedure
Gata2,IMPC_ABR_002,Auditory Brain Stem Response,abnormal auditory brainstem response,removed,fully acoustic procedure
Mturn,IMPC_CSD_003,Combined SHIRPA and Dysmorphology,abnormal coat/ hair morphology,kept,non-acoustic MP term from mixed procedure
Grxcr1,IMPC_ABR_002,Auditory Brain Stem Response,abnormal auditory brainstem response,removed,fully acoustic procedure
Zswim6,IMPC_CSD_003,Combined SHIRPA and Dysmorphology,increased aggression,kept,non-acoustic MP term from mixed procedure
Krt71,IMPC_CSD_003,Combined SHIRPA and Dysmorphology,abnormal coat appearance,kept,non-acoustic MP term from mixed procedure
Atp2b1,IMPC_ABR_002,Auditory Brain Stem Response,abnormal auditory brainstem response,removed,fully acoustic procedure
Arvcf,IMPC_CSD_002,Combined SHIRPA and Dysmorphology,tremors,kept,non-acoustic MP term from mixed procedure
Mier1,ESLIM_008_001,Modified SHIRPA,trunk curl,kept,non-acoustic MP term from mixed procedure
Anks1,IMPC_CSD_003,Combined SHIRPA and Dysmorphology,limb grasping,kept,non-acoustic MP term from mixed procedure
Prkra,IMPC_ACS_003,Acoustic Startle and Pre-pulse Inhibition (PPI),decreased prepulse inhibition,removed,fully acoustic procedure
Sulf2,IMPC_ACS_003,Acoustic Startle and Pre-pulse Inhibition (PPI),decreased prepulse inhibition,removed,fully acoustic procedure
Mettl18,IMPC_CSD_003,Combined SHIRPA and Dysmorphology,abnormal digit morphology,kept,non-acoustic MP term from mixed procedure
Tns3,IMPC_CSD_003,Combined SHIRPA and Dysmorphology,abnormal head morphology,kept,non-acoustic MP term from mixed procedure
Pcm1,IMPC_CSD_003,Combined SHIRPA and Dysmorphology,abnormal coat/hair pigmentation,kept,non-acoustic MP term from mixed procedure
Alg2,IMPC_CSD_003,Combined SHIRPA and Dysmorphology,abnormal digit morphology,kept,non-acoustic MP term from mixed procedure
Camsap3,IMPC_ABR_001,Auditory Brain Stem Response,abnormal auditory brainstem response,removed,fully acoustic procedure
Myh1,IMPC_CSD_001,Combined SHIRPA and Dysmorphology,abnormal startle reflex,removed,acoustic MP term from mixed procedure
Mecom,ESLIM_008_001,Modified SHIRPA,limb grasping,kept,non-acoustic MP term from mixed procedure
Fkbp10,ESLIM_008_001,Modified SHIRPA,abnormal tail movements,kept,non-acoustic MP term from mixed procedure
Mir96,ESLIM_008_001,Modified SHIRPA,abnormal startle reflex,removed,acoustic MP term from mixed procedure
Bex2,IMPC_CSD_002,Combined SHIRPA and Dysmorphology,abnormal coat/hair pigmentation,kept,non-acoustic MP term from mixed procedure
Lrrtm1,IMPC_CSD_003,Combined SHIRPA and Dysmorphology,decreased exploration in new environment,kept,non-acoustic MP term from mixed procedure
Mpdz,IMPC_ABR_002,Auditory Brain Stem Response,abnormal auditory brainstem response,removed,fully acoustic procedure
Dync1li2,IMPC_CSD_001,Combined SHIRPA and Dysmorphology,abnormal vocalization,kept,non-acoustic MP term from mixed procedure
Mir96,MGP_CSD_001,Combined SHIRPA and Dysmorphology,trunk curl,kept,non-acoustic MP term from mixed procedure
Tmco6,IMPC_ABR_002,Auditory Brain Stem Response,abnormal auditory brainstem response,removed,fully acoustic procedure
Kcne1,IMPC_ABR_002,Auditory Brain Stem Response,abnormal auditory brainstem response,removed,fully acoustic procedure
Pfdn6,IMPC_CSD_001,Combined SHIRPA and Dysmorphology,impaired righting response,kept,non-acoustic MP term from mixed procedure
Rab11fip3,IMPC_ABR_002,Auditory Brain Stem Response,abnormal auditory brainstem response,removed,fully acoustic procedure
Aimp2,IMPC_CSD_003,Combined SHIRPA and Dysmorphology,abnormal locomotor behavior,kept,non-acoustic MP term from mixed procedure
Pou2af3,IMPC_ACS_003,Acoustic Startle and Pre-pulse Inhibition (PPI),decreased prepulse inhibition,removed,fully acoustic procedure
Krtap17-1,IMPC_CSD_003,Combined SHIRPA and Dysmorphology,abnormal coat appearance,kept,non-acoustic MP term from mixed procedure
Otog,IMPC_ABR_002,Auditory Brain Stem Response,abnormal auditory brainstem response,removed,fully acoustic procedure
B4galnt3,ESLIM_008_001,Modified SHIRPA,abnormal tail movements,kept,non-acoustic MP term from mixed procedure
Lmod3,IMPC_CSD_003,Combined SHIRPA and Dysmorphology,abnormal coat/hair pigmentation,kept,non-acoustic MP term from mixed procedure
Ap5s1,IMPC_ACS_003,Acoustic Startle and Pre-pulse Inhibition (PPI),increased startle reflex,removed,fully acoustic procedure
Duoxa2,IMPC_ABR_001,Auditory Brain Stem Response,abnormal auditory brainstem response,removed,fully acoustic procedure
Spns2,M-G-P_008_001,Modified SHIRPA,absent pinna reflex,removed,acoustic MP term from mixed procedure
Fezf2,IMPC_ACS_003,Acoustic Startle and Pre-pulse Inhibition (PPI),decreased prepulse inhibition,removed,fully acoustic procedure
Peak1,IMPC_ACS_003,Acoustic Startle and Pre-pulse Inhibition (PPI),increased startle reflex,removed,fully acoustic procedure
Adgrv1,IMPC_ABR_002,Auditory Brain Stem Response,abnormal auditory brainstem response,removed,fully acoustic procedure
Ttc7b,IMPC_CSD_001,Combined SHIRPA and Dysmorphology,abnormal coat/hair pigmentation,kept,non-acoustic MP term from mixed procedure
Pcbp3,IMPC_CSD_003,Combined SHIRPA and Dysmorphology,abnormal coat/hair pigmentation,kept,non-acoustic MP term from mixed procedure
Srbd1,JAXLA_CSD_003,Combined SHIRPA and Dysmorphology,limb grasping,kept,non-acoustic MP term from mixed procedure
Gde1,IMPC_CSD_002,Combined SHIRPA and Dysmorphology,abnormal gait,kept,non-acoustic MP term from mixed procedure
Psat1,M-G-P_008_001,Modified SHIRPA,abnormal tail movements,kept,non-acoustic MP term from mixed procedure
Neurl4,IMPC_ACS_003,Acoustic Startle and Pre-pulse Inhibition (PPI),decreased prepulse inhibition,removed,fully acoustic procedure
Cabp2,IMPC_CSD_001,Combined SHIRPA and Dysmorphology,abnormal coat/hair pigmentation,kept,non-acoustic MP term from mixed procedure
Trim39,IMPC_CSD_003,Combined SHIRPA and Dysmorphology,abnormal vibrissa morphology,kept,non-acoustic MP term from mixed procedure
Marchf6,IMPC_CSD_003,Combined SHIRPA and Dysmorphology,decreased exploration in new environment,kept,non-acoustic MP term from mixed procedure
Herc3,ESLIM_008_001,Modified SHIRPA,tremors,kept,non-acoustic MP term from mixed procedure
Aldh3a2,ESLIM_011_001,Acoustic Startle&PPI,decreased prepulse inhibition,removed,fully acoustic procedure
Iffo2,IMPC_ACS_003,Acoustic Startle and Pre-pulse Inhibition (PPI),increased startle reflex,removed,fully acoustic procedure
Hr,IMPC_CSD_003,Combined SHIRPA and Dysmorphology,absent vibrissae,kept,non-acoustic MP term from mixed procedure
Vps37d,IMPC_ACS_003,Acoustic Startle and Pre-pulse Inhibition (PPI),decreased prepulse inhibition,removed,fully acoustic procedure
Il17ra,IMPC_CSD_003,Combined SHIRPA and Dysmorphology,abnormal gait,kept,non-acoustic MP term from mixed procedure
Tmem256,IMPC_CSD_003,Combined SHIRPA and Dysmorphology,abnormal vocalization,kept,non-acoustic MP term from mixed procedure
Klk15,IMPC_ACS_003,Acoustic Startle and Pre-pulse Inhibition (PPI),decreased prepulse inhibition,removed,fully acoustic procedure
Septin2,IMPC_ACS_003,Acoustic Startle and Pre-pulse Inhibition (PPI),decreased prepulse inhibition,removed,fully acoustic procedure
Gsta4,IMPC_CSD_002,Combined SHIRPA and Dysmorphology,abnormal coat/hair pigmentation,kept,non-acoustic MP term from mixed procedure
Dcaf15,IMPC_CSD_003,Combined SHIRPA and Dysmorphology,abnormal skin coloration,kept,non-acoustic MP term from mixed procedure
Mfsd8,IMPC_CSD_003,Combined SHIRPA and Dysmorphology,abnormal coat/hair pigmentation,kept,non-acoustic MP term from mixed procedure
Tmem240,IMPC_CSD_003,Combined SHIRPA and Dysmorphology,increased exploration in new environment,kept,non-acoustic MP term from mixed procedure
Sstr5,IMPC_ACS_003,Acoustic Startle and Pre-pulse Inhibition (PPI),decreased startle reflex,removed,fully acoustic procedure
Hint1,ESLIM_011_001,Acoustic Startle&PPI,increased startle reflex,removed,fully acoustic procedure
Yipf1,ESLIM_011_001,Acoustic Startle&PPI,increased startle reflex,removed,fully acoustic procedure
Tcea2,IMPC_CSD_001,Combined SHIRPA and Dysmorphology,abnormal coat/hair pigmentation,kept,non-acoustic MP term from mixed procedure
Dhx9,IMPC_ACS_003,Acoustic Startle and Pre-pulse Inhibition (PPI),decreased startle reflex,removed,fully acoustic procedure
Ankrd52,IMPC_CSD_001,Combined SHIRPA and Dysmorphology,abnormal vocalization,kept,non-acoustic MP term from mixed procedure
Pkig,IMPC_ACS_003,Acoustic Startle and Pre-pulse Inhibition (PPI),increased startle reflex,removed,fully acoustic procedure
Atp5mk,IMPC_CSD_003,Combined SHIRPA and Dysmorphology,abnormal gait,kept,non-acoustic MP term from mixed procedure
Bicral,IMPC_ACS_003,Acoustic Startle and Pre-pulse Inhibition (PPI),increased startle reflex,removed,fully acoustic procedure
Acvr1b,IMPC_CSD_003,Combined SHIRPA and Dysmorphology,abnormal coat/ hair morphology,kept,non-acoustic MP term from mixed procedure
Eif4b,IMPC_ABR_002,Auditory Brain Stem Response,abnormal auditory brainstem response,removed,fully acoustic procedure
Kcne1,IMPC_ABR_002,Auditory Brain Stem Response,abnormal auditory brainstem response,removed,fully acoustic procedure
Dnajb2,JAXLA_CSD_003,Combined SHIRPA and Dysmorphology,abnormal vocalization,kept,non-acoustic MP term from mixed procedure
Tg,IMPC_CSD_001,Combined SHIRPA and Dysmorphology,abnormal coat/ hair morphology,kept,non-acoustic MP term from mixed procedure
Mag,IMPC_ABR_002,Auditory Brain Stem Response,abnormal auditory brainstem response,removed,fully acoustic procedure
Clk1,ESLIM_008_001,Modified SHIRPA,abnormal response to tactile stimuli,kept,non-acoustic MP term from mixed procedure
Gigyf2,IMPC_CSD_003,Combined SHIRPA and Dysmorphology,abnormal locomotor behavior,kept,non-acoustic MP term from mixed procedure
Atp8b1,IMPC_ACS_003,Acoustic Startle and Pre-pulse Inhibition (PPI),decreased prepulse inhibition,removed,fully acoustic procedure
Usp19,MGP_CSD_001,Combined SHIRPA and Dysmorphology,abnormal coat appearance,kept,non-acoustic MP term from mixed procedure
Krtap17-1,IMPC_CSD_003,Combined SHIRPA and Dysmorphology,abnormal coat/ hair morphology,kept,non-acoustic MP term from mixed procedure
Bicral,IMPC_ACS_003,Acoustic Startle and Pre-pulse Inhibition (PPI),decreased prepulse inhibition,removed,fully acoustic procedure
Tpm1,ESLIM_011_001,Acoustic Startle&PPI,increased startle reflex,removed,fully acoustic procedure
Cd22,IMPC_ACS_003,Acoustic Startle and Pre-pulse Inhibition (PPI),increased startle reflex,removed,fully acoustic procedure
Nlk,IMPC_ACS_003,Acoustic Startle and Pre-pulse Inhibition (PPI),increased startle reflex,removed,fully acoustic procedure
Ptbp2,IMPC_CSD_002,Combined SHIRPA and Dysmorphology,abnormal tooth morphology,kept,non-acoustic MP term from mixed procedure
Rnf169,ESLIM_011_001,Acoustic Startle&PPI,increased startle reflex,removed,fully acoustic procedure
Ap2a1,IMPC_CSD_001,Combined SHIRPA and Dysmorphology,abnormal vocalization,kept,non-acoustic MP term from mixed procedure
Spatc1,IMPC_CSD_001,Combined SHIRPA and Dysmorphology,abnormal vibrissa morphology,kept,non-acoustic MP term from mixed procedure
Hhatl,IMPC_CSD_003,Combined SHIRPA and Dysmorphology,decreased exploration in new environment,kept,non-acoustic MP term from mixed procedure
Trip13,IMPC_CSD_001,Combined SHIRPA and Dysmorphology,abnormal digit morphology,kept,non-acoustic MP term from mixed procedure
Myoz1,ESLIM_008_001,Modified SHIRPA,abnormal urination,kept,non-acoustic MP term from mixed procedure
Mpz,IMPC_CSD_003,Combined SHIRPA and Dysmorphology,tremors,kept,non-acoustic MP term from mixed procedure
Hoxa2,IMPC_ACS_003,Acoustic Startle and Pre-pulse Inhibition (PPI),decreased prepulse inhibition,removed,fully acoustic procedure
Zfp39,IMPC_CSD_003,Combined SHIRPA and Dysmorphology,tremors,kept,non-acoustic MP term from mixed procedure
Zfp609,IMPC_CSD_003,Combined SHIRPA and Dysmorphology,abnormal skin coloration,kept,non-acoustic MP term from mixed procedure
Med12l,IMPC_CSD_001,Combined SHIRPA and Dysmorphology,abnormal vocalization,kept,non-acoustic MP term from mixed procedure
Fhip1b,IMPC_CSD_003,Combined SHIRPA and Dysmorphology,abnormal tooth morphology,kept,non-acoustic MP term from mixed procedure
Krtap17-1,IMPC_CSD_003,Combined SHIRPA and Dysmorphology,abnormal coat appearance,kept,non-acoustic MP term from mixed procedure
Elmod2,IMPC_CSD_003,Combined SHIRPA and Dysmorphology,decreased exploration in new environment,kept,non-acoustic MP term from mixed procedure
Cldn13,JAXLA_CSD_003,Combined SHIRPA and Dysmorphology,abnormal coat/hair pigmentation,kept,non-acoustic MP term from mixed procedure
H6pd,ESLIM_011_001,Acoustic Startle&PPI,increased startle reflex,removed,fully acoustic procedure
Eps8l2,IMPC_ACS_003,Acoustic Startle and Pre-pulse Inhibition (PPI),decreased prepulse inhibition,removed,fully acoustic procedure
Mettl28,IMPC_CSD_003,Combined SHIRPA and Dysmorphology,limb grasping,kept,non-acoustic MP term from mixed procedure
Duoxa2,MGP_CSD_001,Combined SHIRPA and Dysmorphology,abnormal head morphology,kept,non-acoustic MP term from mixed procedure
Clcn1,IMPC_ACS_003,Acoustic Startle and Pre-pulse Inhibition (PPI),decreased prepulse inhibition,removed,fully acoustic procedure
Chmp3,IMPC_ACS_003,Acoustic Startle and Pre-pulse Inhibition (PPI),decreased prepulse inhibition,removed,fully acoustic procedure
Sumf2,IMPC_ABR_002,Auditory Brain Stem Response,abnormal auditory brainstem response,removed,fully acoustic procedure
Elmod1,ESLIM_008_001,Modified SHIRPA,abnormal gait,kept,non-acoustic MP term from mixed procedure
Mzb1,IMPC_CSD_003,Combined SHIRPA and Dysmorphology,abnormal male genitalia morphology,kept,non-acoustic MP term from mixed procedure
Srbd1,JAXLA_CSD_003,Combined SHIRPA and Dysmorphology,impaired righting response,kept,non-acoustic MP term from mixed procedure
Gpatch4,IMPC_CSD_003,Combined SHIRPA and Dysmorphology,abnormal coat/hair pigmentation,kept,non-acoustic MP term from mixed procedure
Trf,JAXLA_CSD_003,Combined SHIRPA and Dysmorphology,decreased exploration in new environment,kept,non-acoustic MP term from mixed procedure
Nme6,IMPC_ACS_003,Acoustic Startle and Pre-pulse Inhibition (PPI),decreased prepulse inhibition,removed,fully acoustic procedure
Brinp2,IMPC_CSD_002,Combined SHIRPA and Dysmorphology,abnormal gait,kept,non-acoustic MP term from mixed procedure
Ect2,IMPC_ABR_002,Auditory Brain Stem Response,abnormal auditory brainstem response,removed,fully acoustic procedure
Ankdd1a,IMPC_ABR_002,Auditory Brain Stem Response,abnormal auditory brainstem response,removed,fully acoustic procedure
Spop,IMPC_ACS_003,Acoustic Startle and Pre-pulse Inhibition (PPI),decreased prepulse inhibition,removed,fully acoustic procedure
Hps6,IMPC_CSD_003,Combined SHIRPA and Dysmorphology,abnormal coat/hair pigmentation,kept,non-acoustic MP term from mixed procedure
Ahsg,IMPC_ABR_002,Auditory Brain Stem Response,abnormal auditory brainstem response,removed,fully acoustic procedure
Aak1,IMPC_ABR_002,Auditory Brain Stem Response,abnormal auditory brainstem response,removed,fully acoustic procedure
Sarnp,IMPC_ACS_003,Acoustic Startle and Pre-pulse Inhibition (PPI),increased startle reflex,removed,fully acoustic procedure
Rnf13,IMPC_CSD_003,Combined SHIRPA and Dysmorphology,abnormal hindlimb morphology,kept,non-acoustic MP term from mixed procedure
Abcb4,ESLIM_011_001,Acoustic Startle&PPI,increased startle reflex,removed,fully acoustic procedure
Flot2,ESLIM_008_001,Modified SHIRPA,abnormal tail movements,kept,non-acoustic MP term from mixed procedure
Nedd4l,IMPC_ABR_002,Auditory Brain Stem Response,abnormal auditory brainstem response,removed,fully acoustic procedure
Vat1l,ESLIM_011_001,Acoustic Startle&PPI,increased startle reflex,removed,fully acoustic procedure
Mpz,IMPC_ACS_003,Acoustic Startle and Pre-pulse Inhibition (PPI),decreased prepulse inhibition,removed,fully acoustic procedure
Tiprl,IMPC_CSD_001,Combined SHIRPA and Dysmorphology,abnormal startle reflex,removed,acoustic MP term from mixed procedure
Mir96,IMPC_ABR_001,Auditory Brain Stem Response,abnormal auditory brainstem response,removed,fully acoustic procedure
Arvcf,IMPC_ACS_003,Acoustic Startle and Pre-pulse Inhibition (PPI),decreased prepulse inhibition,removed,fully acoustic procedure
Tubb2a,JAXLA_CSD_003,Combined SHIRPA and Dysmorphology,abnormal coat/hair pigmentation,kept,non-acoustic MP term from mixed procedure
Otoa,IMPC_ABR_002,Auditory Brain Stem Response,abnormal auditory brainstem response,removed,fully acoustic procedure
Nup37,JAXLA_CSD_003,Combined SHIRPA and Dysmorphology,abnormal autopod morphology,kept,non-acoustic MP term from mixed procedure
Mon2,IMPC_CSD_001,Combined SHIRPA and Dysmorphology,abnormal vocalization,kept,non-acoustic MP term from mixed procedure
Clmn,IMPC_ACS_003,Acoustic Startle and Pre-pulse Inhibition (PPI),decreased prepulse inhibition,removed,fully acoustic procedure
Tubb4b,IMPC_CSD_001,Combined SHIRPA and Dysmorphology,abnormal coat appearance,kept,non-acoustic MP term from mixed procedure
Npr2,IMPC_CSD_003,Combined SHIRPA and Dysmorphology,abnormal snout morphology,kept,non-acoustic MP term from mixed procedure
H2az1,IMPC_ACS_003,Acoustic Startle and Pre-pulse Inhibition (PPI),increased startle reflex,removed,fully acoustic procedure
Hipk2,IMPC_CSD_003,Combined SHIRPA and Dysmorphology,abnormal snout morphology,kept,non-acoustic MP term from mixed procedure
Atp8b1,IMPC_ACS_003,Acoustic Startle and Pre-pulse Inhibition (PPI),decreased prepulse inhibition,removed,fully acoustic procedure
Gpr150,IMPC_CSD_001,Combined SHIRPA and Dysmorphology,abnormal coat appearance,kept,non-acoustic MP term from mixed procedure
Mysm1,ESLIM_008_001,Modified SHIRPA,abnormal gait,kept,non-acoustic MP term from mixed procedure
Csmd3,UCDIP_CSD_003,Combined SHIRPA and Dysmorphology,abnormal coat/ hair morphology,kept,non-acoustic MP term from mixed procedure
Mmp20,IMPC_ACS_003,Acoustic Startle and Pre-pulse Inhibition (PPI),increased prepulse inhibition,removed,fully acoustic procedure
Gins4,IMPC_ACS_003,Acoustic Startle and Pre-pulse Inhibition (PPI),increased startle reflex,removed,fully acoustic procedure
Tlcd3b,IMPC_ACS_003,Acoustic Startle and Pre-pulse Inhibition (PPI),decreased prepulse inhibition,removed,fully acoustic procedure
Cabp2,IMPC_ABR_002,Auditory Brain Stem Response,abnormal auditory brainstem response,removed,fully acoustic procedure
Dhfr,IMPC_ACS_003,Acoustic Startle and Pre-pulse Inhibition (PPI),decreased prepulse inhibition,removed,fully acoustic procedure
Rtn4rl2,IMPC_ABR_002,Auditory Brain Stem Response,abnormal auditory brainstem response,removed,fully acoustic procedure
Palm3,IMPC_ACS_003,Acoustic Startle and Pre-pulse Inhibition (PPI),decreased startle reflex,removed,fully acoustic procedure
Usp43,IMPC_ABR_002,Auditory Brain Stem Response,abnormal auditory brainstem response,removed,fully acoustic procedure
Myo10,MGP_CSD_001,Combined SHIRPA and Dysmorphology,abnormal coat/hair pigmentation,kept,non-acoustic MP term from mixed procedure
Nsd3,IMPC_CSD_003,Combined SHIRPA and Dysmorphology,tremors,kept,non-acoustic MP term from mixed procedure
Prss53,MGP_CSD_001,Combined SHIRPA and Dysmorphology,abnormal vibrissa morphology,kept,non-acoustic MP term from mixed procedure
Cxcl17,IMPC_CSD_003,Combined SHIRPA and Dysmorphology,abnormal coat/hair pigmentation,kept,non-acoustic MP term from mixed procedure
Twist1,RBRCLA_CSD_003,Combined SHIRPA and Dysmorphology,abnormal autopod morphology,kept,non-acoustic MP term from mixed procedure
Tedc2,IMPC_CSD_001,Combined SHIRPA and Dysmorphology,abnormal vocalization,kept,non-acoustic MP term from mixed procedure
Fbn2,IMPC_CSD_003,Combined SHIRPA and Dysmorphology,abnormal autopod morphology,kept,non-acoustic MP term from mixed procedure
Camk1,IMPC_ACS_003,Acoustic Startle and Pre-pulse Inhibition (PPI),decreased prepulse inhibition,removed,fully acoustic procedure
Mmp2,IMPC_ACS_003,Acoustic Startle and Pre-pulse Inhibition (PPI),decreased prepulse inhibition,removed,fully acoustic procedure
Mcf2l,ESLIM_011_001,Acoustic Startle&PPI,increased startle reflex,removed,fully acoustic procedure
Mir96,IMPC_ABR_001,Auditory Brain Stem Response,abnormal auditory brainstem response,removed,fully acoustic procedure
Ptp4a2,IMPC_ACS_003,Acoustic Startle and Pre-pulse Inhibition (PPI),decreased prepulse inhibition,removed,fully acoustic procedure
Vdr,IMPC_CSD_002,Combined SHIRPA and Dysmorphology,abnormal coat/hair pigmentation,kept,non-acoustic MP term from mixed procedure
Myo10,MGP_CSD_001,Combined SHIRPA and Dysmorphology,abnormal digit morphology,kept,non-acoustic MP term from mixed procedure
Serinc3,IMPC_ABR_001,Auditory Brain Stem Response,abnormal auditory brainstem response,removed,fully acoustic procedure
Micu1,IMPC_CSD_003,Combined SHIRPA and Dysmorphology,abnormal tail length,kept,non-acoustic MP term from mixed procedure
Mboat1,IMPC_ACS_003,Acoustic Startle and Pre-pulse Inhibition (PPI),decreased prepulse inhibition,removed,fully acoustic procedure
Vps26c,IMPC_CSD_003,Combined SHIRPA and Dysmorphology,abnormal coat/hair pigmentation,kept,non-acoustic MP term from mixed procedure
Gnas,ESLIM_011_001,Acoustic Startle&PPI,increased startle reflex,removed,fully acoustic procedure
Mybpc3,ESLIM_008_001,Modified SHIRPA,abnormal response to new environment,kept,non-acoustic MP term from mixed procedure
Pcnx4,IMPC_ABR_002,Auditory Brain Stem Response,abnormal auditory brainstem response,removed,fully acoustic procedure
Fnta,IMPC_CSD_003,Combined SHIRPA and Dysmorphology,abnormal coat/hair pigmentation,kept,non-acoustic MP term from mixed procedure
Trf,JAXLA_CSD_003,Combined SHIRPA and Dysmorphology,limb grasping,kept,non-acoustic MP term from mixed procedure
Spag17,JAXLA_CSD_003,Combined SHIRPA and Dysmorphology,impaired righting response,kept,non-acoustic MP term from mixed procedure
Sun1,IMPC_ACS_003,Acoustic Startle and Pre-pulse Inhibition (PPI),decreased prepulse inhibition,removed,fully acoustic procedure
Pebp1,TCPLA_CSD_003,Combined SHIRPA and Dysmorphology,decreased exploration in new environment,kept,non-acoustic MP term from mixed procedure
Fbxo11,ESLIM_008_001,Modified SHIRPA,abnormal defecation,kept,non-acoustic MP term from mixed procedure
Mvd,IMPC_CSD_001,Combined SHIRPA and Dysmorphology,abnormal coat/hair pigmentation,kept,non-acoustic MP term from mixed procedure
Sema3e,IMPC_CSD_003,Combined SHIRPA and Dysmorphology,abnormal locomotor behavior,kept,non-acoustic MP term from mixed procedure
Ism1,IMPC_CSD_003,Combined SHIRPA and Dysmorphology,abnormal vocalization,kept,non-acoustic MP term from mixed procedure
Dnase1l2,IMPC_CSD_003,Combined SHIRPA and Dysmorphology,abnormal digit morphology,kept,non-acoustic MP term from mixed procedure
Dnase1l2,IMPC_CSD_003,Combined SHIRPA and Dysmorphology,abnormal digit morphology,kept,non-acoustic MP term from mixed procedure
Haus4,IMPC_ABR_002,Auditory Brain Stem Response,abnormal auditory brainstem response,removed,fully acoustic procedure
Vdr,IMPC_CSD_002,Combined SHIRPA and Dysmorphology,abnormal coat/hair pigmentation,kept,non-acoustic MP term from mixed procedure
Fbxo33,MGP_CSD_001,Combined SHIRPA and Dysmorphology,absent pinna reflex,removed,acoustic MP term from mixed procedure
Npr2,IMPC_CSD_003,Combined SHIRPA and Dysmorphology,abnormal hindlimb morphology,kept,non-acoustic MP term from mixed procedure
Pfdn1,IMPC_CSD_003,Combined SHIRPA and Dysmorphology,limb grasping,kept,non-acoustic MP term from mixed procedure
Mag,IMPC_ACS_003,Acoustic Startle and Pre-pulse Inhibition (PPI),decreased startle reflex,removed,fully acoustic procedure
Ralgapa1,IMPC_CSD_003,Combined SHIRPA and Dysmorphology,limb grasping,kept,non-acoustic MP term from mixed procedure
Rnf168,IMPC_CSD_003,Combined SHIRPA and Dysmorphology,abnormal coat/hair pigmentation,kept,non-acoustic MP term from mixed procedure
Map7,IMPC_ABR_002,Auditory Brain Stem Response,abnormal auditory brainstem response,removed,fully acoustic procedure
Ubqln4,IMPC_ACS_003,Acoustic Startle and Pre-pulse Inhibition (PPI),decreased prepulse inhibition,removed,fully acoustic procedure
Elmod1,IMPC_ABR_001,Auditory Brain Stem Response,abnormal auditory brainstem response,removed,fully acoustic procedure
Otog,IMPC_ABR_002,Auditory Brain Stem Response,abnormal auditory brainstem response,removed,fully acoustic procedure
Lbr,IMPC_CSD_003,Combined SHIRPA and Dysmorphology,abnormal skin morphology,kept,non-acoustic MP term from mixed procedure
Chd1l,IMPC_CSD_003,Combined SHIRPA and Dysmorphology,abnormal tail length,kept,non-acoustic MP term from mixed procedure
Chic2,IMPC_CSD_003,Combined SHIRPA and Dysmorphology,abnormal coat/hair pigmentation,kept,non-acoustic MP term from mixed procedure
Crtc1,ESLIM_011_001,Acoustic Startle&PPI,increased startle reflex,removed,fully acoustic procedure
Bloc1s4,IMPC_CSD_003,Combined SHIRPA and Dysmorphology,abnormal coat/hair pigmentation,kept,non-acoustic MP term from mixed procedure
Ifi44,IMPC_ACS_003,Acoustic Startle and Pre-pulse Inhibition (PPI),decreased prepulse inhibition,removed,fully acoustic procedure
Wtap,ESLIM_011_001,Acoustic Startle&PPI,increased startle reflex,removed,fully acoustic procedure
Id3,IMPC_ACS_003,Acoustic Startle and Pre-pulse Inhibition (PPI),increased startle reflex,removed,fully acoustic procedure
Rora,IMPC_ACS_003,Acoustic Startle and Pre-pulse Inhibition (PPI),decreased startle reflex,removed,fully acoustic procedure
B4galnt3,ESLIM_008_001,Modified SHIRPA,abnormal vocalization,kept,non-acoustic MP term from mixed procedure
Pak1,IMPC_ACS_003,Acoustic Startle and Pre-pulse Inhibition (PPI),decreased prepulse inhibition,removed,fully acoustic procedure
Ddx39a,IMPC_ACS_003,Acoustic Startle and Pre-pulse Inhibition (PPI),decreased prepulse inhibition,removed,fully acoustic procedure
Gsto1,JAXLA_CSD_003,Combined SHIRPA and Dysmorphology,abnormal coat/ hair morphology,kept,non-acoustic MP term from mixed procedure
Cacna1b,IMPC_CSD_003,Combined SHIRPA and Dysmorphology,increased exploration in new environment,kept,non-acoustic MP term from mixed procedure
Mmp15,IMPC_CSD_003,Combined SHIRPA and Dysmorphology,abnormal skin coloration,kept,non-acoustic MP term from mixed procedure
Atp1b1,IMPC_ACS_003,Acoustic Startle and Pre-pulse Inhibition (PPI),increased startle reflex,removed,fully acoustic procedure
Efhb,IMPC_ABR_002,Auditory Brain Stem Response,abnormal auditory brainstem response,removed,fully acoustic procedure
Actl6b,IMPC_ABR_002,Auditory Brain Stem Response,abnormal auditory brainstem response,removed,fully acoustic procedure
Lbr,IMPC_CSD_003,Combined SHIRPA and Dysmorphology,abnormal coat/ hair morphology,kept,non-acoustic MP term from mixed procedure
Defb43,IMPC_ABR_002,Auditory Brain Stem Response,abnormal auditory brainstem response,removed,fully acoustic procedure
Col9a2,IMPC_ABR_002,Auditory Brain Stem Response,abnormal auditory brainstem response,removed,fully acoustic procedure
U2af1,IMPC_CSD_003,Combined SHIRPA and Dysmorphology,abnormal coat/hair pigmentation,kept,non-acoustic MP term from mixed procedure
Znhit6,IMPC_ACS_003,Acoustic Startle and Pre-pulse Inhibition (PPI),decreased prepulse inhibition,removed,fully acoustic procedure
Alg9,JAXLA_CSD_003,Combined SHIRPA and Dysmorphology,abnormal coat/hair pigmentation,kept,non-acoustic MP term from mixed procedure
Cib3,HRWLLA_CSD_003,Combined SHIRPA and Dysmorphology,trunk curl,kept,non-acoustic MP term from mixed procedure
Fam83g,ESLIM_011_001,Acoustic Startle&PPI,increased startle reflex,removed,fully acoustic procedure
Slc41a2,IMPC_CSD_001,Combined SHIRPA and Dysmorphology,abnormal vocalization,kept,non-acoustic MP term from mixed procedure
Dimt1,IMPC_CSD_003,Combined SHIRPA and Dysmorphology,abnormal coat/hair pigmentation,kept,non-acoustic MP term from mixed procedure
Cib2,IMPC_ABR_002,Auditory Brain Stem Response,abnormal auditory brainstem response,removed,fully acoustic procedure
Sema5b,ESLIM_011_001,Acoustic Startle&PPI,increased startle reflex,removed,fully acoustic procedure
Ddx17,IMPC_CSD_003,Combined SHIRPA and Dysmorphology,abnormal vibrissa morphology,kept,non-acoustic MP term from mixed procedure
Pnma8b,IMPC_ACS_003,Acoustic Startle and Pre-pulse Inhibition (PPI),decreased prepulse inhibition,removed,fully acoustic procedure
Gcdh,IMPC_CSD_003,Combined SHIRPA and Dysmorphology,abnormal skin coloration,kept,non-acoustic MP term from mixed procedure
Camk4,IMPC_CSD_003,Combined SHIRPA and Dysmorphology,abnormal tooth morphology,kept,non-acoustic MP term from mixed procedure
Limd1,IMPC_ACS_003,Acoustic Startle and Pre-pulse Inhibition (PPI),decreased prepulse inhibition,removed,fully acoustic procedure
Tmem68,ESLIM_008_001,Modified SHIRPA,abnormal response to tactile stimuli,kept,non-acoustic MP term from mixed procedure
Jakmip2,IMPC_ABR_002,Auditory Brain Stem Response,abnormal auditory brainstem response,removed,fully acoustic procedure
Far2,IMPC_CSD_003,Combined SHIRPA and Dysmorphology,abnormal coat appearance,kept,non-acoustic MP term from mixed procedure
Nptn,IMPC_CSD_003,Combined SHIRPA and Dysmorphology,tremors,kept,non-acoustic MP term from mixed procedure
Arpc5l,IMPC_CSD_003,Combined SHIRPA and Dysmorphology,abnormal coat/hair pigmentation,kept,non-acoustic MP term from mixed procedure
Vnn1,ESLIM_008_001,Modified SHIRPA,abnormal locomotor activation,kept,non-acoustic MP term from mixed procedure
Nwd1,IMPC_CSD_003,Combined SHIRPA and Dysmorphology,abnormal gait,kept,non-acoustic MP term from mixed procedure
Rcor3,IMPC_ABR_002,Auditory Brain Stem Response,abnormal auditory brainstem response,removed,fully acoustic procedure
Stk3,IMPC_CSD_003,Combined SHIRPA and Dysmorphology,tremors,kept,non-acoustic MP term from mixed procedure
Espn,M-G-P_008_001,Modified SHIRPA,absent pinna reflex,removed,acoustic MP term from mixed procedure
Spag7,IMPC_ACS_003,Acoustic Startle and Pre-pulse Inhibition (PPI),increased startle reflex,removed,fully acoustic procedure
Me1,IMPC_ACS_003,Acoustic Startle and Pre-pulse Inhibition (PPI),decreased prepulse inhibition,removed,fully acoustic procedure
Mllt6,IMPC_ACS_003,Acoustic Startle and Pre-pulse Inhibition (PPI),decreased prepulse inhibition,removed,fully acoustic procedure
P4ha2,IMPC_ACS_003,Acoustic Startle and Pre-pulse Inhibition (PPI),decreased prepulse inhibition,removed,fully acoustic procedure
Abcb4,ESLIM_011_001,Acoustic Startle&PPI,increased startle reflex,removed,fully acoustic procedure
Aldh3a2,ESLIM_011_001,Acoustic Startle&PPI,increased startle reflex,removed,fully acoustic procedure
Cln6,IMPC_ACS_003,Acoustic Startle and Pre-pulse Inhibition (PPI),decreased prepulse inhibition,removed,fully acoustic procedure
Lrrk1,IMPC_CSD_003,Combined SHIRPA and Dysmorphology,abnormal tooth morphology,kept,non-acoustic MP term from mixed procedure
Ncor2,ESLIM_011_001,Acoustic Startle&PPI,increased startle reflex,removed,fully acoustic procedure
Klhl5,IMPC_CSD_003,Combined SHIRPA and Dysmorphology,abnormal coat/hair pigmentation,kept,non-acoustic MP term from mixed procedure
Tlcd3b,IMPC_ACS_003,Acoustic Startle and Pre-pulse Inhibition (PPI),decreased startle reflex,removed,fully acoustic procedure
Ebf1,IMPC_ACS_003,Acoustic Startle and Pre-pulse Inhibition (PPI),decreased prepulse inhibition,removed,fully acoustic procedure
Prss2,JAXLA_CSD_003,Combined SHIRPA and Dysmorphology,abnormal coat/hair pigmentation,kept,non-acoustic MP term from mixed procedure
Neurod2,IMPC_CSD_002,Combined SHIRPA and Dysmorphology,increased exploration in new environment,kept,non-acoustic MP term from mixed procedure
Tnrc6c,IMPC_CSD_001,Combined SHIRPA and Dysmorphology,abnormal coat/hair pigmentation,kept,non-acoustic MP term from mixed procedure
Grhl3,ESLIM_011_001,Acoustic Startle&PPI,increased startle reflex,removed,fully acoustic procedure
Plscr1,IMPC_ACS_003,Acoustic Startle and Pre-pulse Inhibition (PPI),increased startle reflex,removed,fully acoustic procedure
Prr23a4,IMPC_ABR_002,Auditory Brain Stem Response,abnormal auditory brainstem response,removed,fully acoustic procedure
Ostf1,IMPC_ACS_003,Acoustic Startle and Pre-pulse Inhibition (PPI),increased startle reflex,removed,fully acoustic procedure
Cgas,ESLIM_011_001,Acoustic Startle&PPI,decreased prepulse inhibition,removed,fully acoustic procedure
Mir96,MGP_CSD_001,Combined SHIRPA and Dysmorphology,stereotypic behavior,kept,non-acoustic MP term from mixed procedure
Krt23,IMPC_CSD_001,Combined SHIRPA and Dysmorphology,abnormal coat/ hair morphology,kept,non-acoustic MP term from mixed procedure
Slc9a3,IMPC_ACS_003,Acoustic Startle and Pre-pulse Inhibition (PPI),decreased prepulse inhibition,removed,fully acoustic procedure
Shisa9,IMPC_ACS_003,Acoustic Startle and Pre-pulse Inhibition (PPI),decreased prepulse inhibition,removed,fully acoustic procedure
Slc4a1ap,IMPC_CSD_001,Combined SHIRPA and Dysmorphology,abnormal vibrissa morphology,kept,non-acoustic MP term from mixed procedure
Ccnt1,IMPC_CSD_003,Combined SHIRPA and Dysmorphology,decreased exploration in new environment,kept,non-acoustic MP term from mixed procedure
Timp2,HMGULA_SHI_001,SHIRPA,abnormal gait,kept,non-acoustic MP term from mixed procedure
Nt5dc2,JAXLA_CSD_003,Combined SHIRPA and Dysmorphology,abnormal autopod morphology,kept,non-acoustic MP term from mixed procedure
Baz2b,MGP_CSD_001,Combined SHIRPA and Dysmorphology,abnormal coat/hair pigmentation,kept,non-acoustic MP term from mixed procedure
Itch,IMPC_CSD_003,Combined SHIRPA and Dysmorphology,abnormal head size,kept,non-acoustic MP term from mixed procedure
Dcaf15,IMPC_CSD_003,Combined SHIRPA and Dysmorphology,abnormal coat/hair pigmentation,kept,non-acoustic MP term from mixed procedure
Itch,IMPC_CSD_003,Combined SHIRPA and Dysmorphology,abnormal startle reflex,removed,acoustic MP term from mixed procedure
Jade3,IMPC_ACS_003,Acoustic Startle and Pre-pulse Inhibition (PPI),decreased prepulse inhibition,removed,fully acoustic procedure
Tm4sf4,IMPC_CSD_003,Combined SHIRPA and Dysmorphology,abnormal vocalization,kept,non-acoustic MP term from mixed procedure
Slc20a2,MGP_CSD_001,Combined SHIRPA and Dysmorphology,absent pinna reflex,removed,acoustic MP term from mixed procedure
Tuft1,MGP_CSD_001,Combined SHIRPA and Dysmorphology,abnormal coat appearance,kept,non-acoustic MP term from mixed procedure
Ctsk,IMPC_ACS_003,Acoustic Startle and Pre-pulse Inhibition (PPI),decreased prepulse inhibition,removed,fully acoustic procedure
Foxo3,IMPC_ACS_003,Acoustic Startle and Pre-pulse Inhibition (PPI),decreased startle reflex,removed,fully acoustic procedure
Bltp1,IMPC_ACS_003,Acoustic Startle and Pre-pulse Inhibition (PPI),increased startle reflex,removed,fully acoustic procedure
Ube2w,IMPC_ABR_002,Auditory Brain Stem Response,abnormal auditory brainstem response,removed,fully acoustic procedure
Irx6,KMPCLA_CSD_003,Combined SHIRPA and Dysmorphology,abnormal coat/hair pigmentation,kept,non-acoustic MP term from mixed procedure
Sgf29,ESLIM_008_001,Modified SHIRPA,tremors,kept,non-acoustic MP term from mixed procedure
Ccdc28a,JAXLA_CSD_003,Combined SHIRPA and Dysmorphology,limb grasping,kept,non-acoustic MP term from mixed procedure
Zfp719,IMPC_ABR_001,Auditory Brain Stem Response,abnormal auditory brainstem response,removed,fully acoustic procedure
Mysm1,ESLIM_008_001,Modified SHIRPA,abnormal startle reflex,removed,acoustic MP term from mixed procedure
Gdf5,IMPC_CSD_003,Combined SHIRPA and Dysmorphology,abnormal autopod morphology,kept,non-acoustic MP term from mixed procedure
Fuca1,IMPC_ABR_002,Auditory Brain Stem Response,abnormal auditory brainstem response,removed,fully acoustic procedure
Cep128,IMPC_ACS_003,Acoustic Startle and Pre-pulse Inhibition (PPI),decreased prepulse inhibition,removed,fully acoustic procedure
Rab11fip3,IMPC_ACS_003,Acoustic Startle and Pre-pulse Inhibition (PPI),decreased startle reflex,removed,fully acoustic procedure
Ncor2,ESLIM_011_001,Acoustic Startle&PPI,increased startle reflex,removed,fully acoustic procedure
Smoc2,IMPC_CSD_003,Combined SHIRPA and Dysmorphology,abnormal coat appearance,kept,non-acoustic MP term from mixed procedure
Epg5,IMPC_CSD_003,Combined SHIRPA and Dysmorphology,tremors,kept,non-acoustic MP term from mixed procedure
Gramd2b,JAXLA_CSD_003,Combined SHIRPA and Dysmorphology,abnormal coat/hair pigmentation,kept,non-acoustic MP term from mixed procedure
Rnf10,IMPC_ACS_003,Acoustic Startle and Pre-pulse Inhibition (PPI),decreased prepulse inhibition,removed,fully acoustic procedure
Pdzd8,IMPC_CSD_003,Combined SHIRPA and Dysmorphology,abnormal vibrissa morphology,kept,non-acoustic MP term from mixed procedure
Tubb2a,JAXLA_CSD_003,Combined SHIRPA and Dysmorphology,abnormal vocalization,kept,non-acoustic MP term from mixed procedure
Cib2,IMPC_ACS_003,Acoustic Startle and Pre-pulse Inhibition (PPI),decreased prepulse inhibition,removed,fully acoustic procedure
Dusp18,JAXLA_CSD_003,Combined SHIRPA and Dysmorphology,abnormal vocalization,kept,non-acoustic MP term from mixed procedure
Obp2a,IMPC_CSD_003,Combined SHIRPA and Dysmorphology,abnormal coat/hair pigmentation,kept,non-acoustic MP term from mixed procedure
Tubgcp4,IMPC_CSD_001,Combined SHIRPA and Dysmorphology,absent vibrissae,kept,non-acoustic MP term from mixed procedure
Obp2a,IMPC_CSD_003,Combined SHIRPA and Dysmorphology,abnormal coat/hair pigmentation,kept,non-acoustic MP term from mixed procedure
Myc,IMPC_ACS_003,Acoustic Startle and Pre-pulse Inhibition (PPI),increased startle reflex,removed,fully acoustic procedure
Mecom,ESLIM_011_001,Acoustic Startle&PPI,decreased prepulse inhibition,removed,fully acoustic procedure
Frmpd1,JAXLA_CSD_003,Combined SHIRPA and Dysmorphology,abnormal autopod morphology,kept,non-acoustic MP term from mixed procedure
Atp8b1,IMPC_ACS_003,Acoustic Startle and Pre-pulse Inhibition (PPI),decreased prepulse inhibition,removed,fully acoustic procedure
Pah,IMPC_CSD_003,Combined SHIRPA and Dysmorphology,abnormal coat/hair pigmentation,kept,non-acoustic MP term from mixed procedure
Dapk1,IMPC_CSD_003,Combined SHIRPA and Dysmorphology,abnormal gait,kept,non-acoustic MP term from mixed procedure
Pdss2,IMPC_CSD_003,Combined SHIRPA and Dysmorphology,abnormal tooth morphology,kept,non-acoustic MP term from mixed procedure
Fgf9,IMPC_ACS_003,Acoustic Startle and Pre-pulse Inhibition (PPI),increased startle reflex,removed,fully acoustic procedure
Klhdc7b,IMPC_ACS_003,Acoustic Startle and Pre-pulse Inhibition (PPI),decreased prepulse inhibition,removed,fully acoustic procedure
Runx2,IMPC_ACS_003,Acoustic Startle and Pre-pulse Inhibition (PPI),decreased startle reflex,removed,fully acoustic procedure
Irx6,KMPCLA_CSD_003,Combined SHIRPA and Dysmorphology,abnormal coat/hair pigmentation,kept,non-acoustic MP term from mixed procedure
Rnps1,IMPC_ACS_003,Acoustic Startle and Pre-pulse Inhibition (PPI),increased startle reflex,removed,fully acoustic procedure
Kynu,JAXLA_CSD_003,Combined SHIRPA and Dysmorphology,abnormal coat/ hair morphology,kept,non-acoustic MP term from mixed procedure
Dusp18,JAXLA_CSD_003,Combined SHIRPA and Dysmorphology,abnormal digit morphology,kept,non-acoustic MP term from mixed procedure
Lyst,IMPC_ACS_003,Acoustic Startle and Pre-pulse Inhibition (PPI),decreased prepulse inhibition,removed,fully acoustic procedure
Apeh,IMPC_ACS_003,Acoustic Startle and Pre-pulse Inhibition (PPI),decreased prepulse inhibition,removed,fully acoustic procedure
Wbp2,ESLIM_011_001,Acoustic Startle&PPI,increased startle reflex,removed,fully acoustic procedure
Arf2,IMPC_CSD_001,Combined SHIRPA and Dysmorphology,abnormal coat/hair pigmentation,kept,non-acoustic MP term from mixed procedure
Prkd2,IMPC_ACS_003,Acoustic Startle and Pre-pulse Inhibition (PPI),decreased startle reflex,removed,fully acoustic procedure
Abi3bp,IMPC_CSD_003,Combined SHIRPA and Dysmorphology,abnormal tooth morphology,kept,non-acoustic MP term from mixed procedure
Ift74,IMPC_CSD_001,Combined SHIRPA and Dysmorphology,limb grasping,kept,non-acoustic MP term from mixed procedure
Smim8,IMPC_ACS_003,Acoustic Startle and Pre-pulse Inhibition (PPI),decreased prepulse inhibition,removed,fully acoustic procedure
Qsox1,KMPCLA_ACS_003,Acoustic Startle and Pre-pulse Inhibition (PPI),decreased prepulse inhibition,removed,fully acoustic procedure
Cxxc4,IMPC_ABR_002,Auditory Brain Stem Response,abnormal auditory brainstem response,removed,fully acoustic procedure
Cpap,M-G-P_008_001,Modified SHIRPA,abnormal tail movements,kept,non-acoustic MP term from mixed procedure
Hipk4,JAXLA_CSD_003,Combined SHIRPA and Dysmorphology,limb grasping,kept,non-acoustic MP term from mixed procedure
Eif2s1,IMPC_ACS_003,Acoustic Startle and Pre-pulse Inhibition (PPI),decreased prepulse inhibition,removed,fully acoustic procedure
Twist1,RBRCLA_CSD_003,Combined SHIRPA and Dysmorphology,abnormal digit morphology,kept,non-acoustic MP term from mixed procedure
Scn4b,MGP_CSD_001,Combined SHIRPA and Dysmorphology,tremors,kept,non-acoustic MP term from mixed procedure
Trabd2b,IMPC_CSD_003,Combined SHIRPA and Dysmorphology,abnormal snout morphology,kept,non-acoustic MP term from mixed procedure
Gstm6,IMPC_ACS_003,Acoustic Startle and Pre-pulse Inhibition (PPI),decreased prepulse inhibition,removed,fully acoustic procedure
Ncor2,ESLIM_011_001,Acoustic Startle&PPI,increased prepulse inhibition,removed,fully acoustic procedure
Ddx59,IMPC_CSD_001,Combined SHIRPA and Dysmorphology,abnormal coat/hair pigmentation,kept,non-acoustic MP term from mixed procedure
Spg11,IMPC_CSD_003,Combined SHIRPA and Dysmorphology,decreased exploration in new environment,kept,non-acoustic MP term from mixed procedure
Polr1c,JAXLA_CSD_003,Combined SHIRPA and Dysmorphology,absent vibrissae,kept,non-acoustic MP term from mixed procedure
Mecr,ESLIM_008_001,Modified SHIRPA,abnormal gait,kept,non-acoustic MP term from mixed procedure
Saxo4,IMPC_CSD_003,Combined SHIRPA and Dysmorphology,abnormal coat/hair pigmentation,kept,non-acoustic MP term from mixed procedure
Cant1,IMPC_ACS_003,Acoustic Startle and Pre-pulse Inhibition (PPI),increased startle reflex,removed,fully acoustic procedure
AI593442,IMPC_ACS_003,Acoustic Startle and Pre-pulse Inhibition (PPI),increased startle reflex,removed,fully acoustic procedure
Ush1c,MGP_CSD_001,Combined SHIRPA and Dysmorphology,absent pinna reflex,removed,acoustic MP term from mixed procedure
Vat1l,ESLIM_011_001,Acoustic Startle&PPI,increased startle reflex,removed,fully acoustic procedure
Tmtc4,IMPC_ACS_003,Acoustic Startle and Pre-pulse Inhibition (PPI),decreased prepulse inhibition,removed,fully acoustic procedure
Espnl,IMPC_ABR_002,Auditory Brain Stem Response,abnormal auditory brainstem response,removed,fully acoustic procedure
Taok3,IMPC_CSD_001,Combined SHIRPA and Dysmorphology,abnormal vocalization,kept,non-acoustic MP term from mixed procedure
Hectd1,IMPC_CSD_002,Combined SHIRPA and Dysmorphology,abnormal coat/hair pigmentation,kept,non-acoustic MP term from mixed procedure
Ctsm,IMPC_CSD_002,Combined SHIRPA and Dysmorphology,decreased exploration in new environment,kept,non-acoustic MP term from mixed procedure
Stxbp5,IMPC_CSD_002,Combined SHIRPA and Dysmorphology,abnormal gait,kept,non-acoustic MP term from mixed procedure
Slc36a2,IMPC_CSD_001,Combined SHIRPA and Dysmorphology,increased aggression,kept,non-acoustic MP term from mixed procedure
Tmem51,HRWLIP_CSD_003,Combined SHIRPA and Dysmorphology,abnormal startle reflex,removed,acoustic MP term from mixed procedure
Snx14,IMPC_ACS_003,Acoustic Startle and Pre-pulse Inhibition (PPI),decreased prepulse inhibition,removed,fully acoustic procedure
Homer2,IMPC_ABR_002,Auditory Brain Stem Response,abnormal auditory brainstem response,removed,fully acoustic procedure
Elmod1,ESLIM_011_001,Acoustic Startle&PPI,increased startle reflex,removed,fully acoustic procedure
Hsd17b4,IMPC_CSD_003,Combined SHIRPA and Dysmorphology,abnormal gait,kept,non-acoustic MP term from mixed procedure
Clrn2,IMPC_ABR_002,Auditory Brain Stem Response,abnormal auditory brainstem response,removed,fully acoustic procedure
Homer2,IMPC_ACS_003,Acoustic Startle and Pre-pulse Inhibition (PPI),increased prepulse inhibition,removed,fully acoustic procedure
Palm3,IMPC_ACS_003,Acoustic Startle and Pre-pulse Inhibition (PPI),decreased startle reflex,removed,fully acoustic procedure
Scyl1,IMPC_CSD_003,Combined SHIRPA and Dysmorphology,abnormal limb position,kept,non-acoustic MP term from mixed procedure
Sun1,IMPC_ABR_002,Auditory Brain Stem Response,abnormal auditory brainstem response,removed,fully acoustic procedure
Kdm5c,IMPC_CSD_003,Combined SHIRPA and Dysmorphology,abnormal coat/ hair morphology,kept,non-acoustic MP term from mixed procedure
Ncoa2,IMPC_ABR_002,Auditory Brain Stem Response,abnormal auditory brainstem response,removed,fully acoustic procedure
Crim1,MGP_CSD_001,Combined SHIRPA and Dysmorphology,trunk curl,kept,non-acoustic MP term from mixed procedure
Chmp7,JAXLA_CSD_003,Combined SHIRPA and Dysmorphology,abnormal coat/hair pigmentation,kept,non-acoustic MP term from mixed procedure
Arid1b,IMPC_ACS_003,Acoustic Startle and Pre-pulse Inhibition (PPI),decreased prepulse inhibition,removed,fully acoustic procedure
Nedd4l,IMPC_ACS_003,Acoustic Startle and Pre-pulse Inhibition (PPI),decreased prepulse inhibition,removed,fully acoustic procedure
Ltbp3,IMPC_CSD_003,Combined SHIRPA and Dysmorphology,abnormal tooth morphology,kept,non-acoustic MP term from mixed procedure
Usp53,IMPC_ABR_002,Auditory Brain Stem Response,abnormal auditory brainstem response,removed,fully acoustic procedure
Klhdc7b,IMPC_ABR_002,Auditory Brain Stem Response,abnormal auditory brainstem response,removed,fully acoustic procedure
G3bp1,IMPC_CSD_003,Combined SHIRPA and Dysmorphology,abnormal skin coloration,kept,non-acoustic MP term from mixed procedure
Drc7,JAXLA_CSD_003,Combined SHIRPA and Dysmorphology,abnormal coat/hair pigmentation,kept,non-acoustic MP term from mixed procedure
Psg26,MGP_CSD_001,Combined SHIRPA and Dysmorphology,abnormal coat/hair pigmentation,kept,non-acoustic MP term from mixed procedure
Mpzl1,IMPC_ACS_003,Acoustic Startle and Pre-pulse Inhibition (PPI),decreased prepulse inhibition,removed,fully acoustic procedure
Hook3,IMPC_ACS_003,Acoustic Startle and Pre-pulse Inhibition (PPI),decreased prepulse inhibition,removed,fully acoustic procedure
Gpr156,IMPC_CSD_003,Combined SHIRPA and Dysmorphology,abnormal behavior,kept,non-acoustic MP term from mixed procedure
Arhgef4,ESLIM_008_001,Modified SHIRPA,abnormal response to tactile stimuli,kept,non-acoustic MP term from mixed procedure
Prkd2,IMPC_ACS_003,Acoustic Startle and Pre-pulse Inhibition (PPI),decreased prepulse inhibition,removed,fully acoustic procedure
Ccdc117,IMPC_ABR_002,Auditory Brain Stem Response,abnormal auditory brainstem response,removed,fully acoustic procedure
Dnase1l2,JAXLA_CSD_003,Combined SHIRPA and Dysmorphology,abnormal startle reflex,removed,acoustic MP term from mixed procedure
Trim69,IMPC_ABR_002,Auditory Brain Stem Response,abnormal auditory brainstem response,removed,fully acoustic procedure
Asic1,IMPC_ACS_003,Acoustic Startle and Pre-pulse Inhibition (PPI),decreased startle reflex,removed,fully acoustic procedure
Relch,IMPC_ACS_003,Acoustic Startle and Pre-pulse Inhibition (PPI),decreased startle reflex,removed,fully acoustic procedure
Ptchd1,IMPC_CSD_003,Combined SHIRPA and Dysmorphology,increased exploration in new environment,kept,non-acoustic MP term from mixed procedure
Minar2,IMPC_ABR_001,Auditory Brain Stem Response,abnormal auditory brainstem response,removed,fully acoustic procedure
Fam83d,IMPC_ACS_003,Acoustic Startle and Pre-pulse Inhibition (PPI),decreased prepulse inhibition,removed,fully acoustic procedure
Gal3st1,IMPC_CSD_003,Combined SHIRPA and Dysmorphology,tremors,kept,non-acoustic MP term from mixed procedure
Mettl5,IMPC_ABR_002,Auditory Brain Stem Response,abnormal auditory brainstem response,removed,fully acoustic procedure
Adamts16,IMPC_CSD_003,Combined SHIRPA and Dysmorphology,tremors,kept,non-acoustic MP term from mixed procedure
Wbp2,ESLIM_011_001,Acoustic Startle&PPI,increased startle reflex,removed,fully acoustic procedure
Zfp326,IMPC_ACS_003,Acoustic Startle and Pre-pulse Inhibition (PPI),increased startle reflex,removed,fully acoustic procedure
Gtf2ird1,IMPC_ACS_003,Acoustic Startle and Pre-pulse Inhibition (PPI),decreased prepulse inhibition,removed,fully acoustic procedure
Fkbp10,ESLIM_011_001,Acoustic Startle&PPI,decreased prepulse inhibition,removed,fully acoustic procedure
Hmgxb4,IMPC_ACS_003,Acoustic Startle and Pre-pulse Inhibition (PPI),increased startle reflex,removed,fully acoustic procedure
Cyb561,IMPC_CSD_003,Combined SHIRPA and Dysmorphology,abnormal head size,kept,non-acoustic MP term from mixed procedure
Pum1,IMPC_ACS_003,Acoustic Startle and Pre-pulse Inhibition (PPI),decreased prepulse inhibition,removed,fully acoustic procedure
Triobp,IMPC_ABR_002,Auditory Brain Stem Response,abnormal auditory brainstem response,removed,fully acoustic procedure
Selenot,IMPC_ACS_003,Acoustic Startle and Pre-pulse Inhibition (PPI),increased prepulse inhibition,removed,fully acoustic procedure
Slc38a4,IMPC_CSD_002,Combined SHIRPA and Dysmorphology,abnormal head morphology,kept,non-acoustic MP term from mixed procedure
Abcb4,ESLIM_011_001,Acoustic Startle&PPI,increased startle reflex,removed,fully acoustic procedure
Tnnc1,JAXLA_CSD_003,Combined SHIRPA and Dysmorphology,limb grasping,kept,non-acoustic MP term from mixed procedure
Cttnbp2nl,IMPC_ACS_003,Acoustic Startle and Pre-pulse Inhibition (PPI),increased startle reflex,removed,fully acoustic procedure
Ints3,IMPC_CSD_001,Combined SHIRPA and Dysmorphology,abnormal locomotor behavior,kept,non-acoustic MP term from mixed procedure
Ss18,IMPC_ACS_003,Acoustic Startle and Pre-pulse Inhibition (PPI),increased startle reflex,removed,fully acoustic procedure
Dnase1l2,IMPC_CSD_003,Combined SHIRPA and Dysmorphology,abnormal tail morphology,kept,non-acoustic MP term from mixed procedure
Rln3,IMPC_CSD_002,Combined SHIRPA and Dysmorphology,abnormal coat/hair pigmentation,kept,non-acoustic MP term from mixed procedure
Armh4,IMPC_CSD_003,Combined SHIRPA and Dysmorphology,abnormal gait,kept,non-acoustic MP term from mixed procedure
Rnf168,IMPC_CSD_003,Combined SHIRPA and Dysmorphology,abnormal snout morphology,kept,non-acoustic MP term from mixed procedure
Tbl1xr1,IMPC_CSD_002,Combined SHIRPA and Dysmorphology,absent vibrissae,kept,non-acoustic MP term from mixed procedure
Myo10,MGP_CSD_001,Combined SHIRPA and Dysmorphology,abnormal coat/hair pigmentation,kept,non-acoustic MP term from mixed procedure
Arhgap31,IMPC_ACS_003,Acoustic Startle and Pre-pulse Inhibition (PPI),decreased prepulse inhibition,removed,fully acoustic procedure
Minar2,IMPC_ABR_001,Auditory Brain Stem Response,abnormal auditory brainstem response,removed,fully acoustic procedure
Fam24b,IMPC_CSD_001,Combined SHIRPA and Dysmorphology,abnormal vocalization,kept,non-acoustic MP term from mixed procedure
Sema5b,ESLIM_011_001,Acoustic Startle&PPI,increased startle reflex,removed,fully acoustic procedure
Rprd2,IMPC_CSD_003,Combined SHIRPA and Dysmorphology,abnormal coat/hair pigmentation,kept,non-acoustic MP term from mixed procedure
Fam222a,IMPC_CSD_001,Combined SHIRPA and Dysmorphology,absent vibrissae,kept,non-acoustic MP term from mixed procedure
Minar2,IMPC_ABR_001,Auditory Brain Stem Response,abnormal auditory brainstem response,removed,fully acoustic procedure
Otoa,IMPC_ABR_002,Auditory Brain Stem Response,abnormal auditory brainstem response,removed,fully acoustic procedure
Rnf34,IMPC_CSD_003,Combined SHIRPA and Dysmorphology,abnormal coat/hair pigmentation,kept,non-acoustic MP term from mixed procedure
Neurl4,IMPC_ACS_003,Acoustic Startle and Pre-pulse Inhibition (PPI),decreased prepulse inhibition,removed,fully acoustic procedure
Parvb,ESLIM_011_001,Acoustic Startle&PPI,increased startle reflex,removed,fully acoustic procedure
Eps8l2,IMPC_ACS_003,Acoustic Startle and Pre-pulse Inhibition (PPI),decreased prepulse inhibition,removed,fully acoustic procedure
Zfp280c,IMPC_CSD_002,Combined SHIRPA and Dysmorphology,abnormal locomotor behavior,kept,non-acoustic MP term from mixed procedure
Hivep1,IMPC_ACS_003,Acoustic Startle and Pre-pulse Inhibition (PPI),decreased prepulse inhibition,removed,fully acoustic procedure
Foxo3,IMPC_ACS_003,Acoustic Startle and Pre-pulse Inhibition (PPI),decreased prepulse inhibition,removed,fully acoustic procedure
Kyat3,IMPC_ACS_003,Acoustic Startle and Pre-pulse Inhibition (PPI),decreased prepulse inhibition,removed,fully acoustic procedure
Vps26c,IMPC_CSD_003,Combined SHIRPA and Dysmorphology,absent vibrissae,kept,non-acoustic MP term from mixed procedure
Taok3,IMPC_CSD_001,Combined SHIRPA and Dysmorphology,abnormal vocalization,kept,non-acoustic MP term from mixed procedure
Rxylt1,JAXLA_CSD_001,Combined SHIRPA and Dysmorphology,impaired righting response,kept,non-acoustic MP term from mixed procedure
Chrna9,ESLIM_011_001,Acoustic Startle&PPI,increased startle reflex,removed,fully acoustic procedure
Mier1,ESLIM_008_001,Modified SHIRPA,abnormal response to new environment,kept,non-acoustic MP term from mixed procedure
Enpp1,IMPC_CSD_003,Combined SHIRPA and Dysmorphology,abnormal gait,kept,non-acoustic MP term from mixed procedure
Spns2,M-G-P_008_001,Modified SHIRPA,absent pinna reflex,removed,acoustic MP term from mixed procedure
Fam20a,IMPC_CSD_003,Combined SHIRPA and Dysmorphology,abnormal tooth morphology,kept,non-acoustic MP term from mixed procedure
Wtap,ESLIM_011_001,Acoustic Startle&PPI,increased startle reflex,removed,fully acoustic procedure
Elmod1,IMPC_ACS_003,Acoustic Startle and Pre-pulse Inhibition (PPI),decreased prepulse inhibition,removed,fully acoustic procedure
Znhit1,IMPC_CSD_001,Combined SHIRPA and Dysmorphology,abnormal coat appearance,kept,non-acoustic MP term from mixed procedure
Efr3b,IMPC_ACS_003,Acoustic Startle and Pre-pulse Inhibition (PPI),decreased prepulse inhibition,removed,fully acoustic procedure
Epg5,IMPC_ACS_003,Acoustic Startle and Pre-pulse Inhibition (PPI),decreased prepulse inhibition,removed,fully acoustic procedure
Eps8l2,IMPC_ACS_003,Acoustic Startle and Pre-pulse Inhibition (PPI),decreased startle reflex,removed,fully acoustic procedure
Mir320,IMPC_CSD_002,Combined SHIRPA and Dysmorphology,abnormal tail length,kept,non-acoustic MP term from mixed procedure
Cdc123,IMPC_CSD_002,Combined SHIRPA and Dysmorphology,abnormal coat/hair pigmentation,kept,non-acoustic MP term from mixed procedure
Mprip,IMPC_CSD_001,Combined SHIRPA and Dysmorphology,abnormal vocalization,kept,non-acoustic MP term from mixed procedure
Tubb2a,JAXLA_CSD_003,Combined SHIRPA and Dysmorphology,abnormal coat/hair pigmentation,kept,non-acoustic MP term from mixed procedure
Zmat4,IMPC_ABR_002,Auditory Brain Stem Response,abnormal auditory brainstem response,removed,fully acoustic procedure
Duoxa2,MGP_CSD_001,Combined SHIRPA and Dysmorphology,abnormal snout morphology,kept,non-acoustic MP term from mixed procedure
Cast,IMPC_CSD_001,Combined SHIRPA and Dysmorphology,abnormal digit morphology,kept,non-acoustic MP term from mixed procedure
Emc4,IMPC_CSD_002,Combined SHIRPA and Dysmorphology,abnormal coat/hair pigmentation,kept,non-acoustic MP term from mixed procedure
Arhgef33,IMPC_CSD_003,Combined SHIRPA and Dysmorphology,tremors,kept,non-acoustic MP term from mixed procedure
Dlat,IMPC_ACS_003,Acoustic Startle and Pre-pulse Inhibition (PPI),decreased prepulse inhibition,removed,fully acoustic procedure
Fgf20,IMPC_ACS_003,Acoustic Startle and Pre-pulse Inhibition (PPI),decreased prepulse inhibition,removed,fully acoustic procedure
Trdmt1,IMPC_ACS_003,Acoustic Startle and Pre-pulse Inhibition (PPI),decreased prepulse inhibition,removed,fully acoustic procedure
Otogl,IMPC_ABR_002,Auditory Brain Stem Response,abnormal auditory brainstem response,removed,fully acoustic procedure
Rcor3,IMPC_ABR_002,Auditory Brain Stem Response,abnormal auditory brainstem response,removed,fully acoustic procedure
Kif13a,IMPC_ACS_003,Acoustic Startle and Pre-pulse Inhibition (PPI),decreased prepulse inhibition,removed,fully acoustic procedure
Ildr1,MGP_CSD_001,Combined SHIRPA and Dysmorphology,absent pinna reflex,removed,acoustic MP term from mixed procedure
Cdc123,IMPC_ACS_003,Acoustic Startle and Pre-pulse Inhibition (PPI),increased startle reflex,removed,fully acoustic procedure
Vdr,IMPC_CSD_002,Combined SHIRPA and Dysmorphology,abnormal coat/hair pigmentation,kept,non-acoustic MP term from mixed procedure
Arrb1,IMPC_ACS_003,Acoustic Startle and Pre-pulse Inhibition (PPI),decreased prepulse inhibition,removed,fully acoustic procedure
Enpp1,IMPC_CSD_003,Combined SHIRPA and Dysmorphology,decreased exploration in new environment,kept,non-acoustic MP term from mixed procedure
Frmd6,IMPC_CSD_003,Combined SHIRPA and Dysmorphology,abnormal vocalization,kept,non-acoustic MP term from mixed procedure
Nodal,ESLIM_008_001,Modified SHIRPA,abnormal startle reflex,removed,acoustic MP term from mixed procedure
Ccdc90b,IMPC_CSD_003,Combined SHIRPA and Dysmorphology,abnormal tooth morphology,kept,non-acoustic MP term from mixed procedure
Tmem97,IMPC_CSD_003,Combined SHIRPA and Dysmorphology,abnormal vocalization,kept,non-acoustic MP term from mixed procedure
Hip1,IMPC_ACS_003,Acoustic Startle and Pre-pulse Inhibition (PPI),decreased startle reflex,removed,fully acoustic procedure
Strbp,IMPC_ACS_003,Acoustic Startle and Pre-pulse Inhibition (PPI),decreased prepulse inhibition,removed,fully acoustic procedure
Usp50,IMPC_ACS_003,Acoustic Startle and Pre-pulse Inhibition (PPI),decreased prepulse inhibition,removed,fully acoustic procedure
Ski,IMPC_CSD_003,Combined SHIRPA and Dysmorphology,limb grasping,kept,non-acoustic MP term from mixed procedure
Marchf6,IMPC_ACS_003,Acoustic Startle and Pre-pulse Inhibition (PPI),decreased prepulse inhibition,removed,fully acoustic procedure
Atp2b1,IMPC_CSD_003,Combined SHIRPA and Dysmorphology,abnormal vibrissa morphology,kept,non-acoustic MP term from mixed procedure
Cfap418,IMPC_CSD_001,Combined SHIRPA and Dysmorphology,decreased exploration in new environment,kept,non-acoustic MP term from mixed procedure
Palm3,IMPC_ACS_003,Acoustic Startle and Pre-pulse Inhibition (PPI),decreased prepulse inhibition,removed,fully acoustic procedure
Nrxn1,IMPC_CSD_003,Combined SHIRPA and Dysmorphology,tremors,kept,non-acoustic MP term from mixed procedure
Rab27a,IMPC_CSD_003,Combined SHIRPA and Dysmorphology,abnormal coat/hair pigmentation,kept,non-acoustic MP term from mixed procedure
Thrb,ESLIM_008_001,Modified SHIRPA,tremors,kept,non-acoustic MP term from mixed procedure
Rnf168,IMPC_CSD_003,Combined SHIRPA and Dysmorphology,abnormal head morphology,kept,non-acoustic MP term from mixed procedure
Zfp706,JAXLA_CSD_003,Combined SHIRPA and Dysmorphology,abnormal coat/hair pigmentation,kept,non-acoustic MP term from mixed procedure
Nsd3,IMPC_CSD_003,Combined SHIRPA and Dysmorphology,trunk curl,kept,non-acoustic MP term from mixed procedure
Ctnnb1,ESLIM_011_001,Acoustic Startle&PPI,increased startle reflex,removed,fully acoustic procedure
Tmtc4,IMPC_ABR_002,Auditory Brain Stem Response,abnormal auditory brainstem response,removed,fully acoustic procedure
Dnmt3a,IMPC_CSD_003,Combined SHIRPA and Dysmorphology,decreased exploration in new environment,kept,non-acoustic MP term from mixed procedure
Atp2b3,JAXLA_CSD_003,Combined SHIRPA and Dysmorphology,abnormal locomotor behavior,kept,non-acoustic MP term from mixed procedure
Smoc1,IMPC_CSD_003,Combined SHIRPA and Dysmorphology,abnormal digit morphology,kept,non-acoustic MP term from mixed procedure
Zer1,IMPC_CSD_001,Combined SHIRPA and Dysmorphology,abnormal vocalization,kept,non-acoustic MP term from mixed procedure
Arvcf,IMPC_ACS_003,Acoustic Startle and Pre-pulse Inhibition (PPI),decreased prepulse inhibition,removed,fully acoustic procedure
Aldh2,ESLIM_008_001,Modified SHIRPA,abnormal response to tactile stimuli,kept,non-acoustic MP term from mixed procedure
Pcyox1l,IMPC_ACS_003,Acoustic Startle and Pre-pulse Inhibition (PPI),decreased startle reflex,removed,fully acoustic procedure
Elmod1,IMPC_CSD_003,Combined SHIRPA and Dysmorphology,abnormal gait,kept,non-acoustic MP term from mixed procedure
Mapk15,JAXLA_CSD_003,Combined SHIRPA and Dysmorphology,abnormal startle reflex,removed,acoustic MP term from mixed procedure
Blvrb,IMPC_ABR_002,Auditory Brain Stem Response,abnormal auditory brainstem response,removed,fully acoustic procedure
Usp53,IMPC_ACS_003,Acoustic Startle and Pre-pulse Inhibition (PPI),decreased prepulse inhibition,removed,fully acoustic procedure
Chn1,IMPC_CSD_001,Combined SHIRPA and Dysmorphology,impaired righting response,kept,non-acoustic MP term from mixed procedure
Nfx1,IMPC_ABR_002,Auditory Brain Stem Response,abnormal auditory brainstem response,removed,fully acoustic procedure
Myo6,IMPC_ACS_003,Acoustic Startle and Pre-pulse Inhibition (PPI),decreased prepulse inhibition,removed,fully acoustic procedure
Otoa,IMPC_ABR_002,Auditory Brain Stem Response,abnormal auditory brainstem response,removed,fully acoustic procedure
Nin,IMPC_ABR_002,Auditory Brain Stem Response,abnormal auditory brainstem response,removed,fully acoustic procedure
Hr,IMPC_CSD_003,Combined SHIRPA and Dysmorphology,abnormal coat/ hair morphology,kept,non-acoustic MP term from mixed procedure
Zfp719,IMPC_ABR_001,Auditory Brain Stem Response,abnormal auditory brainstem response,removed,fully acoustic procedure
F2,IMPC_CSD_003,Combined SHIRPA and Dysmorphology,tremors,kept,non-acoustic MP term from mixed procedure
Espnl,IMPC_ABR_002,Auditory Brain Stem Response,abnormal auditory brainstem response,removed,fully acoustic procedure
Paqr6,IMPC_ACS_003,Acoustic Startle and Pre-pulse Inhibition (PPI),increased startle reflex,removed,fully acoustic procedure
Shank1,UCDLA_CSD_003,Combined SHIRPA and Dysmorphology,decreased exploration in new environment,kept,non-acoustic MP term from mixed procedure
Eml4,IMPC_CSD_001,Combined SHIRPA and Dysmorphology,abnormal vocalization,kept,non-acoustic MP term from mixed procedure
Mir96,MGP_CSD_001,Combined SHIRPA and Dysmorphology,absent pinna reflex,removed,acoustic MP term from mixed procedure
Slc41a3,M-G-P_008_001,Modified SHIRPA,abnormal gait,kept,non-acoustic MP term from mixed procedure
Icam5,MGP_CSD_001,Combined SHIRPA and Dysmorphology,abnormal vibrissa morphology,kept,non-acoustic MP term from mixed procedure
Hlcs,JAXLA_CSD_003,Combined SHIRPA and Dysmorphology,abnormal locomotor behavior,kept,non-acoustic MP term from mixed procedure
Cdc34,IMPC_CSD_001,Combined SHIRPA and Dysmorphology,abnormal nail morphology,kept,non-acoustic MP term from mixed procedure
Zbtb16,IMPC_CSD_003,Combined SHIRPA and Dysmorphology,abnormal digit morphology,kept,non-acoustic MP term from mixed procedure
Lhx1,ESLIM_011_001,Acoustic Startle&PPI,increased startle reflex,removed,fully acoustic procedure
Spred1,IMPC_CSD_003,Combined SHIRPA and Dysmorphology,tremors,kept,non-acoustic MP term from mixed procedure
Elmod1,IMPC_ABR_001,Auditory Brain Stem Response,abnormal auditory brainstem response,removed,fully acoustic procedure
Tex36,IMPC_CSD_003,Combined SHIRPA and Dysmorphology,abnormal locomotor behavior,kept,non-acoustic MP term from mixed procedure
Hoxc13,IMPC_CSD_003,Combined SHIRPA and Dysmorphology,abnormal coat/ hair morphology,kept,non-acoustic MP term from mixed procedure
Gipc3,IMPC_ABR_002,Auditory Brain Stem Response,abnormal auditory brainstem response,removed,fully acoustic procedure
Fam110b,ESLIM_008_001,Modified SHIRPA,abnormal response to tactile stimuli,kept,non-acoustic MP term from mixed procedure
Cnot3,IMPC_CSD_003,Combined SHIRPA and Dysmorphology,abnormal female genitalia morphology,kept,non-acoustic MP term from mixed procedure
Foxj3,IMPC_CSD_003,Combined SHIRPA and Dysmorphology,abnormal skin coloration,kept,non-acoustic MP term from mixed procedure
Gsto2,MGP_CSD_001,Combined SHIRPA and Dysmorphology,abnormal vibrissa morphology,kept,non-acoustic MP term from mixed procedure
Grhl3,ESLIM_008_001,Modified SHIRPA,abnormal locomotor activation,kept,non-acoustic MP term from mixed procedure
Frmd6,IMPC_CSD_003,Combined SHIRPA and Dysmorphology,abnormal gait,kept,non-acoustic MP term from mixed procedure
Cntnap5a,IMPC_ACS_003,Acoustic Startle and Pre-pulse Inhibition (PPI),decreased prepulse inhibition,removed,fully acoustic procedure
Syngr2,IMPC_ACS_003,Acoustic Startle and Pre-pulse Inhibition (PPI),increased startle reflex,removed,fully acoustic procedure
Rabl2,IMPC_CSD_003,Combined SHIRPA and Dysmorphology,abnormal digit morphology,kept,non-acoustic MP term from mixed procedure
Ajuba,IMPC_CSD_003,Combined SHIRPA and Dysmorphology,abnormal autopod morphology,kept,non-acoustic MP term from mixed procedure
Nacc1,IMPC_ABR_002,Auditory Brain Stem Response,abnormal auditory brainstem response,removed,fully acoustic procedure
Timmdc1,MGP_CSD_001,Combined SHIRPA and Dysmorphology,abnormal coat appearance,kept,non-acoustic MP term from mixed procedure
Idua,IMPC_CSD_002,Combined SHIRPA and Dysmorphology,abnormal snout morphology,kept,non-acoustic MP term from mixed procedure
Gigyf2,IMPC_CSD_003,Combined SHIRPA and Dysmorphology,tremors,kept,non-acoustic MP term from mixed procedure
Cacna2d1,IMPC_ACS_003,Acoustic Startle and Pre-pulse Inhibition (PPI),decreased startle reflex,removed,fully acoustic procedure
Mpz,IMPC_CSD_003,Combined SHIRPA and Dysmorphology,tremors,kept,non-acoustic MP term from mixed procedure
Abca16,IMPC_CSD_003,Combined SHIRPA and Dysmorphology,limb grasping,kept,non-acoustic MP term from mixed procedure
Elmod1,ESLIM_011_001,Acoustic Startle&PPI,increased startle reflex,removed,fully acoustic procedure
Trp53inp2,IMPC_ACS_003,Acoustic Startle and Pre-pulse Inhibition (PPI),decreased prepulse inhibition,removed,fully acoustic procedure
Aff3,MGP_CSD_001,Combined SHIRPA and Dysmorphology,abnormal snout morphology,kept,non-acoustic MP term from mixed procedure
Pgpep1,IMPC_ACS_003,Acoustic Startle and Pre-pulse Inhibition (PPI),increased startle reflex,removed,fully acoustic procedure
Tmc4,IMPC_CSD_001,Combined SHIRPA and Dysmorphology,abnormal vocalization,kept,non-acoustic MP term from mixed procedure
Tmprss6,IMPC_CSD_003,Combined SHIRPA and Dysmorphology,abnormal coat/hair pigmentation,kept,non-acoustic MP term from mixed procedure
Mta3,ESLIM_008_001,Modified SHIRPA,trunk curl,kept,non-acoustic MP term from mixed procedure
Trpm1,IMPC_CSD_003,Combined SHIRPA and Dysmorphology,limb grasping,kept,non-acoustic MP term from mixed procedure
Cdh23,MGP_CSD_001,Combined SHIRPA and Dysmorphology,impaired righting response,kept,non-acoustic MP term from mixed procedure
Gpr152,MGP_CSD_001,Combined SHIRPA and Dysmorphology,absent pinna reflex,removed,acoustic MP term from mixed procedure
Tmem30b,IMPC_CSD_003,Combined SHIRPA and Dysmorphology,abnormal coat/hair pigmentation,kept,non-acoustic MP term from mixed procedure
Fkbp10,ESLIM_011_001,Acoustic Startle&PPI,increased startle reflex,removed,fully acoustic procedure
Aspa,IMPC_ACS_003,Acoustic Startle and Pre-pulse Inhibition (PPI),decreased prepulse inhibition,removed,fully acoustic procedure
Tmprss6,IMPC_CSD_003,Combined SHIRPA and Dysmorphology,abnormal coat appearance,kept,non-acoustic MP term from mixed procedure
Spred1,IMPC_CSD_003,Combined SHIRPA and Dysmorphology,abnormal snout morphology,kept,non-acoustic MP term from mixed procedure
Fkbp10,ESLIM_011_001,Acoustic Startle&PPI,increased startle reflex,removed,fully acoustic procedure
Gria1,HRWLLA_CSD_003,Combined SHIRPA and Dysmorphology,decreased exploration in new environment,kept,non-acoustic MP term from mixed procedure
Capn12,IMPC_CSD_002,Combined SHIRPA and Dysmorphology,decreased exploration in new environment,kept,non-acoustic MP term from mixed procedure
Herc3,ESLIM_008_001,Modified SHIRPA,trunk curl,kept,non-acoustic MP term from mixed procedure
Hoxc12,IMPC_CSD_001,Combined SHIRPA and Dysmorphology,abnormal tail length,kept,non-acoustic MP term from mixed procedure
Samm50,IMPC_CSD_002,Combined SHIRPA and Dysmorphology,abnormal tooth morphology,kept,non-acoustic MP term from mixed procedure
Gipc2,IMPC_CSD_001,Combined SHIRPA and Dysmorphology,abnormal coat/ hair morphology,kept,non-acoustic MP term from mixed procedure
Arvcf,IMPC_ACS_003,Acoustic Startle and Pre-pulse Inhibition (PPI),increased startle reflex,removed,fully acoustic procedure
Prss56,IMPC_CSD_001,Combined SHIRPA and Dysmorphology,abnormal vocalization,kept,non-acoustic MP term from mixed procedure
Myom2,IMPC_CSD_001,Combined SHIRPA and Dysmorphology,abnormal coat/hair pigmentation,kept,non-acoustic MP term from mixed procedure
Ofcc1,JAXLA_CSD_003,Combined SHIRPA and Dysmorphology,abnormal hindlimb morphology,kept,non-acoustic MP term from mixed procedure
Bscl2,IMPC_CSD_003,Combined SHIRPA and Dysmorphology,abnormal gait,kept,non-acoustic MP term from mixed procedure
Fam8a1,IMPC_CSD_003,Combined SHIRPA and Dysmorphology,limb grasping,kept,non-acoustic MP term from mixed procedure
Alg12,IMPC_CSD_003,Combined SHIRPA and Dysmorphology,tremors,kept,non-acoustic MP term from mixed procedure
Itsn2,IMPC_CSD_003,Combined SHIRPA and Dysmorphology,increased exploration in new environment,kept,non-acoustic MP term from mixed procedure
Aak1,IMPC_ABR_002,Auditory Brain Stem Response,abnormal auditory brainstem response,removed,fully acoustic procedure
4930579F01Rik,IMPC_CSD_003,Combined SHIRPA and Dysmorphology,abnormal locomotor behavior,kept,non-acoustic MP term from mixed procedure
Calcoco1,HRWLLA_CSD_003,Combined SHIRPA and Dysmorphology,abnormal startle reflex,removed,acoustic MP term from mixed procedure
Shh,ESLIM_011_001,Acoustic Startle&PPI,increased startle reflex,removed,fully acoustic procedure
Trank1,IMPC_CSD_001,Combined SHIRPA and Dysmorphology,abnormal vocalization,kept,non-acoustic MP term from mixed procedure
Foxn3,IMPC_ACS_003,Acoustic Startle and Pre-pulse Inhibition (PPI),decreased prepulse inhibition,removed,fully acoustic procedure
Cnot3,IMPC_CSD_003,Combined SHIRPA and Dysmorphology,absent external female genitalia,kept,non-acoustic MP term from mixed procedure
Dhx9,IMPC_ACS_003,Acoustic Startle and Pre-pulse Inhibition (PPI),decreased startle reflex,removed,fully acoustic procedure
Plekha5,IMPC_ACS_003,Acoustic Startle and Pre-pulse Inhibition (PPI),increased startle reflex,removed,fully acoustic procedure
Mpv17l2,IMPC_CSD_003,Combined SHIRPA and Dysmorphology,abnormal coat/hair pigmentation,kept,non-acoustic MP term from mixed procedure
Mir129-2,KMPCLA_CSD_003,Combined SHIRPA and Dysmorphology,abnormal coat/hair pigmentation,kept,non-acoustic MP term from mixed procedure
Bmpr1b,IMPC_CSD_003,Combined SHIRPA and Dysmorphology,abnormal autopod morphology,kept,non-acoustic MP term from mixed procedure
Hecw1,IMPC_CSD_003,Combined SHIRPA and Dysmorphology,limb grasping,kept,non-acoustic MP term from mixed procedure
Ak4,KMPCLA_CSD_003,Combined SHIRPA and Dysmorphology,abnormal coat/ hair morphology,kept,non-acoustic MP term from mixed procedure
Tmem8b,IMPC_ACS_003,Acoustic Startle and Pre-pulse Inhibition (PPI),decreased prepulse inhibition,removed,fully acoustic procedure
Emc10,IMPC_CSD_003,Combined SHIRPA and Dysmorphology,abnormal gait,kept,non-acoustic MP term from mixed procedure
Notch1,IMPC_ACS_003,Acoustic Startle and Pre-pulse Inhibition (PPI),increased startle reflex,removed,fully acoustic procedure
Aldh3a2,ESLIM_011_001,Acoustic Startle&PPI,decreased prepulse inhibition,removed,fully acoustic procedure
Ano8,JAXLA_CSD_003,Combined SHIRPA and Dysmorphology,abnormal coat/hair pigmentation,kept,non-acoustic MP term from mixed procedure
Tuft1,MGP_CSD_001,Combined SHIRPA and Dysmorphology,abnormal coat appearance,kept,non-acoustic MP term from mixed procedure
Ambra1,IMPC_ACS_003,Acoustic Startle and Pre-pulse Inhibition (PPI),decreased prepulse inhibition,removed,fully acoustic procedure
Zfp719,IMPC_ABR_001,Auditory Brain Stem Response,abnormal auditory brainstem response,removed,fully acoustic procedure
B3galnt2,JAXLA_CSD_003,Combined SHIRPA and Dysmorphology,abnormal locomotor behavior,kept,non-acoustic MP term from mixed procedure
Ghrhr,IMPC_ABR_002,Auditory Brain Stem Response,abnormal auditory brainstem response,removed,fully acoustic procedure
Ndufa10,IMPC_CSD_002,Combined SHIRPA and Dysmorphology,abnormal gait,kept,non-acoustic MP term from mixed procedure
Ak4,KMPCLA_CSD_003,Combined SHIRPA and Dysmorphology,abnormal coat/hair pigmentation,kept,non-acoustic MP term from mixed procedure
Ezh1,IMPC_ACS_003,Acoustic Startle and Pre-pulse Inhibition (PPI),decreased prepulse inhibition,removed,fully acoustic procedure
Clrn2,IMPC_ABR_002,Auditory Brain Stem Response,abnormal auditory brainstem response,removed,fully acoustic procedure
Minar2,MGP_CSD_001,Combined SHIRPA and Dysmorphology,absent pinna reflex,removed,acoustic MP term from mixed procedure
Mettl23,IMPC_CSD_002,Combined SHIRPA and Dysmorphology,abnormal head size,kept,non-acoustic MP term from mixed procedure
Elmod1,ESLIM_011_001,Acoustic Startle&PPI,increased startle reflex,removed,fully acoustic procedure
Jmjd4,MGP_CSD_001,Combined SHIRPA and Dysmorphology,abnormal incisor morphology,kept,non-acoustic MP term from mixed procedure
Dnase1l2,IMPC_CSD_003,Combined SHIRPA and Dysmorphology,abnormal nail morphology,kept,non-acoustic MP term from mixed procedure
Evc2,IMPC_ACS_003,Acoustic Startle and Pre-pulse Inhibition (PPI),decreased prepulse inhibition,removed,fully acoustic procedure
Setd5,MGP_CSD_001,Combined SHIRPA and Dysmorphology,abnormal snout morphology,kept,non-acoustic MP term from mixed procedure
Rab11fip3,IMPC_ABR_002,Auditory Brain Stem Response,abnormal auditory brainstem response,removed,fully acoustic procedure
Ifi44,IMPC_ACS_003,Acoustic Startle and Pre-pulse Inhibition (PPI),decreased prepulse inhibition,removed,fully acoustic procedure
Osbpl8,IMPC_ABR_002,Auditory Brain Stem Response,abnormal auditory brainstem response,removed,fully acoustic procedure
Postn,IMPC_CSD_001,Combined SHIRPA and Dysmorphology,impaired righting response,kept,non-acoustic MP term from mixed procedure
Palm3,IMPC_ACS_003,Acoustic Startle and Pre-pulse Inhibition (PPI),decreased prepulse inhibition,removed,fully acoustic procedure
Iqsec3,IMPC_ACS_003,Acoustic Startle and Pre-pulse Inhibition (PPI),decreased prepulse inhibition,removed,fully acoustic procedure
Aoc1l1,IMPC_ACS_003,Acoustic Startle and Pre-pulse Inhibition (PPI),decreased prepulse inhibition,removed,fully acoustic procedure
Niban1,IMPC_CSD_003,Combined SHIRPA and Dysmorphology,abnormal head size,kept,non-acoustic MP term from mixed procedure
Dlec1,IMPC_ABR_002,Auditory Brain Stem Response,abnormal auditory brainstem response,removed,fully acoustic procedure
Gtf2ird1,IMPC_ACS_003,Acoustic Startle and Pre-pulse Inhibition (PPI),decreased prepulse inhibition,removed,fully acoustic procedure
Krtcap2,IMPC_ABR_002,Auditory Brain Stem Response,abnormal auditory brainstem response,removed,fully acoustic procedure
Marveld2,IMPC_ACS_003,Acoustic Startle and Pre-pulse Inhibition (PPI),decreased startle reflex,removed,fully acoustic procedure
Nos1ap,IMPC_ACS_003,Acoustic Startle and Pre-pulse Inhibition (PPI),increased startle reflex,removed,fully acoustic procedure
Sgce,IMPC_CSD_003,Combined SHIRPA and Dysmorphology,abnormal locomotor behavior,kept,non-acoustic MP term from mixed procedure
Ttc17,IMPC_ACS_003,Acoustic Startle and Pre-pulse Inhibition (PPI),increased startle reflex,removed,fully acoustic procedure
Ajap1,IMPC_ACS_003,Acoustic Startle and Pre-pulse Inhibition (PPI),increased startle reflex,removed,fully acoustic procedure
Rab27a,IMPC_CSD_003,Combined SHIRPA and Dysmorphology,abnormal coat/hair pigmentation,kept,non-acoustic MP term from mixed procedure
Mei1,IMPC_CSD_003,Combined SHIRPA and Dysmorphology,abnormal gait,kept,non-acoustic MP term from mixed procedure
Galk2,IMPC_CSD_002,Combined SHIRPA and Dysmorphology,abnormal digit morphology,kept,non-acoustic MP term from mixed procedure
Hmx2,IMPC_ACS_003,Acoustic Startle and Pre-pulse Inhibition (PPI),decreased prepulse inhibition,removed,fully acoustic procedure
Adgrv1,IMPC_ABR_002,Auditory Brain Stem Response,abnormal auditory brainstem response,removed,fully acoustic procedure
Rprd1b,ESLIM_011_001,Acoustic Startle&PPI,increased startle reflex,removed,fully acoustic procedure
Lmcd1,IMPC_ACS_003,Acoustic Startle and Pre-pulse Inhibition (PPI),decreased prepulse inhibition,removed,fully acoustic procedure
Oard1,MGP_CSD_001,Combined SHIRPA and Dysmorphology,absent pinna reflex,removed,acoustic MP term from mixed procedure
Dnaaf1,IMPC_CSD_003,Combined SHIRPA and Dysmorphology,abnormal coat/ hair morphology,kept,non-acoustic MP term from mixed procedure
Camk1,IMPC_CSD_003,Combined SHIRPA and Dysmorphology,tremors,kept,non-acoustic MP term from mixed procedure
Btbd10,IMPC_ABR_002,Auditory Brain Stem Response,abnormal auditory brainstem response,removed,fully acoustic procedure
Bloc1s4,IMPC_CSD_003,Combined SHIRPA and Dysmorphology,abnormal coat/hair pigmentation,kept,non-acoustic MP term from mixed procedure
Trpv4,IMPC_CSD_003,Combined SHIRPA and Dysmorphology,abnormal coat/hair pigmentation,kept,non-acoustic MP term from mixed procedure
Selenok,IMPC_ABR_001,Auditory Brain Stem Response,abnormal auditory brainstem response,removed,fully acoustic procedure
Pou2af3,IMPC_ACS_003,Acoustic Startle and Pre-pulse Inhibition (PPI),decreased prepulse inhibition,removed,fully acoustic procedure
Rtn4,IMPC_ACS_003,Acoustic Startle and Pre-pulse Inhibition (PPI),decreased prepulse inhibition,removed,fully acoustic procedure
Gpr15,JAXLA_CSD_003,Combined SHIRPA and Dysmorphology,abnormal startle reflex,removed,acoustic MP term from mixed procedure
Csnk1g2,IMPC_CSD_002,Combined SHIRPA and Dysmorphology,abnormal coat/hair pigmentation,kept,non-acoustic MP term from mixed procedure
Tubb2a,JAXLA_CSD_003,Combined SHIRPA and Dysmorphology,abnormal coat/hair pigmentation,kept,non-acoustic MP term from mixed procedure
Gar1,ESLIM_011_001,Acoustic Startle&PPI,increased startle reflex,removed,fully acoustic procedure
Ttbk1,IMPC_CSD_003,Combined SHIRPA and Dysmorphology,decreased exploration in new environment,kept,non-acoustic MP term from mixed procedure
S1pr3,IMPC_CSD_003,Combined SHIRPA and Dysmorphology,abnormal skin coloration,kept,non-acoustic MP term from mixed procedure
Mfsd4a,IMPC_CSD_002,Combined SHIRPA and Dysmorphology,impaired righting response,kept,non-acoustic MP term from mixed procedure
Zfp719,IMPC_ABR_001,Auditory Brain Stem Response,abnormal auditory brainstem response,removed,fully acoustic procedure
Myo6,IMPC_ACS_003,Acoustic Startle and Pre-pulse Inhibition (PPI),decreased prepulse inhibition,removed,fully acoustic procedure
Tmprss6,IMPC_ACS_003,Acoustic Startle and Pre-pulse Inhibition (PPI),decreased prepulse inhibition,removed,fully acoustic procedure
Npas3,IMPC_ACS_003,Acoustic Startle and Pre-pulse Inhibition (PPI),increased startle reflex,removed,fully acoustic procedure
Amotl2,IMPC_ACS_003,Acoustic Startle and Pre-pulse Inhibition (PPI),decreased prepulse inhibition,removed,fully acoustic procedure
Hlcs,JAXLA_CSD_003,Combined SHIRPA and Dysmorphology,abnormal coat/hair pigmentation,kept,non-acoustic MP term from mixed procedure
Bloc1s5,IMPC_CSD_003,Combined SHIRPA and Dysmorphology,abnormal coat/hair pigmentation,kept,non-acoustic MP term from mixed procedure
Rxfp2,ESLIM_008_001,Modified SHIRPA,decreased locomotor activity,kept,non-acoustic MP term from mixed procedure
Plcb2,IMPC_CSD_003,Combined SHIRPA and Dysmorphology,abnormal vocalization,kept,non-acoustic MP term from mixed procedure
Dnase1l2,IMPC_CSD_002,Combined SHIRPA and Dysmorphology,abnormal vocalization,kept,non-acoustic MP term from mixed procedure
Utp20,IMPC_CSD_001,Combined SHIRPA and Dysmorphology,abnormal vocalization,kept,non-acoustic MP term from mixed procedure
Spink12,JAXLA_CSD_003,Combined SHIRPA and Dysmorphology,abnormal startle reflex,removed,acoustic MP term from mixed procedure
Grik4,IMPC_ACS_003,Acoustic Startle and Pre-pulse Inhibition (PPI),decreased prepulse inhibition,removed,fully acoustic procedure
Myo7a,ESLIM_008_001,Modified SHIRPA,abnormal locomotor activation,kept,non-acoustic MP term from mixed procedure
Krt35,KMPCLA_CSD_003,Combined SHIRPA and Dysmorphology,abnormal skin coloration,kept,non-acoustic MP term from mixed procedure
Ubald1,IMPC_CSD_003,Combined SHIRPA and Dysmorphology,abnormal vocalization,kept,non-acoustic MP term from mixed procedure
Far2,IMPC_CSD_001,Combined SHIRPA and Dysmorphology,abnormal coat appearance,kept,non-acoustic MP term from mixed procedure
Msmb,IMPC_CSD_003,Combined SHIRPA and Dysmorphology,abnormal skin coloration,kept,non-acoustic MP term from mixed procedure
Cacna2d1,IMPC_ACS_003,Acoustic Startle and Pre-pulse Inhibition (PPI),decreased prepulse inhibition,removed,fully acoustic procedure
Clcn1,IMPC_ABR_002,Auditory Brain Stem Response,abnormal auditory brainstem response,removed,fully acoustic procedure
Atp8b1,TCPLA_CSD_003,Combined SHIRPA and Dysmorphology,abnormal startle reflex,removed,acoustic MP term from mixed procedure
Atp6v1c1,IMPC_ACS_003,Acoustic Startle and Pre-pulse Inhibition (PPI),decreased prepulse inhibition,removed,fully acoustic procedure
Rps26,IMPC_ABR_002,Auditory Brain Stem Response,abnormal auditory brainstem response,removed,fully acoustic procedure
Adgrv1,IMPC_ACS_003,Acoustic Startle and Pre-pulse Inhibition (PPI),decreased prepulse inhibition,removed,fully acoustic procedure
Sel1l3,JAXLA_CSD_003,Combined SHIRPA and Dysmorphology,abnormal coat/hair pigmentation,kept,non-acoustic MP term from mixed procedure
Patl1,IMPC_ACS_003,Acoustic Startle and Pre-pulse Inhibition (PPI),decreased prepulse inhibition,removed,fully acoustic procedure
Krt71,IMPC_CSD_003,Combined SHIRPA and Dysmorphology,abnormal hindlimb morphology,kept,non-acoustic MP term from mixed procedure
E2f6,IMPC_CSD_003,Combined SHIRPA and Dysmorphology,abnormal vocalization,kept,non-acoustic MP term from mixed procedure
Cyb561,IMPC_CSD_003,Combined SHIRPA and Dysmorphology,tremors,kept,non-acoustic MP term from mixed procedure
Atp8b1,TCPIP_CSD_003,Combined SHIRPA and Dysmorphology,decreased exploration in new environment,kept,non-acoustic MP term from mixed procedure
Mtmr4,ESLIM_008_001,Modified SHIRPA,abnormal urination,kept,non-acoustic MP term from mixed procedure
Chrna5,IMPC_CSD_003,Combined SHIRPA and Dysmorphology,abnormal skin coloration,kept,non-acoustic MP term from mixed procedure
Stxbp5l,IMPC_CSD_003,Combined SHIRPA and Dysmorphology,abnormal coat/ hair morphology,kept,non-acoustic MP term from mixed procedure
Hoxc13,IMPC_CSD_003,Combined SHIRPA and Dysmorphology,abnormal coat/ hair morphology,kept,non-acoustic MP term from mixed procedure
Smim8,IMPC_ACS_003,Acoustic Startle and Pre-pulse Inhibition (PPI),decreased prepulse inhibition,removed,fully acoustic procedure
Marveld2,IMPC_ABR_002,Auditory Brain Stem Response,abnormal auditory brainstem response,removed,fully acoustic procedure
Os9,MGP_CSD_001,Combined SHIRPA and Dysmorphology,abnormal snout morphology,kept,non-acoustic MP term from mixed procedure
Slc39a10,IMPC_CSD_001,Combined SHIRPA and Dysmorphology,abnormal coat/hair pigmentation,kept,non-acoustic MP term from mixed procedure
Fbxo9,IMPC_ACS_003,Acoustic Startle and Pre-pulse Inhibition (PPI),decreased prepulse inhibition,removed,fully acoustic procedure
Yeats2,JAXLA_CSD_003,Combined SHIRPA and Dysmorphology,impaired righting response,kept,non-acoustic MP term from mixed procedure
Plag1,IMPC_CSD_002,Combined SHIRPA and Dysmorphology,abnormal head morphology,kept,non-acoustic MP term from mixed procedure
Tvp23b,IMPC_ACS_003,Acoustic Startle and Pre-pulse Inhibition (PPI),increased startle reflex,removed,fully acoustic procedure
Nol9,IMPC_CSD_001,Combined SHIRPA and Dysmorphology,abnormal coat/hair pigmentation,kept,non-acoustic MP term from mixed procedure
Ifng,IMPC_ACS_003,Acoustic Startle and Pre-pulse Inhibition (PPI),decreased prepulse inhibition,removed,fully acoustic procedure
Zfp445,IMPC_ABR_002,Auditory Brain Stem Response,abnormal auditory brainstem response,removed,fully acoustic procedure
Smarcb1,IMPC_ACS_003,Acoustic Startle and Pre-pulse Inhibition (PPI),decreased prepulse inhibition,removed,fully acoustic procedure
Pgam5,IMPC_CSD_003,Combined SHIRPA and Dysmorphology,decreased exploration in new environment,kept,non-acoustic MP term from mixed procedure
Rxylt1,JAXLA_CSD_001,Combined SHIRPA and Dysmorphology,limb grasping,kept,non-acoustic MP term from mixed procedure
Otogl,JAXLA_CSD_003,Combined SHIRPA and Dysmorphology,absent vibrissae,kept,non-acoustic MP term from mixed procedure
Rcc1l,ESLIM_011_001,Acoustic Startle&PPI,increased startle reflex,removed,fully acoustic procedure
Psmc2,IMPC_CSD_002,Combined SHIRPA and Dysmorphology,abnormal gait,kept,non-acoustic MP term from mixed procedure
Tubb2a,JAXLA_CSD_003,Combined SHIRPA and Dysmorphology,abnormal coat/ hair morphology,kept,non-acoustic MP term from mixed procedure
1600014C10Rik,IMPC_CSD_001,Combined SHIRPA and Dysmorphology,abnormal vocalization,kept,non-acoustic MP term from mixed procedure
Hoxc13,IMPC_CSD_003,Combined SHIRPA and Dysmorphology,abnormal coat appearance,kept,non-acoustic MP term from mixed procedure
Kank1,IMPC_ACS_003,Acoustic Startle and Pre-pulse Inhibition (PPI),decreased prepulse inhibition,removed,fully acoustic procedure
Tmem216,IMPC_CSD_003,Combined SHIRPA and Dysmorphology,increased exploration in new environment,kept,non-acoustic MP term from mixed procedure
Bptf,IMPC_ACS_003,Acoustic Startle and Pre-pulse Inhibition (PPI),decreased prepulse inhibition,removed,fully acoustic procedure
Stk32c,IMPC_CSD_003,Combined SHIRPA and Dysmorphology,limb grasping,kept,non-acoustic MP term from mixed procedure
Ctsa,IMPC_ACS_003,Acoustic Startle and Pre-pulse Inhibition (PPI),decreased prepulse inhibition,removed,fully acoustic procedure
Evc2,IMPC_ACS_003,Acoustic Startle and Pre-pulse Inhibition (PPI),decreased prepulse inhibition,removed,fully acoustic procedure
Prkd2,IMPC_ACS_003,Acoustic Startle and Pre-pulse Inhibition (PPI),decreased prepulse inhibition,removed,fully acoustic procedure
Atp8b1,IMPC_ACS_003,Acoustic Startle and Pre-pulse Inhibition (PPI),decreased prepulse inhibition,removed,fully acoustic procedure
Cotl1,IMPC_CSD_002,Combined SHIRPA and Dysmorphology,abnormal coat/hair pigmentation,kept,non-acoustic MP term from mixed procedure
Prg2,IMPC_CSD_003,Combined SHIRPA and Dysmorphology,abnormal coat appearance,kept,non-acoustic MP term from mixed procedure
Dtnbp1,IMPC_CSD_003,Combined SHIRPA and Dysmorphology,abnormal coat/hair pigmentation,kept,non-acoustic MP term from mixed procedure
Cimap1d,IMPC_CSD_003,Combined SHIRPA and Dysmorphology,abnormal gait,kept,non-acoustic MP term from mixed procedure
Dync1li2,IMPC_CSD_001,Combined SHIRPA and Dysmorphology,abnormal coat/hair pigmentation,kept,non-acoustic MP term from mixed procedure
Prrc2c,IMPC_CSD_001,Combined SHIRPA and Dysmorphology,abnormal vocalization,kept,non-acoustic MP term from mixed procedure
Depdc1a,IMPC_ABR_002,Auditory Brain Stem Response,abnormal auditory brainstem response,removed,fully acoustic procedure
Neto2,IMPC_CSD_002,Combined SHIRPA and Dysmorphology,tremors,kept,non-acoustic MP term from mixed procedure
Sptb,IMPC_CSD_003,Combined SHIRPA and Dysmorphology,decreased exploration in new environment,kept,non-acoustic MP term from mixed procedure
Cant1,IMPC_CSD_002,Combined SHIRPA and Dysmorphology,abnormal tail morphology,kept,non-acoustic MP term from mixed procedure
Brip1,JAXLA_CSD_003,Combined SHIRPA and Dysmorphology,abnormal gait,kept,non-acoustic MP term from mixed procedure
Bloc1s4,IMPC_CSD_003,Combined SHIRPA and Dysmorphology,abnormal coat/hair pigmentation,kept,non-acoustic MP term from mixed procedure
C1qc,JAXLA_CSD_003,Combined SHIRPA and Dysmorphology,abnormal autopod morphology,kept,non-acoustic MP term from mixed procedure
Rbms1,IMPC_CSD_003,Combined SHIRPA and Dysmorphology,abnormal coat/ hair morphology,kept,non-acoustic MP term from mixed procedure
Zfp786,IMPC_CSD_001,Combined SHIRPA and Dysmorphology,abnormal locomotor behavior,kept,non-acoustic MP term from mixed procedure
Fbn2,IMPC_CSD_003,Combined SHIRPA and Dysmorphology,abnormal digit morphology,kept,non-acoustic MP term from mixed procedure
Btbd2,IMPC_ACS_003,Acoustic Startle and Pre-pulse Inhibition (PPI),increased startle reflex,removed,fully acoustic procedure
Fgf20,IMPC_ACS_003,Acoustic Startle and Pre-pulse Inhibition (PPI),decreased prepulse inhibition,removed,fully acoustic procedure
Sulf2,IMPC_ACS_003,Acoustic Startle and Pre-pulse Inhibition (PPI),decreased prepulse inhibition,removed,fully acoustic procedure
Baiap2l2,IMPC_CSD_003,Combined SHIRPA and Dysmorphology,abnormal gait,kept,non-acoustic MP term from mixed procedure
Igf2bp3,IMPC_ACS_003,Acoustic Startle and Pre-pulse Inhibition (PPI),increased startle reflex,removed,fully acoustic procedure
Cs,IMPC_CSD_002,Combined SHIRPA and Dysmorphology,abnormal digit morphology,kept,non-acoustic MP term from mixed procedure
Tmem79,IMPC_CSD_003,Combined SHIRPA and Dysmorphology,abnormal coat appearance,kept,non-acoustic MP term from mixed procedure
Inhbb,IMPC_CSD_003,Combined SHIRPA and Dysmorphology,abnormal vocalization,kept,non-acoustic MP term from mixed procedure
Slc24a3,KMPCIP_CSD_003,Combined SHIRPA and Dysmorphology,abnormal coat/hair pigmentation,kept,non-acoustic MP term from mixed procedure
Morc2a,IMPC_CSD_003,Combined SHIRPA and Dysmorphology,abnormal gait,kept,non-acoustic MP term from mixed procedure
Mpdz,IMPC_ABR_002,Auditory Brain Stem Response,abnormal auditory brainstem response,removed,fully acoustic procedure
Maf,IMPC_ACS_003,Acoustic Startle and Pre-pulse Inhibition (PPI),decreased prepulse inhibition,removed,fully acoustic procedure
Cdc23,IMPC_CSD_001,Combined SHIRPA and Dysmorphology,abnormal coat/hair pigmentation,kept,non-acoustic MP term from mixed procedure
Rundc3a,IMPC_ACS_003,Acoustic Startle and Pre-pulse Inhibition (PPI),decreased prepulse inhibition,removed,fully acoustic procedure
Tspyl1,IMPC_CSD_001,Combined SHIRPA and Dysmorphology,abnormal coat/hair pigmentation,kept,non-acoustic MP term from mixed procedure
Colec10,IMPC_ACS_003,Acoustic Startle and Pre-pulse Inhibition (PPI),decreased prepulse inhibition,removed,fully acoustic procedure
Fshr,IMPC_CSD_002,Combined SHIRPA and Dysmorphology,abnormal startle reflex,removed,acoustic MP term from mixed procedure
Arap3,JAXLA_CSD_003,Combined SHIRPA and Dysmorphology,abnormal vibrissa morphology,kept,non-acoustic MP term from mixed procedure
Hbs1l,MGP_CSD_001,Combined SHIRPA and Dysmorphology,abnormal tail morphology,kept,non-acoustic MP term from mixed procedure
Mfsd14a,IMPC_CSD_003,Combined SHIRPA and Dysmorphology,abnormal skin coloration,kept,non-acoustic MP term from mixed procedure
Pacs2,ESLIM_011_001,Acoustic Startle&PPI,increased startle reflex,removed,fully acoustic procedure
Sema5b,ESLIM_011_001,Acoustic Startle&PPI,increased startle reflex,removed,fully acoustic procedure
Tnfrsf1b,ESLIM_011_001,Acoustic Startle&PPI,decreased prepulse inhibition,removed,fully acoustic procedure
Fam83d,IMPC_ACS_003,Acoustic Startle and Pre-pulse Inhibition (PPI),decreased prepulse inhibition,removed,fully acoustic procedure
Axdnd1,IMPC_CSD_003,Combined SHIRPA and Dysmorphology,abnormal vibrissa morphology,kept,non-acoustic MP term from mixed procedure
Tmem51,IMPC_ACS_003,Acoustic Startle and Pre-pulse Inhibition (PPI),decreased prepulse inhibition,removed,fully acoustic procedure
Maz,IMPC_CSD_003,Combined SHIRPA and Dysmorphology,abnormal head morphology,kept,non-acoustic MP term from mixed procedure
Klhl5,IMPC_CSD_003,Combined SHIRPA and Dysmorphology,abnormal coat/hair pigmentation,kept,non-acoustic MP term from mixed procedure
Gstm6,IMPC_ACS_003,Acoustic Startle and Pre-pulse Inhibition (PPI),decreased prepulse inhibition,removed,fully acoustic procedure
Lef1,IMPC_ACS_003,Acoustic Startle and Pre-pulse Inhibition (PPI),decreased prepulse inhibition,removed,fully acoustic procedure
Rnf10,IMPC_CSD_003,Combined SHIRPA and Dysmorphology,abnormal behavior,kept,non-acoustic MP term from mixed procedure
Cep85l,IMPC_ABR_002,Auditory Brain Stem Response,abnormal auditory brainstem response,removed,fully acoustic procedure
Ndufaf5,IMPC_CSD_003,Combined SHIRPA and Dysmorphology,abnormal locomotor behavior,kept,non-acoustic MP term from mixed procedure
Tmem30b,IMPC_ABR_002,Auditory Brain Stem Response,abnormal auditory brainstem response,removed,fully acoustic procedure
Aire,IMPC_ACS_003,Acoustic Startle and Pre-pulse Inhibition (PPI),decreased prepulse inhibition,removed,fully acoustic procedure
Gnasas1,ESLIM_008_001,Modified SHIRPA,abnormal startle reflex,removed,acoustic MP term from mixed procedure
Pcyox1l,IMPC_ABR_002,Auditory Brain Stem Response,abnormal auditory brainstem response,removed,fully acoustic procedure
Eftud2,IMPC_ACS_003,Acoustic Startle and Pre-pulse Inhibition (PPI),increased startle reflex,removed,fully acoustic procedure
Prl7d1,IMPC_ACS_003,Acoustic Startle and Pre-pulse Inhibition (PPI),decreased prepulse inhibition,removed,fully acoustic procedure
Znhit6,IMPC_ACS_003,Acoustic Startle and Pre-pulse Inhibition (PPI),decreased prepulse inhibition,removed,fully acoustic procedure
Etnppl,IMPC_CSD_002,Combined SHIRPA and Dysmorphology,abnormal tooth morphology,kept,non-acoustic MP term from mixed procedure
Gm5134,ESLIM_011_001,Acoustic Startle&PPI,increased startle reflex,removed,fully acoustic procedure
Fnip1,IMPC_ACS_003,Acoustic Startle and Pre-pulse Inhibition (PPI),decreased startle reflex,removed,fully acoustic procedure
Setmar,M-G-P_008_001,Modified SHIRPA,abnormal gait,kept,non-acoustic MP term from mixed procedure
Kdm8,ESLIM_008_001,Modified SHIRPA,abnormal response to tactile stimuli,kept,non-acoustic MP term from mixed procedure
Zdhhc2,IMPC_CSD_002,Combined SHIRPA and Dysmorphology,abnormal lip morphology,kept,non-acoustic MP term from mixed procedure
Il20rb,IMPC_ACS_003,Acoustic Startle and Pre-pulse Inhibition (PPI),decreased prepulse inhibition,removed,fully acoustic procedure
Ube3c,IMPC_ACS_003,Acoustic Startle and Pre-pulse Inhibition (PPI),decreased prepulse inhibition,removed,fully acoustic procedure
Ier3ip1,IMPC_CSD_001,Combined SHIRPA and Dysmorphology,abnormal vocalization,kept,non-acoustic MP term from mixed procedure
Il33,IMPC_CSD_003,Combined SHIRPA and Dysmorphology,abnormal coat/ hair morphology,kept,non-acoustic MP term from mixed procedure
Eps15l1,IMPC_CSD_001,Combined SHIRPA and Dysmorphology,abnormal vocalization,kept,non-acoustic MP term from mixed procedure
Serac1,IMPC_CSD_003,Combined SHIRPA and Dysmorphology,decreased exploration in new environment,kept,non-acoustic MP term from mixed procedure
Il2rb,IMPC_CSD_003,Combined SHIRPA and Dysmorphology,abnormal coat appearance,kept,non-acoustic MP term from mixed procedure
Ccnb1,IMPC_CSD_003,Combined SHIRPA and Dysmorphology,tremors,kept,non-acoustic MP term from mixed procedure
Pank4,KMPCIP_CSD_003,Combined SHIRPA and Dysmorphology,abnormal vibrissa morphology,kept,non-acoustic MP term from mixed procedure
Cdk17,IMPC_CSD_001,Combined SHIRPA and Dysmorphology,abnormal snout morphology,kept,non-acoustic MP term from mixed procedure
Tmprss6,IMPC_CSD_003,Combined SHIRPA and Dysmorphology,decreased exploration in new environment,kept,non-acoustic MP term from mixed procedure
Nipsnap1,ESLIM_008_001,Modified SHIRPA,abnormal locomotor activation,kept,non-acoustic MP term from mixed procedure
Rnf144b,IMPC_CSD_003,Combined SHIRPA and Dysmorphology,abnormal vocalization,kept,non-acoustic MP term from mixed procedure
Ppp6r1,IMPC_ABR_002,Auditory Brain Stem Response,abnormal auditory brainstem response,removed,fully acoustic procedure
Kctd19,IMPC_CSD_003,Combined SHIRPA and Dysmorphology,abnormal coat/hair pigmentation,kept,non-acoustic MP term from mixed procedure
Twist1,IMPC_CSD_003,Combined SHIRPA and Dysmorphology,abnormal autopod morphology,kept,non-acoustic MP term from mixed procedure
Nhlh1,IMPC_ACS_003,Acoustic Startle and Pre-pulse Inhibition (PPI),decreased prepulse inhibition,removed,fully acoustic procedure
Xylb,ESLIM_011_001,Acoustic Startle&PPI,decreased prepulse inhibition,removed,fully acoustic procedure
Arid1b,IMPC_ACS_003,Acoustic Startle and Pre-pulse Inhibition (PPI),decreased prepulse inhibition,removed,fully acoustic procedure
Tmem203,IMPC_ACS_003,Acoustic Startle and Pre-pulse Inhibition (PPI),decreased prepulse inhibition,removed,fully acoustic procedure
Lcorl,IMPC_ABR_002,Auditory Brain Stem Response,abnormal auditory brainstem response,removed,fully acoustic procedure
Tfec,IMPC_CSD_003,Combined SHIRPA and Dysmorphology,abnormal coat/hair pigmentation,kept,non-acoustic MP term from mixed procedure
Tmem30b,IMPC_CSD_003,Combined SHIRPA and Dysmorphology,abnormal coat/hair pigmentation,kept,non-acoustic MP term from mixed procedure
Lrrc41,IMPC_ACS_003,Acoustic Startle and Pre-pulse Inhibition (PPI),increased startle reflex,removed,fully acoustic procedure
Golph3,IMPC_ABR_002,Auditory Brain Stem Response,abnormal auditory brainstem response,removed,fully acoustic procedure
Mir96,IMPC_ABR_001,Auditory Brain Stem Response,abnormal auditory brainstem response,removed,fully acoustic procedure
Klc2,MGP_CSD_001,Combined SHIRPA and Dysmorphology,absent pinna reflex,removed,acoustic MP term from mixed procedure
Ydjc,IMPC_CSD_003,Combined SHIRPA and Dysmorphology,impaired righting response,kept,non-acoustic MP term from mixed procedure
Pjvk,IMPC_ABR_002,Auditory Brain Stem Response,abnormal auditory brainstem response,removed,fully acoustic procedure
Sf3b3,IMPC_CSD_001,Combined SHIRPA and Dysmorphology,abnormal coat/hair pigmentation,kept,non-acoustic MP term from mixed procedure
Klf7,IMPC_CSD_003,Combined SHIRPA and Dysmorphology,impaired righting response,kept,non-acoustic MP term from mixed procedure
Fam83h,IMPC_CSD_003,Combined SHIRPA and Dysmorphology,abnormal coat appearance,kept,non-acoustic MP term from mixed procedure
Prss53,MGP_CSD_001,Combined SHIRPA and Dysmorphology,abnormal vibrissa morphology,kept,non-acoustic MP term from mixed procedure
Bicd1,IMPC_ACS_003,Acoustic Startle and Pre-pulse Inhibition (PPI),decreased prepulse inhibition,removed,fully acoustic procedure
Tuft1,MGP_CSD_001,Combined SHIRPA and Dysmorphology,abnormal coat appearance,kept,non-acoustic MP term from mixed procedure
Mpv17l2,IMPC_CSD_003,Combined SHIRPA and Dysmorphology,abnormal coat/hair pigmentation,kept,non-acoustic MP term from mixed procedure
Kdm5b,MGP_CSD_001,Combined SHIRPA and Dysmorphology,absent pinna reflex,removed,acoustic MP term from mixed procedure
Ldaf1,KMPCLA_CSD_003,Combined SHIRPA and Dysmorphology,abnormal coat/hair pigmentation,kept,non-acoustic MP term from mixed procedure
Mtmr2,IMPC_ACS_003,Acoustic Startle and Pre-pulse Inhibition (PPI),decreased startle reflex,removed,fully acoustic procedure
Tmt1b,IMPC_CSD_001,Combined SHIRPA and Dysmorphology,abnormal coat/hair pigmentation,kept,non-acoustic MP term from mixed procedure
Ccdc170,IMPC_CSD_001,Combined SHIRPA and Dysmorphology,abnormal vocalization,kept,non-acoustic MP term from mixed procedure
Clcn1,IMPC_CSD_003,Combined SHIRPA and Dysmorphology,tremors,kept,non-acoustic MP term from mixed procedure
Hint1,ESLIM_011_001,Acoustic Startle&PPI,increased startle reflex,removed,fully acoustic procedure
Kdm3a,IMPC_ACS_003,Acoustic Startle and Pre-pulse Inhibition (PPI),decreased prepulse inhibition,removed,fully acoustic procedure
Bloc1s5,IMPC_CSD_003,Combined SHIRPA and Dysmorphology,abnormal coat/hair pigmentation,kept,non-acoustic MP term from mixed procedure
Zbed4,IMPC_CSD_003,Combined SHIRPA and Dysmorphology,decreased exploration in new environment,kept,non-acoustic MP term from mixed procedure
Nol8,IMPC_ACS_003,Acoustic Startle and Pre-pulse Inhibition (PPI),increased startle reflex,removed,fully acoustic procedure
Spns2,MGP_CSD_001,Combined SHIRPA and Dysmorphology,absent pinna reflex,removed,acoustic MP term from mixed procedure
Orc5,ESLIM_008_001,Modified SHIRPA,abnormal startle reflex,removed,acoustic MP term from mixed procedure
Gatm,IMPC_ACS_003,Acoustic Startle and Pre-pulse Inhibition (PPI),decreased prepulse inhibition,removed,fully acoustic procedure
Polr1c,JAXLA_CSD_003,Combined SHIRPA and Dysmorphology,impaired righting response,kept,non-acoustic MP term from mixed procedure
Ifi27l2a,IMPC_CSD_002,Combined SHIRPA and Dysmorphology,abnormal tail length,kept,non-acoustic MP term from mixed procedure
Hdac7,IMPC_CSD_003,Combined SHIRPA and Dysmorphology,abnormal coat/hair pigmentation,kept,non-acoustic MP term from mixed procedure
Ddx52,ESLIM_011_001,Acoustic Startle&PPI,increased startle reflex,removed,fully acoustic procedure
Myo3b,IMPC_ACS_003,Acoustic Startle and Pre-pulse Inhibition (PPI),increased startle reflex,removed,fully acoustic procedure
Tmco6,IMPC_ABR_002,Auditory Brain Stem Response,abnormal auditory brainstem response,removed,fully acoustic procedure
Cts6,IMPC_CSD_003,Combined SHIRPA and Dysmorphology,tremors,kept,non-acoustic MP term from mixed procedure
Klhdc7b,IMPC_ACS_003,Acoustic Startle and Pre-pulse Inhibition (PPI),decreased prepulse inhibition,removed,fully acoustic procedure
Usp31,IMPC_ACS_003,Acoustic Startle and Pre-pulse Inhibition (PPI),decreased prepulse inhibition,removed,fully acoustic procedure
Snai2,IMPC_CSD_003,Combined SHIRPA and Dysmorphology,abnormal coat/ hair morphology,kept,non-acoustic MP term from mixed procedure
Dnase1l2,MGP_CSD_001,Combined SHIRPA and Dysmorphology,abnormal tail morphology,kept,non-acoustic MP term from mixed procedure
Samd11,IMPC_CSD_001,Combined SHIRPA and Dysmorphology,abnormal vocalization,kept,non-acoustic MP term from mixed procedure
Plscr5,IMPC_ACS_003,Acoustic Startle and Pre-pulse Inhibition (PPI),decreased startle reflex,removed,fully acoustic procedure
Crbn,IMPC_ACS_003,Acoustic Startle and Pre-pulse Inhibition (PPI),decreased prepulse inhibition,removed,fully acoustic procedure
Relch,IMPC_CSD_001,Combined SHIRPA and Dysmorphology,abnormal vocalization,kept,non-acoustic MP term from mixed procedure
Ovol1,IMPC_CSD_001,Combined SHIRPA and Dysmorphology,abnormal coat/hair pigmentation,kept,non-acoustic MP term from mixed procedure
Rbfox3,ESLIM_011_001,Acoustic Startle&PPI,increased startle reflex,removed,fully acoustic procedure
Yeats2,JAXLA_CSD_003,Combined SHIRPA and Dysmorphology,impaired righting response,kept,non-acoustic MP term from mixed procedure
Dtnbp1,IMPC_CSD_003,Combined SHIRPA and Dysmorphology,abnormal coat/hair pigmentation,kept,non-acoustic MP term from mixed procedure
Clic5,IMPC_ACS_003,Acoustic Startle and Pre-pulse Inhibition (PPI),decreased prepulse inhibition,removed,fully acoustic procedure
Dhrs1,IMPC_CSD_003,Combined SHIRPA and Dysmorphology,tremors,kept,non-acoustic MP term from mixed procedure
C2cd2l,IMPC_ACS_003,Acoustic Startle and Pre-pulse Inhibition (PPI),decreased startle reflex,removed,fully acoustic procedure
Fam83h,IMPC_CSD_003,Combined SHIRPA and Dysmorphology,abnormal coat/ hair morphology,kept,non-acoustic MP term from mixed procedure
Zfp280d,IMPC_ACS_003,Acoustic Startle and Pre-pulse Inhibition (PPI),decreased prepulse inhibition,removed,fully acoustic procedure
Mecom,ESLIM_011_001,Acoustic Startle&PPI,increased startle reflex,removed,fully acoustic procedure
Adcy1,HRWLLA_CSD_003,Combined SHIRPA and Dysmorphology,abnormal gait,kept,non-acoustic MP term from mixed procedure
Cops4,ESLIM_011_001,Acoustic Startle&PPI,increased startle reflex,removed,fully acoustic procedure
Rab11fip4,IMPC_CSD_003,Combined SHIRPA and Dysmorphology,limb grasping,kept,non-acoustic MP term from mixed procedure
Ifnar1,MGP_CSD_001,Combined SHIRPA and Dysmorphology,abnormal vibrissa morphology,kept,non-acoustic MP term from mixed procedure
Folh1,IMPC_CSD_003,Combined SHIRPA and Dysmorphology,limb grasping,kept,non-acoustic MP term from mixed procedure
Pacs2,ESLIM_011_001,Acoustic Startle&PPI,increased startle reflex,removed,fully acoustic procedure
Scamp2,IMPC_ABR_002,Auditory Brain Stem Response,abnormal auditory brainstem response,removed,fully acoustic procedure
Bend3,IMPC_CSD_002,Combined SHIRPA and Dysmorphology,abnormal coat/hair pigmentation,kept,non-acoustic MP term from mixed procedure
Ces1f,IMPC_CSD_002,Combined SHIRPA and Dysmorphology,abnormal skin coloration,kept,non-acoustic MP term from mixed procedure
Fbxo11,ESLIM_008_001,Modified SHIRPA,abnormal locomotor activation,kept,non-acoustic MP term from mixed procedure
Mir96,ESLIM_008_001,Modified SHIRPA,trunk curl,kept,non-acoustic MP term from mixed procedure
Trank1,IMPC_CSD_001,Combined SHIRPA and Dysmorphology,abnormal coat/hair pigmentation,kept,non-acoustic MP term from mixed procedure
Hipk2,IMPC_CSD_003,Combined SHIRPA and Dysmorphology,abnormal tooth morphology,kept,non-acoustic MP term from mixed procedure
Ap4e1,IMPC_CSD_003,Combined SHIRPA and Dysmorphology,abnormal coat appearance,kept,non-acoustic MP term from mixed procedure
Ect2,IMPC_CSD_003,Combined SHIRPA and Dysmorphology,tremors,kept,non-acoustic MP term from mixed procedure
Hps5,IMPC_CSD_001,Combined SHIRPA and Dysmorphology,abnormal coat/hair pigmentation,kept,non-acoustic MP term from mixed procedure
Dram2,IMPC_CSD_003,Combined SHIRPA and Dysmorphology,abnormal coat/hair pigmentation,kept,non-acoustic MP term from mixed procedure
Itk,IMPC_ACS_003,Acoustic Startle and Pre-pulse Inhibition (PPI),increased startle reflex,removed,fully acoustic procedure
Slc38a10,ESLIM_008_001,Modified SHIRPA,abnormal response to tactile stimuli,kept,non-acoustic MP term from mixed procedure
Zfp13,ESLIM_011_001,Acoustic Startle&PPI,increased startle reflex,removed,fully acoustic procedure
Eya1,IMPC_ACS_003,Acoustic Startle and Pre-pulse Inhibition (PPI),decreased prepulse inhibition,removed,fully acoustic procedure
Ndrg1,IMPC_ACS_003,Acoustic Startle and Pre-pulse Inhibition (PPI),decreased prepulse inhibition,removed,fully acoustic procedure
Triobp,IMPC_ABR_002,Auditory Brain Stem Response,abnormal auditory brainstem response,removed,fully acoustic procedure
Rprd1b,ESLIM_011_001,Acoustic Startle&PPI,increased startle reflex,removed,fully acoustic procedure
Ap4e1,IMPC_CSD_003,Combined SHIRPA and Dysmorphology,decreased exploration in new environment,kept,non-acoustic MP term from mixed procedure
Aldh3a2,ESLIM_011_001,Acoustic Startle&PPI,increased startle reflex,removed,fully acoustic procedure
Mon1a,JAXLA_CSD_003,Combined SHIRPA and Dysmorphology,abnormal startle reflex,removed,acoustic MP term from mixed procedure
Spag7,IMPC_ACS_003,Acoustic Startle and Pre-pulse Inhibition (PPI),decreased prepulse inhibition,removed,fully acoustic procedure
Lztr1,MGP_CSD_001,Combined SHIRPA and Dysmorphology,abnormal snout morphology,kept,non-acoustic MP term from mixed procedure
Elmod1,IMPC_CSD_003,Combined SHIRPA and Dysmorphology,abnormal startle reflex,removed,acoustic MP term from mixed procedure
Clrn1,IMPC_CSD_003,Combined SHIRPA and Dysmorphology,abnormal startle reflex,removed,acoustic MP term from mixed procedure
Nin,IMPC_ABR_002,Auditory Brain Stem Response,abnormal auditory brainstem response,removed,fully acoustic procedure
Rnf10,MGP_CSD_001,Combined SHIRPA and Dysmorphology,absent pinna reflex,removed,acoustic MP term from mixed procedure
Cep85l,IMPC_ABR_002,Auditory Brain Stem Response,abnormal auditory brainstem response,removed,fully acoustic procedure
Slc24a5,IMPC_CSD_003,Combined SHIRPA and Dysmorphology,impaired righting response,kept,non-acoustic MP term from mixed procedure
Maf,IMPC_ACS_003,Acoustic Startle and Pre-pulse Inhibition (PPI),decreased prepulse inhibition,removed,fully acoustic procedure
Cad,IMPC_ACS_003,Acoustic Startle and Pre-pulse Inhibition (PPI),decreased prepulse inhibition,removed,fully acoustic procedure
Zfp174,JAXLA_CSD_003,Combined SHIRPA and Dysmorphology,abnormal startle reflex,removed,acoustic MP term from mixed procedure
Ehf,KMPCLA_CSD_003,Combined SHIRPA and Dysmorphology,abnormal mouth morphology,kept,non-acoustic MP term from mixed procedure
Npr2,IMPC_CSD_003,Combined SHIRPA and Dysmorphology,abnormal tail length,kept,non-acoustic MP term from mixed procedure
Myo7a,MGP_CSD_001,Combined SHIRPA and Dysmorphology,trunk curl,kept,non-acoustic MP term from mixed procedure
Chst12,IMPC_ACS_003,Acoustic Startle and Pre-pulse Inhibition (PPI),increased startle reflex,removed,fully acoustic procedure
Tmprss6,IMPC_CSD_003,Combined SHIRPA and Dysmorphology,abnormal coat appearance,kept,non-acoustic MP term from mixed procedure
Bean1,IMPC_CSD_003,Combined SHIRPA and Dysmorphology,abnormal gait,kept,non-acoustic MP term from mixed procedure
Clrn2,IMPC_ABR_002,Auditory Brain Stem Response,abnormal auditory brainstem response,removed,fully acoustic procedure
Prkd2,IMPC_ACS_003,Acoustic Startle and Pre-pulse Inhibition (PPI),decreased prepulse inhibition,removed,fully acoustic procedure
Nptn,IMPC_CSD_003,Combined SHIRPA and Dysmorphology,abnormal ear morphology,kept,non-acoustic MP term from mixed procedure
Cib2,IMPC_CSD_003,Combined SHIRPA and Dysmorphology,abnormal startle reflex,removed,acoustic MP term from mixed procedure
Wdr11,IMPC_CSD_003,Combined SHIRPA and Dysmorphology,abnormal tail length,kept,non-acoustic MP term from mixed procedure
Alg8,IMPC_CSD_001,Combined SHIRPA and Dysmorphology,abnormal vibrissa morphology,kept,non-acoustic MP term from mixed procedure
Wbp1l,IMPC_ACS_003,Acoustic Startle and Pre-pulse Inhibition (PPI),decreased prepulse inhibition,removed,fully acoustic procedure
Mcidas,IMPC_ACS_003,Acoustic Startle and Pre-pulse Inhibition (PPI),decreased prepulse inhibition,removed,fully acoustic procedure
Tmem51,IMPC_ACS_003,Acoustic Startle and Pre-pulse Inhibition (PPI),decreased prepulse inhibition,removed,fully acoustic procedure
Mtmr3,IMPC_ACS_003,Acoustic Startle and Pre-pulse Inhibition (PPI),increased startle reflex,removed,fully acoustic procedure
Klc2,MGP_CSD_001,Combined SHIRPA and Dysmorphology,absent pinna reflex,removed,acoustic MP term from mixed procedure
Cib3,IMPC_CSD_003,Combined SHIRPA and Dysmorphology,abnormal ear morphology,kept,non-acoustic MP term from mixed procedure
Dnm1l,IMPC_CSD_003,Combined SHIRPA and Dysmorphology,abnormal coat/ hair morphology,kept,non-acoustic MP term from mixed procedure
Dtnbp1,IMPC_CSD_003,Combined SHIRPA and Dysmorphology,abnormal coat/hair pigmentation,kept,non-acoustic MP term from mixed procedure
Spock1,IMPC_ACS_003,Acoustic Startle and Pre-pulse Inhibition (PPI),decreased prepulse inhibition,removed,fully acoustic procedure
Lman2,IMPC_ACS_003,Acoustic Startle and Pre-pulse Inhibition (PPI),decreased startle reflex,removed,fully acoustic procedure
Ccdc30,IMPC_ACS_003,Acoustic Startle and Pre-pulse Inhibition (PPI),decreased prepulse inhibition,removed,fully acoustic procedure
Nfic,IMPC_CSD_003,Combined SHIRPA and Dysmorphology,abnormal tooth morphology,kept,non-acoustic MP term from mixed procedure
Atp2b3,JAXLA_CSD_003,Combined SHIRPA and Dysmorphology,abnormal coat appearance,kept,non-acoustic MP term from mixed procedure
Kcne1,IMPC_ABR_002,Auditory Brain Stem Response,abnormal auditory brainstem response,removed,fully acoustic procedure
Usp53,IMPC_ABR_002,Auditory Brain Stem Response,abnormal auditory brainstem response,removed,fully acoustic procedure
Plekhm1,IMPC_ACS_003,Acoustic Startle and Pre-pulse Inhibition (PPI),decreased prepulse inhibition,removed,fully acoustic procedure
Grin2b,IMPC_ACS_003,Acoustic Startle and Pre-pulse Inhibition (PPI),increased startle reflex,removed,fully acoustic procedure
Tmlhe,IMPC_CSD_003,Combined SHIRPA and Dysmorphology,abnormal hindlimb morphology,kept,non-acoustic MP term from mixed procedure
Frmd5,ESLIM_011_001,Acoustic Startle&PPI,decreased prepulse inhibition,removed,fully acoustic procedure
Pcgf3,IMPC_ACS_003,Acoustic Startle and Pre-pulse Inhibition (PPI),decreased prepulse inhibition,removed,fully acoustic procedure
Ccdc14,IMPC_CSD_002,Combined SHIRPA and Dysmorphology,abnormal snout morphology,kept,non-acoustic MP term from mixed procedure
Gm4922,IMPC_ACS_003,Acoustic Startle and Pre-pulse Inhibition (PPI),decreased prepulse inhibition,removed,fully acoustic procedure
Klhl5,IMPC_CSD_003,Combined SHIRPA and Dysmorphology,abnormal coat/hair pigmentation,kept,non-acoustic MP term from mixed procedure
Setd5,IMPC_ABR_001,Auditory Brain Stem Response,abnormal auditory brainstem response,removed,fully acoustic procedure
Ydjc,IMPC_CSD_001,Combined SHIRPA and Dysmorphology,impaired righting response,kept,non-acoustic MP term from mixed procedure
Nos1ap,IMPC_ACS_003,Acoustic Startle and Pre-pulse Inhibition (PPI),decreased prepulse inhibition,removed,fully acoustic procedure
Gria1,IMPC_ACS_003,Acoustic Startle and Pre-pulse Inhibition (PPI),decreased prepulse inhibition,removed,fully acoustic procedure
Semg1,IMPC_CSD_003,Combined SHIRPA and Dysmorphology,abnormal vocalization,kept,non-acoustic MP term from mixed procedure
Gcgr,IMPC_ACS_003,Acoustic Startle and Pre-pulse Inhibition (PPI),increased startle reflex,removed,fully acoustic procedure
Acy1,JAXLA_CSD_003,Combined SHIRPA and Dysmorphology,abnormal coat/hair pigmentation,kept,non-acoustic MP term from mixed procedure
Mipol1,IMPC_ACS_003,Acoustic Startle and Pre-pulse Inhibition (PPI),decreased prepulse inhibition,removed,fully acoustic procedure
Tmem30b,IMPC_ABR_002,Auditory Brain Stem Response,abnormal auditory brainstem response,removed,fully acoustic procedure
Mrgprg,IMPC_CSD_001,Combined SHIRPA and Dysmorphology,abnormal vocalization,kept,non-acoustic MP term from mixed procedure
Dnah17,MGP_CSD_001,Combined SHIRPA and Dysmorphology,abnormal hair growth,kept,non-acoustic MP term from mixed procedure
Chn1,IMPC_CSD_001,Combined SHIRPA and Dysmorphology,decreased exploration in new environment,kept,non-acoustic MP term from mixed procedure
Ptdss1,IMPC_ACS_003,Acoustic Startle and Pre-pulse Inhibition (PPI),increased prepulse inhibition,removed,fully acoustic procedure
Kcne1,IMPC_CSD_003,Combined SHIRPA and Dysmorphology,abnormal behavior,kept,non-acoustic MP term from mixed procedure
Lman2l,IMPC_CSD_003,Combined SHIRPA and Dysmorphology,abnormal locomotor behavior,kept,non-acoustic MP term from mixed procedure
Oxsm,IMPC_ABR_002,Auditory Brain Stem Response,abnormal auditory brainstem response,removed,fully acoustic procedure
Ubn1,IMPC_ACS_003,Acoustic Startle and Pre-pulse Inhibition (PPI),increased startle reflex,removed,fully acoustic procedure
Pax4,IMPC_CSD_003,Combined SHIRPA and Dysmorphology,tremors,kept,non-acoustic MP term from mixed procedure
Srd5a3,IMPC_ABR_002,Auditory Brain Stem Response,abnormal auditory brainstem response,removed,fully acoustic procedure
Scamp2,JAXLA_CSD_003,Combined SHIRPA and Dysmorphology,abnormal startle reflex,removed,acoustic MP term from mixed procedure
Col9a2,IMPC_CSD_003,Combined SHIRPA and Dysmorphology,tremors,kept,non-acoustic MP term from mixed procedure
Tmtc4,IMPC_CSD_003,Combined SHIRPA and Dysmorphology,abnormal startle reflex,removed,acoustic MP term from mixed procedure
Dnase1l2,IMPC_CSD_002,Combined SHIRPA and Dysmorphology,abnormal digit morphology,kept,non-acoustic MP term from mixed procedure
Dph6,MGP_CSD_001,Combined SHIRPA and Dysmorphology,abnormal coat/hair pigmentation,kept,non-acoustic MP term from mixed procedure
Hsd17b4,IMPC_CSD_003,Combined SHIRPA and Dysmorphology,limb grasping,kept,non-acoustic MP term from mixed procedure
Myo10,MGP_CSD_001,Combined SHIRPA and Dysmorphology,abnormal coat/hair pigmentation,kept,non-acoustic MP term from mixed procedure
Shank1,UCDLA_CSD_003,Combined SHIRPA and Dysmorphology,abnormal gait,kept,non-acoustic MP term from mixed procedure
Fmnl3,BCM_CSD_001,Combined SHIRPA and Dysmorphology,abnormal skin coloration,kept,non-acoustic MP term from mixed procedure
Aars1,IMPC_CSD_003,Combined SHIRPA and Dysmorphology,abnormal head morphology,kept,non-acoustic MP term from mixed procedure
Ccdc166,IMPC_ABR_002,Auditory Brain Stem Response,abnormal auditory brainstem response,removed,fully acoustic procedure
Zfp13,ESLIM_011_001,Acoustic Startle&PPI,increased startle reflex,removed,fully acoustic procedure
Smarcd2,IMPC_ACS_003,Acoustic Startle and Pre-pulse Inhibition (PPI),decreased prepulse inhibition,removed,fully acoustic procedure
Eya1,IMPC_ACS_003,Acoustic Startle and Pre-pulse Inhibition (PPI),decreased prepulse inhibition,removed,fully acoustic procedure
Rhbdf2,ESLIM_008_001,Modified SHIRPA,trunk curl,kept,non-acoustic MP term from mixed procedure
Vps13b,IMPC_ACS_003,Acoustic Startle and Pre-pulse Inhibition (PPI),increased startle reflex,removed,fully acoustic procedure
Eps8l2,IMPC_ACS_003,Acoustic Startle and Pre-pulse Inhibition (PPI),decreased prepulse inhibition,removed,fully acoustic procedure
Pitx1,MGP_CSD_001,Combined SHIRPA and Dysmorphology,abnormal autopod morphology,kept,non-acoustic MP term from mixed procedure
Dnase1l2,IMPC_CSD_002,Combined SHIRPA and Dysmorphology,abnormal digit morphology,kept,non-acoustic MP term from mixed procedure
Phykpl,ESLIM_011_001,Acoustic Startle&PPI,decreased prepulse inhibition,removed,fully acoustic procedure
Gipr,BCMLA_CSD_003,Combined SHIRPA and Dysmorphology,increased aggression,kept,non-acoustic MP term from mixed procedure
Nanos2,IMPC_CSD_003,Combined SHIRPA and Dysmorphology,abnormal skin coloration,kept,non-acoustic MP term from mixed procedure
Far2,IMPC_CSD_001,Combined SHIRPA and Dysmorphology,abnormal coat appearance,kept,non-acoustic MP term from mixed procedure
Rimoc1,IMPC_CSD_003,Combined SHIRPA and Dysmorphology,increased exploration in new environment,kept,non-acoustic MP term from mixed procedure
Plb1,IMPC_CSD_003,Combined SHIRPA and Dysmorphology,abnormal locomotor behavior,kept,non-acoustic MP term from mixed procedure
Evc2,IMPC_CSD_003,Combined SHIRPA and Dysmorphology,absent teeth,kept,non-acoustic MP term from mixed procedure
Tmem185b,IMPC_ACS_003,Acoustic Startle and Pre-pulse Inhibition (PPI),increased startle reflex,removed,fully acoustic procedure
Plod2,JAXLA_CSD_003,Combined SHIRPA and Dysmorphology,impaired righting response,kept,non-acoustic MP term from mixed procedure
Ankrd11,IMPC_ABR_002,Auditory Brain Stem Response,abnormal auditory brainstem response,removed,fully acoustic procedure
Golga5,IMPC_ACS_003,Acoustic Startle and Pre-pulse Inhibition (PPI),increased startle reflex,removed,fully acoustic procedure
Hint1,ESLIM_008_001,Modified SHIRPA,tremors,kept,non-acoustic MP term from mixed procedure
Tmem51,IMPC_ABR_002,Auditory Brain Stem Response,abnormal auditory brainstem response,removed,fully acoustic procedure
Elovl6,IMPC_CSD_003,Combined SHIRPA and Dysmorphology,limb grasping,kept,non-acoustic MP term from mixed procedure
Dcaf15,IMPC_CSD_003,Combined SHIRPA and Dysmorphology,abnormal coat/hair pigmentation,kept,non-acoustic MP term from mixed procedure
Taok3,IMPC_CSD_001,Combined SHIRPA and Dysmorphology,abnormal coat/hair pigmentation,kept,non-acoustic MP term from mixed procedure
Mgrn1,IMPC_CSD_003,Combined SHIRPA and Dysmorphology,abnormal ear morphology,kept,non-acoustic MP term from mixed procedure
Ercc3,IMPC_ACS_003,Acoustic Startle and Pre-pulse Inhibition (PPI),decreased prepulse inhibition,removed,fully acoustic procedure
Rabl2,IMPC_ACS_003,Acoustic Startle and Pre-pulse Inhibition (PPI),increased startle reflex,removed,fully acoustic procedure
Fbn2,IMPC_CSD_003,Combined SHIRPA and Dysmorphology,abnormal skin morphology,kept,non-acoustic MP term from mixed procedure
Rtn4,IMPC_ACS_003,Acoustic Startle and Pre-pulse Inhibition (PPI),decreased prepulse inhibition,removed,fully acoustic procedure
Bms1,IMPC_CSD_002,Combined SHIRPA and Dysmorphology,abnormal coat/hair pigmentation,kept,non-acoustic MP term from mixed procedure
Pik3c3,ESLIM_008_001,Modified SHIRPA,abnormal tail movements,kept,non-acoustic MP term from mixed procedure
Sun1,IMPC_ACS_003,Acoustic Startle and Pre-pulse Inhibition (PPI),decreased prepulse inhibition,removed,fully acoustic procedure
Pkp4,IMPC_CSD_001,Combined SHIRPA and Dysmorphology,impaired righting response,kept,non-acoustic MP term from mixed procedure
Mgrn1,IMPC_ABR_002,Auditory Brain Stem Response,abnormal auditory brainstem response,removed,fully acoustic procedure
Mical2,IMPC_ACS_003,Acoustic Startle and Pre-pulse Inhibition (PPI),decreased prepulse inhibition,removed,fully acoustic procedure
Nr1h4,ESLIM_011_001,Acoustic Startle&PPI,increased startle reflex,removed,fully acoustic procedure
Mtarc2,ESLIM_011_001,Acoustic Startle&PPI,increased startle reflex,removed,fully acoustic procedure
Qsox1,KMPCLA_CSD_003,Combined SHIRPA and Dysmorphology,abnormal coat/hair pigmentation,kept,non-acoustic MP term from mixed procedure
Adcy1,HRWLLA_CSD_003,Combined SHIRPA and Dysmorphology,abnormal locomotor behavior,kept,non-acoustic MP term from mixed procedure
Mta1,ESLIM_008_001,Modified SHIRPA,trunk curl,kept,non-acoustic MP term from mixed procedure
St7,IMPC_CSD_001,Combined SHIRPA and Dysmorphology,abnormal coat/hair pigmentation,kept,non-acoustic MP term from mixed procedure
Usp38,IMPC_ACS_003,Acoustic Startle and Pre-pulse Inhibition (PPI),decreased prepulse inhibition,removed,fully acoustic procedure
Gramd1c,JAXLA_CSD_003,Combined SHIRPA and Dysmorphology,abnormal startle reflex,removed,acoustic MP term from mixed procedure
Fads3,MGP_CSD_001,Combined SHIRPA and Dysmorphology,absent pinna reflex,removed,acoustic MP term from mixed procedure
Mgrn1,IMPC_ABR_002,Auditory Brain Stem Response,abnormal auditory brainstem response,removed,fully acoustic procedure
Fam83h,IMPC_CSD_003,Combined SHIRPA and Dysmorphology,abnormal behavior,kept,non-acoustic MP term from mixed procedure
Cluh,IMPC_CSD_003,Combined SHIRPA and Dysmorphology,abnormal skin morphology,kept,non-acoustic MP term from mixed procedure
Parvb,ESLIM_011_001,Acoustic Startle&PPI,increased startle reflex,removed,fully acoustic procedure
Abca2,IMPC_CSD_001,Combined SHIRPA and Dysmorphology,abnormal coat/ hair morphology,kept,non-acoustic MP term from mixed procedure
Ephx1,ESLIM_011_001,Acoustic Startle&PPI,increased startle reflex,removed,fully acoustic procedure
Gtf2ird1,IMPC_ACS_003,Acoustic Startle and Pre-pulse Inhibition (PPI),decreased prepulse inhibition,removed,fully acoustic procedure
Ap4e1,IMPC_ACS_003,Acoustic Startle and Pre-pulse Inhibition (PPI),increased startle reflex,removed,fully acoustic procedure
1700025G04Rik,IMPC_CSD_003,Combined SHIRPA and Dysmorphology,abnormal vocalization,kept,non-acoustic MP term from mixed procedure
Epn3,IMPC_ABR_002,Auditory Brain Stem Response,abnormal auditory brainstem response,removed,fully acoustic procedure
Armt1,ESLIM_011_001,Acoustic Startle&PPI,increased startle reflex,removed,fully acoustic procedure
Nptn,IMPC_ACS_003,Acoustic Startle and Pre-pulse Inhibition (PPI),decreased prepulse inhibition,removed,fully acoustic procedure
Relch,IMPC_CSD_001,Combined SHIRPA and Dysmorphology,abnormal vocalization,kept,non-acoustic MP term from mixed procedure
Tg,IMPC_CSD_001,Combined SHIRPA and Dysmorphology,abnormal locomotor behavior,kept,non-acoustic MP term from mixed procedure
Pacs2,ESLIM_011_001,Acoustic Startle&PPI,increased startle reflex,removed,fully acoustic procedure
Grxcr1,IMPC_ABR_002,Auditory Brain Stem Response,abnormal auditory brainstem response,removed,fully acoustic procedure
Ankrd13a,ESLIM_008_001,Modified SHIRPA,hyperactivity,kept,non-acoustic MP term from mixed procedure
Ppp1r14a,IMPC_ABR_002,Auditory Brain Stem Response,abnormal auditory brainstem response,removed,fully acoustic procedure
Asic3,IMPC_ACS_003,Acoustic Startle and Pre-pulse Inhibition (PPI),decreased prepulse inhibition,removed,fully acoustic procedure
Atp6v0d1,IMPC_ACS_003,Acoustic Startle and Pre-pulse Inhibition (PPI),increased startle reflex,removed,fully acoustic procedure
Atp8b1,IMPC_ABR_002,Auditory Brain Stem Response,abnormal auditory brainstem response,removed,fully acoustic procedure
Abcc5,IMPC_ACS_003,Acoustic Startle and Pre-pulse Inhibition (PPI),increased startle reflex,removed,fully acoustic procedure
Klhdc2,IMPC_CSD_003,Combined SHIRPA and Dysmorphology,abnormal head morphology,kept,non-acoustic MP term from mixed procedure
Gpr33,IMPC_CSD_003,Combined SHIRPA and Dysmorphology,abnormal gait,kept,non-acoustic MP term from mixed procedure
Gnasas1,ESLIM_008_001,Modified SHIRPA,abnormal startle reflex,removed,acoustic MP term from mixed procedure
Rapgef2,IMPC_CSD_003,Combined SHIRPA and Dysmorphology,decreased exploration in new environment,kept,non-acoustic MP term from mixed procedure
Slc44a4,IMPC_ACS_003,Acoustic Startle and Pre-pulse Inhibition (PPI),decreased prepulse inhibition,removed,fully acoustic procedure
Npr2,IMPC_CSD_003,Combined SHIRPA and Dysmorphology,limb grasping,kept,non-acoustic MP term from mixed procedure
Fbxo11,ESLIM_011_001,Acoustic Startle&PPI,increased startle reflex,removed,fully acoustic procedure
Bltp2,IMPC_CSD_003,Combined SHIRPA and Dysmorphology,abnormal coat/hair pigmentation,kept,non-acoustic MP term from mixed procedure
Sis,IMPC_CSD_001,Combined SHIRPA and Dysmorphology,abnormal vocalization,kept,non-acoustic MP term from mixed procedure
Nptn,IMPC_ABR_001,Auditory Brain Stem Response,abnormal auditory brainstem response,removed,fully acoustic procedure
Tnks2,IMPC_ACS_003,Acoustic Startle and Pre-pulse Inhibition (PPI),increased startle reflex,removed,fully acoustic procedure
Slc39a10,IMPC_CSD_001,Combined SHIRPA and Dysmorphology,abnormal coat/ hair morphology,kept,non-acoustic MP term from mixed procedure
E2f3,IMPC_CSD_003,Combined SHIRPA and Dysmorphology,abnormal snout morphology,kept,non-acoustic MP term from mixed procedure
Pum2,IMPC_ACS_003,Acoustic Startle and Pre-pulse Inhibition (PPI),increased startle reflex,removed,fully acoustic procedure
Rsf1,IMPC_ACS_003,Acoustic Startle and Pre-pulse Inhibition (PPI),decreased prepulse inhibition,removed,fully acoustic procedure
Prodh,IMPC_CSD_003,Combined SHIRPA and Dysmorphology,abnormal vocalization,kept,non-acoustic MP term from mixed procedure
Ogfod3,IMPC_CSD_003,Combined SHIRPA and Dysmorphology,trunk curl,kept,non-acoustic MP term from mixed procedure
Gm4922,IMPC_ACS_003,Acoustic Startle and Pre-pulse Inhibition (PPI),decreased prepulse inhibition,removed,fully acoustic procedure
Poc5,IMPC_ACS_003,Acoustic Startle and Pre-pulse Inhibition (PPI),decreased prepulse inhibition,removed,fully acoustic procedure
Elmod1,ESLIM_011_001,Acoustic Startle&PPI,decreased prepulse inhibition,removed,fully acoustic procedure
Dennd2d,IMPC_ACS_003,Acoustic Startle and Pre-pulse Inhibition (PPI),decreased prepulse inhibition,removed,fully acoustic procedure
Nr1h4,ESLIM_011_001,Acoustic Startle&PPI,increased startle reflex,removed,fully acoustic procedure
Ggps1,IMPC_CSD_002,Combined SHIRPA and Dysmorphology,abnormal coat/ hair morphology,kept,non-acoustic MP term from mixed procedure
Tg,IMPC_CSD_001,Combined SHIRPA and Dysmorphology,abnormal coat/ hair morphology,kept,non-acoustic MP term from mixed procedure
Spink12,JAXLA_CSD_003,Combined SHIRPA and Dysmorphology,abnormal startle reflex,removed,acoustic MP term from mixed procedure
Maf,IMPC_ACS_003,Acoustic Startle and Pre-pulse Inhibition (PPI),decreased prepulse inhibition,removed,fully acoustic procedure
Dlgap1,IMPC_CSD_003,Combined SHIRPA and Dysmorphology,decreased exploration in new environment,kept,non-acoustic MP term from mixed procedure
Xylb,ESLIM_011_001,Acoustic Startle&PPI,increased startle reflex,removed,fully acoustic procedure
Espn,M-G-P_008_001,Modified SHIRPA,absent pinna reflex,removed,acoustic MP term from mixed procedure
Cfap57,IMPC_CSD_003,Combined SHIRPA and Dysmorphology,decreased exploration in new environment,kept,non-acoustic MP term from mixed procedure
Sirpa,IMPC_ACS_003,Acoustic Startle and Pre-pulse Inhibition (PPI),decreased prepulse inhibition,removed,fully acoustic procedure
Rab27a,IMPC_CSD_003,Combined SHIRPA and Dysmorphology,abnormal coat/hair pigmentation,kept,non-acoustic MP term from mixed procedure
Aak1,IMPC_ABR_002,Auditory Brain Stem Response,abnormal auditory brainstem response,removed,fully acoustic procedure
Ublcp1,IMPC_CSD_003,Combined SHIRPA and Dysmorphology,tremors,kept,non-acoustic MP term from mixed procedure
Rhbdf2,MGP_CSD_001,Combined SHIRPA and Dysmorphology,abnormal vibrissa morphology,kept,non-acoustic MP term from mixed procedure
Snx33,IMPC_CSD_001,Combined SHIRPA and Dysmorphology,abnormal coat/hair pigmentation,kept,non-acoustic MP term from mixed procedure
Rabl2,IMPC_CSD_003,Combined SHIRPA and Dysmorphology,abnormal nail morphology,kept,non-acoustic MP term from mixed procedure
Stbd1,IMPC_ACS_003,Acoustic Startle and Pre-pulse Inhibition (PPI),decreased prepulse inhibition,removed,fully acoustic procedure
Fkbp4,IMPC_CSD_003,Combined SHIRPA and Dysmorphology,abnormal male genitalia morphology,kept,non-acoustic MP term from mixed procedure
Myo6,IMPC_ACS_003,Acoustic Startle and Pre-pulse Inhibition (PPI),decreased startle reflex,removed,fully acoustic procedure
Rhbdf2,MGP_CSD_001,Combined SHIRPA and Dysmorphology,abnormal vibrissa morphology,kept,non-acoustic MP term from mixed procedure
Apof,IMPC_CSD_003,Combined SHIRPA and Dysmorphology,abnormal coat/ hair morphology,kept,non-acoustic MP term from mixed procedure
Osbpl8,IMPC_ABR_002,Auditory Brain Stem Response,abnormal auditory brainstem response,removed,fully acoustic procedure
Il2rb,IMPC_CSD_003,Combined SHIRPA and Dysmorphology,abnormal coat appearance,kept,non-acoustic MP term from mixed procedure
Zfp280c,IMPC_CSD_002,Combined SHIRPA and Dysmorphology,increased exploration in new environment,kept,non-acoustic MP term from mixed procedure
Grxcr1,IMPC_CSD_003,Combined SHIRPA and Dysmorphology,head bobbing,kept,non-acoustic MP term from mixed procedure
Tmtc4,IMPC_ACS_003,Acoustic Startle and Pre-pulse Inhibition (PPI),decreased prepulse inhibition,removed,fully acoustic procedure
Appbp2,IMPC_CSD_001,Combined SHIRPA and Dysmorphology,abnormal coat/hair pigmentation,kept,non-acoustic MP term from mixed procedure
Pstpip2,IMPC_CSD_003,Combined SHIRPA and Dysmorphology,abnormal tail morphology,kept,non-acoustic MP term from mixed procedure
Trpc3,ESLIM_011_001,Acoustic Startle&PPI,increased startle reflex,removed,fully acoustic procedure
Hunk,IMPC_ACS_003,Acoustic Startle and Pre-pulse Inhibition (PPI),decreased prepulse inhibition,removed,fully acoustic procedure
Hyal3,IMPC_CSD_001,Combined SHIRPA and Dysmorphology,abnormal coat appearance,kept,non-acoustic MP term from mixed procedure
Lepr,IMPC_CSD_003,Combined SHIRPA and Dysmorphology,tremors,kept,non-acoustic MP term from mixed procedure
Loricrin,IMPC_CSD_003,Combined SHIRPA and Dysmorphology,abnormal vibrissa morphology,kept,non-acoustic MP term from mixed procedure
Atp6v0b,IMPC_CSD_003,Combined SHIRPA and Dysmorphology,decreased exploration in new environment,kept,non-acoustic MP term from mixed procedure
Gigyf2,IMPC_CSD_003,Combined SHIRPA and Dysmorphology,decreased exploration in new environment,kept,non-acoustic MP term from mixed procedure
Klhdc7b,IMPC_ABR_002,Auditory Brain Stem Response,abnormal auditory brainstem response,removed,fully acoustic procedure
Rigi,IMPC_CSD_001,Combined SHIRPA and Dysmorphology,abnormal coat/hair pigmentation,kept,non-acoustic MP term from mixed procedure
Ror1,IMPC_ACS_003,Acoustic Startle and Pre-pulse Inhibition (PPI),increased prepulse inhibition,removed,fully acoustic procedure
Trabd2b,IMPC_CSD_003,Combined SHIRPA and Dysmorphology,abnormal head morphology,kept,non-acoustic MP term from mixed procedure
Pmel,IMPC_ACS_003,Acoustic Startle and Pre-pulse Inhibition (PPI),increased startle reflex,removed,fully acoustic procedure
Atp8b1,IMPC_ABR_002,Auditory Brain Stem Response,abnormal auditory brainstem response,removed,fully acoustic procedure
Idua,IMPC_ABR_002,Auditory Brain Stem Response,abnormal auditory brainstem response,removed,fully acoustic procedure
Myo6,IMPC_ABR_002,Auditory Brain Stem Response,abnormal auditory brainstem response,removed,fully acoustic procedure
4933402J07Rik,IMPC_CSD_003,Combined SHIRPA and Dysmorphology,abnormal locomotor behavior,kept,non-acoustic MP term from mixed procedure
Pitx1,MGP_CSD_001,Combined SHIRPA and Dysmorphology,fused phalanges,kept,non-acoustic MP term from mixed procedure
Pah,IMPC_CSD_003,Combined SHIRPA and Dysmorphology,abnormal coat/hair pigmentation,kept,non-acoustic MP term from mixed procedure
Rtraf,IMPC_CSD_003,Combined SHIRPA and Dysmorphology,tremors,kept,non-acoustic MP term from mixed procedure
Stim2,IMPC_ACS_003,Acoustic Startle and Pre-pulse Inhibition (PPI),increased startle reflex,removed,fully acoustic procedure
Sun1,IMPC_ABR_002,Auditory Brain Stem Response,abnormal auditory brainstem response,removed,fully acoustic procedure
Rabl2,IMPC_CSD_003,Combined SHIRPA and Dysmorphology,abnormal digit morphology,kept,non-acoustic MP term from mixed procedure
Clrn2,IMPC_ABR_002,Auditory Brain Stem Response,abnormal auditory brainstem response,removed,fully acoustic procedure
Rcc1l,ESLIM_011_001,Acoustic Startle&PPI,increased startle reflex,removed,fully acoustic procedure
Il2rb,IMPC_CSD_003,Combined SHIRPA and Dysmorphology,abnormal coat/ hair morphology,kept,non-acoustic MP term from mixed procedure
Cdyl2,IMPC_CSD_003,Combined SHIRPA and Dysmorphology,decreased exploration in new environment,kept,non-acoustic MP term from mixed procedure
Ankrd11,IMPC_ABR_002,Auditory Brain Stem Response,abnormal auditory brainstem response,removed,fully acoustic procedure
Tmem30b,IMPC_CSD_003,Combined SHIRPA and Dysmorphology,abnormal coat/hair pigmentation,kept,non-acoustic MP term from mixed procedure
Ercc8,IMPC_CSD_003,Combined SHIRPA and Dysmorphology,abnormal locomotor behavior,kept,non-acoustic MP term from mixed procedure
Il2rb,IMPC_CSD_003,Combined SHIRPA and Dysmorphology,abnormal coat appearance,kept,non-acoustic MP term from mixed procedure
Septin2,IMPC_ACS_003,Acoustic Startle and Pre-pulse Inhibition (PPI),decreased prepulse inhibition,removed,fully acoustic procedure
Bms1,IMPC_CSD_002,Combined SHIRPA and Dysmorphology,abnormal coat/hair pigmentation,kept,non-acoustic MP term from mixed procedure
Snx21,IMPC_CSD_003,Combined SHIRPA and Dysmorphology,abnormal coat appearance,kept,non-acoustic MP term from mixed procedure
Retreg3,IMPC_ACS_003,Acoustic Startle and Pre-pulse Inhibition (PPI),decreased prepulse inhibition,removed,fully acoustic procedure
Trim39,HRWLIP_CSD_003,Combined SHIRPA and Dysmorphology,abnormal vibrissa morphology,kept,non-acoustic MP term from mixed procedure
Elovl5,IMPC_CSD_003,Combined SHIRPA and Dysmorphology,decreased exploration in new environment,kept,non-acoustic MP term from mixed procedure
Otog,IMPC_ABR_002,Auditory Brain Stem Response,abnormal auditory brainstem response,removed,fully acoustic procedure
Mipol1,IMPC_ACS_003,Acoustic Startle and Pre-pulse Inhibition (PPI),decreased prepulse inhibition,removed,fully acoustic procedure
Polr2l,IMPC_CSD_003,Combined SHIRPA and Dysmorphology,absent vibrissae,kept,non-acoustic MP term from mixed procedure
Ppfibp1,IMPC_CSD_003,Combined SHIRPA and Dysmorphology,abnormal coat/hair pigmentation,kept,non-acoustic MP term from mixed procedure
Clk2,IMPC_ACS_003,Acoustic Startle and Pre-pulse Inhibition (PPI),decreased prepulse inhibition,removed,fully acoustic procedure
Gnas,ESLIM_011_001,Acoustic Startle&PPI,increased startle reflex,removed,fully acoustic procedure
Naaladl2,IMPC_ACS_003,Acoustic Startle and Pre-pulse Inhibition (PPI),increased startle reflex,removed,fully acoustic procedure
Fbn2,IMPC_CSD_003,Combined SHIRPA and Dysmorphology,abnormal tail morphology,kept,non-acoustic MP term from mixed procedure
P3h2,IMPC_CSD_003,Combined SHIRPA and Dysmorphology,abnormal snout morphology,kept,non-acoustic MP term from mixed procedure
Rergl,IMPC_CSD_001,Combined SHIRPA and Dysmorphology,absent vibrissae,kept,non-acoustic MP term from mixed procedure
Tmprss2,IMPC_ABR_002,Auditory Brain Stem Response,abnormal auditory brainstem response,removed,fully acoustic procedure
Ctsa,IMPC_ACS_003,Acoustic Startle and Pre-pulse Inhibition (PPI),decreased prepulse inhibition,removed,fully acoustic procedure
Hipk2,IMPC_CSD_003,Combined SHIRPA and Dysmorphology,abnormal snout morphology,kept,non-acoustic MP term from mixed procedure
Atp6ap1l,IMPC_CSD_002,Combined SHIRPA and Dysmorphology,abnormal tooth morphology,kept,non-acoustic MP term from mixed procedure
Klc2,IMPC_ABR_001,Auditory Brain Stem Response,abnormal auditory brainstem response,removed,fully acoustic procedure
Spred3,IMPC_ACS_003,Acoustic Startle and Pre-pulse Inhibition (PPI),decreased prepulse inhibition,removed,fully acoustic procedure
Ccnt1,IMPC_ACS_003,Acoustic Startle and Pre-pulse Inhibition (PPI),increased startle reflex,removed,fully acoustic procedure
Aldh3a2,ESLIM_011_001,Acoustic Startle&PPI,increased startle reflex,removed,fully acoustic procedure
Fbxo11,ESLIM_011_001,Acoustic Startle&PPI,increased startle reflex,removed,fully acoustic procedure
Mbd5,IMPC_CSD_003,Combined SHIRPA and Dysmorphology,abnormal lip morphology,kept,non-acoustic MP term from mixed procedure
Fads3,IMPC_ABR_001,Auditory Brain Stem Response,abnormal auditory brainstem response,removed,fully acoustic procedure
Nptn,IMPC_ACS_003,Acoustic Startle and Pre-pulse Inhibition (PPI),decreased prepulse inhibition,removed,fully acoustic procedure
Colec12,IMPC_ACS_003,Acoustic Startle and Pre-pulse Inhibition (PPI),decreased prepulse inhibition,removed,fully acoustic procedure
Smarcd3,IMPC_CSD_003,Combined SHIRPA and Dysmorphology,absent vibrissae,kept,non-acoustic MP term from mixed procedure
Rhbdf2,MGP_CSD_001,Combined SHIRPA and Dysmorphology,abnormal coat appearance,kept,non-acoustic MP term from mixed procedure
Enpp1,IMPC_CSD_003,Combined SHIRPA and Dysmorphology,abnormal skin coloration,kept,non-acoustic MP term from mixed procedure
Kcne1,IMPC_ABR_002,Auditory Brain Stem Response,abnormal auditory brainstem response,removed,fully acoustic procedure
Bbox1,IMPC_ACS_003,Acoustic Startle and Pre-pulse Inhibition (PPI),decreased prepulse inhibition,removed,fully acoustic procedure
Myo1b,IMPC_CSD_003,Combined SHIRPA and Dysmorphology,abnormal coat appearance,kept,non-acoustic MP term from mixed procedure
Ckap4,IMPC_CSD_003,Combined SHIRPA and Dysmorphology,trunk curl,kept,non-acoustic MP term from mixed procedure
Armt1,ESLIM_011_001,Acoustic Startle&PPI,increased startle reflex,removed,fully acoustic procedure
Col9a2,IMPC_ABR_002,Auditory Brain Stem Response,abnormal auditory brainstem response,removed,fully acoustic procedure
Hps5,IMPC_CSD_001,Combined SHIRPA and Dysmorphology,abnormal coat/hair pigmentation,kept,non-acoustic MP term from mixed procedure
Shank2,RBRCLA_CSD_003,Combined SHIRPA and Dysmorphology,abnormal locomotor behavior,kept,non-acoustic MP term from mixed procedure
Ttbk1,IMPC_CSD_003,Combined SHIRPA and Dysmorphology,tremors,kept,non-acoustic MP term from mixed procedure
Pjvk,IMPC_ABR_002,Auditory Brain Stem Response,abnormal auditory brainstem response,removed,fully acoustic procedure
Nog,IMPC_CSD_003,Combined SHIRPA and Dysmorphology,abnormal snout morphology,kept,non-acoustic MP term from mixed procedure
Nacc1,IMPC_CSD_002,Combined SHIRPA and Dysmorphology,absent vibrissae,kept,non-acoustic MP term from mixed procedure
Fhip1b,TCPIP_CSD_003,Combined SHIRPA and Dysmorphology,decreased exploration in new environment,kept,non-acoustic MP term from mixed procedure
Tmprss6,IMPC_ACS_003,Acoustic Startle and Pre-pulse Inhibition (PPI),decreased prepulse inhibition,removed,fully acoustic procedure
Iqsec3,IMPC_ACS_003,Acoustic Startle and Pre-pulse Inhibition (PPI),decreased prepulse inhibition,removed,fully acoustic procedure
Agbl1,JAXLA_CSD_003,Combined SHIRPA and Dysmorphology,absent vibrissae,kept,non-acoustic MP term from mixed procedure
Ube3c,IMPC_ACS_003,Acoustic Startle and Pre-pulse Inhibition (PPI),decreased prepulse inhibition,removed,fully acoustic procedure
Brms1l,IMPC_CSD_001,Combined SHIRPA and Dysmorphology,increased aggression,kept,non-acoustic MP term from mixed procedure
Sox14,IMPC_CSD_003,Combined SHIRPA and Dysmorphology,limb grasping,kept,non-acoustic MP term from mixed procedure
Sox14,IMPC_CSD_003,Combined SHIRPA and Dysmorphology,abnormal snout morphology,kept,non-acoustic MP term from mixed procedure
Fam91a1,IMPC_CSD_003,Combined SHIRPA and Dysmorphology,abnormal hindlimb morphology,kept,non-acoustic MP term from mixed procedure
Fads3,IMPC_ABR_001,Auditory Brain Stem Response,abnormal auditory brainstem response,removed,fully acoustic procedure
Lancl2,IMPC_CSD_003,Combined SHIRPA and Dysmorphology,abnormal coat/hair pigmentation,kept,non-acoustic MP term from mixed procedure
Cystm1,IMPC_CSD_002,Combined SHIRPA and Dysmorphology,abnormal coat/hair pigmentation,kept,non-acoustic MP term from mixed procedure
Fam91a1,IMPC_CSD_003,Combined SHIRPA and Dysmorphology,abnormal hindlimb morphology,kept,non-acoustic MP term from mixed procedure
Col6a3,KMPCLA_ACS_003,Acoustic Startle and Pre-pulse Inhibition (PPI),decreased prepulse inhibition,removed,fully acoustic procedure
Lepr,IMPC_CSD_003,Combined SHIRPA and Dysmorphology,tremors,kept,non-acoustic MP term from mixed procedure
Hnrnpab,IMPC_ACS_003,Acoustic Startle and Pre-pulse Inhibition (PPI),decreased prepulse inhibition,removed,fully acoustic procedure
Cluh,IMPC_CSD_003,Combined SHIRPA and Dysmorphology,abnormal coat appearance,kept,non-acoustic MP term from mixed procedure
Palmd,IMPC_CSD_001,Combined SHIRPA and Dysmorphology,abnormal vocalization,kept,non-acoustic MP term from mixed procedure
Gsto1,JAXLA_CSD_003,Combined SHIRPA and Dysmorphology,abnormal locomotor behavior,kept,non-acoustic MP term from mixed procedure
Herc3,ESLIM_008_001,Modified SHIRPA,abnormal response to new environment,kept,non-acoustic MP term from mixed procedure
Minar2,IMPC_ABR_001,Auditory Brain Stem Response,abnormal auditory brainstem response,removed,fully acoustic procedure
Bach2,IMPC_ACS_003,Acoustic Startle and Pre-pulse Inhibition (PPI),decreased prepulse inhibition,removed,fully acoustic procedure
Riiad1,IMPC_CSD_003,Combined SHIRPA and Dysmorphology,limb grasping,kept,non-acoustic MP term from mixed procedure
Spred3,IMPC_ACS_003,Acoustic Startle and Pre-pulse Inhibition (PPI),decreased prepulse inhibition,removed,fully acoustic procedure
Msi2,IMPC_CSD_003,Combined SHIRPA and Dysmorphology,decreased exploration in new environment,kept,non-acoustic MP term from mixed procedure
Tpm1,ESLIM_011_001,Acoustic Startle&PPI,increased startle reflex,removed,fully acoustic procedure
Stmn3,IMPC_CSD_003,Combined SHIRPA and Dysmorphology,abnormal coat/hair pigmentation,kept,non-acoustic MP term from mixed procedure
Dnase1l2,IMPC_CSD_003,Combined SHIRPA and Dysmorphology,abnormal digit morphology,kept,non-acoustic MP term from mixed procedure
Dnase1l2,IMPC_CSD_003,Combined SHIRPA and Dysmorphology,abnormal digit morphology,kept,non-acoustic MP term from mixed procedure
Ddx39a,IMPC_CSD_003,Combined SHIRPA and Dysmorphology,abnormal skin coloration,kept,non-acoustic MP term from mixed procedure
Ppfia1,IMPC_CSD_001,Combined SHIRPA and Dysmorphology,abnormal vocalization,kept,non-acoustic MP term from mixed procedure
Ap4e1,IMPC_CSD_002,Combined SHIRPA and Dysmorphology,increased exploration in new environment,kept,non-acoustic MP term from mixed procedure
Zfp719,IMPC_ABR_001,Auditory Brain Stem Response,abnormal auditory brainstem response,removed,fully acoustic procedure
Acad11,IMPC_ABR_002,Auditory Brain Stem Response,abnormal auditory brainstem response,removed,fully acoustic procedure
Ush1c,MGP_CSD_001,Combined SHIRPA and Dysmorphology,trunk curl,kept,non-acoustic MP term from mixed procedure
Babam2,ESLIM_008_001,Modified SHIRPA,abnormal gait,kept,non-acoustic MP term from mixed procedure
Arl8b,IMPC_ACS_003,Acoustic Startle and Pre-pulse Inhibition (PPI),decreased prepulse inhibition,removed,fully acoustic procedure
Phf3,IMPC_CSD_002,Combined SHIRPA and Dysmorphology,abnormal startle reflex,removed,acoustic MP term from mixed procedure
Xylb,ESLIM_011_001,Acoustic Startle&PPI,decreased prepulse inhibition,removed,fully acoustic procedure
Disc1,IMPC_ACS_003,Acoustic Startle and Pre-pulse Inhibition (PPI),increased prepulse inhibition,removed,fully acoustic procedure
Pde1a,IMPC_CSD_003,Combined SHIRPA and Dysmorphology,abnormal gait,kept,non-acoustic MP term from mixed procedure
Ap4e1,IMPC_ACS_003,Acoustic Startle and Pre-pulse Inhibition (PPI),increased startle reflex,removed,fully acoustic procedure
Tmem175,KMPCLA_CSD_003,Combined SHIRPA and Dysmorphology,abnormal coat/hair pigmentation,kept,non-acoustic MP term from mixed procedure
Abcb4,ESLIM_011_001,Acoustic Startle&PPI,increased startle reflex,removed,fully acoustic procedure
Dlat,IMPC_ACS_003,Acoustic Startle and Pre-pulse Inhibition (PPI),decreased prepulse inhibition,removed,fully acoustic procedure
Grm7,IMPC_CSD_003,Combined SHIRPA and Dysmorphology,impaired righting response,kept,non-acoustic MP term from mixed procedure
Ccdc78,IMPC_CSD_003,Combined SHIRPA and Dysmorphology,abnormal vocalization,kept,non-acoustic MP term from mixed procedure
Dnase1l2,IMPC_CSD_002,Combined SHIRPA and Dysmorphology,abnormal digit morphology,kept,non-acoustic MP term from mixed procedure
Ccdc117,IMPC_ACS_003,Acoustic Startle and Pre-pulse Inhibition (PPI),increased startle reflex,removed,fully acoustic procedure
Hif1an,IMPC_ACS_003,Acoustic Startle and Pre-pulse Inhibition (PPI),increased startle reflex,removed,fully acoustic procedure
Tubb4b,IMPC_CSD_001,Combined SHIRPA and Dysmorphology,abnormal coat appearance,kept,non-acoustic MP term from mixed procedure
Rbfox3,ESLIM_008_001,Modified SHIRPA,abnormal tail movements,kept,non-acoustic MP term from mixed procedure
Klc2,IMPC_ABR_001,Auditory Brain Stem Response,abnormal auditory brainstem response,removed,fully acoustic procedure
Scamp2,IMPC_ABR_002,Auditory Brain Stem Response,abnormal auditory brainstem response,removed,fully acoustic procedure
Fgf20,IMPC_ACS_003,Acoustic Startle and Pre-pulse Inhibition (PPI),decreased prepulse inhibition,removed,fully acoustic procedure
Usp53,IMPC_ABR_002,Auditory Brain Stem Response,abnormal auditory brainstem response,removed,fully acoustic procedure
Fbn2,IMPC_CSD_003,Combined SHIRPA and Dysmorphology,abnormal nail morphology,kept,non-acoustic MP term from mixed procedure
Ccdc88c,IMPC_ABR_002,Auditory Brain Stem Response,abnormal auditory brainstem response,removed,fully acoustic procedure
Fnta,IMPC_CSD_003,Combined SHIRPA and Dysmorphology,abnormal coat/hair pigmentation,kept,non-acoustic MP term from mixed procedure
Fgf7,IMPC_CSD_003,Combined SHIRPA and Dysmorphology,abnormal tail length,kept,non-acoustic MP term from mixed procedure
Acy1,JAXLA_CSD_003,Combined SHIRPA and Dysmorphology,abnormal coat/ hair morphology,kept,non-acoustic MP term from mixed procedure
Gbx1,IMPC_CSD_003,Combined SHIRPA and Dysmorphology,abnormal gait,kept,non-acoustic MP term from mixed procedure
Aldh3a2,ESLIM_011_001,Acoustic Startle&PPI,increased startle reflex,removed,fully acoustic procedure
Scn4b,MGP_CSD_001,Combined SHIRPA and Dysmorphology,tremors,kept,non-acoustic MP term from mixed procedure
Cs,IMPC_ABR_002,Auditory Brain Stem Response,abnormal auditory brainstem response,removed,fully acoustic procedure
Hmox2,IMPC_CSD_003,Combined SHIRPA and Dysmorphology,abnormal gait,kept,non-acoustic MP term from mixed procedure
Marveld2,IMPC_ACS_003,Acoustic Startle and Pre-pulse Inhibition (PPI),decreased prepulse inhibition,removed,fully acoustic procedure
Septin2,IMPC_ACS_003,Acoustic Startle and Pre-pulse Inhibition (PPI),decreased prepulse inhibition,removed,fully acoustic procedure
Tedc2,IMPC_CSD_001,Combined SHIRPA and Dysmorphology,abnormal coat/hair pigmentation,kept,non-acoustic MP term from mixed procedure
Ephx1,ESLIM_011_001,Acoustic Startle&PPI,increased startle reflex,removed,fully acoustic procedure
Dct,IMPC_CSD_003,Combined SHIRPA and Dysmorphology,abnormal coat/hair pigmentation,kept,non-acoustic MP term from mixed procedure
Klhdc7b,IMPC_CSD_003,Combined SHIRPA and Dysmorphology,abnormal startle reflex,removed,acoustic MP term from mixed procedure
Klhl5,IMPC_CSD_003,Combined SHIRPA and Dysmorphology,abnormal coat/hair pigmentation,kept,non-acoustic MP term from mixed procedure
Srsf11,IMPC_ACS_003,Acoustic Startle and Pre-pulse Inhibition (PPI),decreased prepulse inhibition,removed,fully acoustic procedure
Kcng3,IMPC_CSD_003,Combined SHIRPA and Dysmorphology,abnormal coat/hair pigmentation,kept,non-acoustic MP term from mixed procedure
Dhx58,IMPC_ACS_003,Acoustic Startle and Pre-pulse Inhibition (PPI),decreased prepulse inhibition,removed,fully acoustic procedure
Kcnk2,IMPC_CSD_003,Combined SHIRPA and Dysmorphology,abnormal locomotor behavior,kept,non-acoustic MP term from mixed procedure
Mxra8,IMPC_CSD_003,Combined SHIRPA and Dysmorphology,abnormal coat/hair pigmentation,kept,non-acoustic MP term from mixed procedure
Cib2,IMPC_ABR_002,Auditory Brain Stem Response,abnormal auditory brainstem response,removed,fully acoustic procedure
Cars2,IMPC_CSD_003,Combined SHIRPA and Dysmorphology,limb grasping,kept,non-acoustic MP term from mixed procedure
Hip1,IMPC_CSD_002,Combined SHIRPA and Dysmorphology,abnormal gait,kept,non-acoustic MP term from mixed procedure
Spink12,JAXLA_CSD_003,Combined SHIRPA and Dysmorphology,abnormal coat/hair pigmentation,kept,non-acoustic MP term from mixed procedure
Kpna4,IMPC_ABR_002,Auditory Brain Stem Response,abnormal auditory brainstem response,removed,fully acoustic procedure
Kcnj16,ESLIM_008_001,Modified SHIRPA,abnormal response to tactile stimuli,kept,non-acoustic MP term from mixed procedure
Cops4,ESLIM_011_001,Acoustic Startle&PPI,increased startle reflex,removed,fully acoustic procedure
Iqsec3,IMPC_ACS_003,Acoustic Startle and Pre-pulse Inhibition (PPI),decreased prepulse inhibition,removed,fully acoustic procedure
Rab27a,IMPC_CSD_003,Combined SHIRPA and Dysmorphology,abnormal coat/hair pigmentation,kept,non-acoustic MP term from mixed procedure
Tmem145,IMPC_ABR_002,Auditory Brain Stem Response,abnormal auditory brainstem response,removed,fully acoustic procedure
Wdr38,IMPC_ACS_003,Acoustic Startle and Pre-pulse Inhibition (PPI),increased startle reflex,removed,fully acoustic procedure
Gal3st1,IMPC_ACS_003,Acoustic Startle and Pre-pulse Inhibition (PPI),decreased prepulse inhibition,removed,fully acoustic procedure
Tasor2,IMPC_CSD_001,Combined SHIRPA and Dysmorphology,abnormal vocalization,kept,non-acoustic MP term from mixed procedure
Tox,IMPC_ABR_002,Auditory Brain Stem Response,abnormal auditory brainstem response,removed,fully acoustic procedure
Vwa5a,JAXLA_CSD_003,Combined SHIRPA and Dysmorphology,abnormal vibrissa morphology,kept,non-acoustic MP term from mixed procedure
Slc29a1,IMPC_ACS_003,Acoustic Startle and Pre-pulse Inhibition (PPI),decreased prepulse inhibition,removed,fully acoustic procedure
Tbc1d22b,IMPC_ACS_003,Acoustic Startle and Pre-pulse Inhibition (PPI),decreased prepulse inhibition,removed,fully acoustic procedure
Pacsin2,IMPC_ABR_002,Auditory Brain Stem Response,abnormal auditory brainstem response,removed,fully acoustic procedure
Clrn2,IMPC_ABR_002,Auditory Brain Stem Response,abnormal auditory brainstem response,removed,fully acoustic procedure
Hpf1,MGP_CSD_001,Combined SHIRPA and Dysmorphology,abnormal autopod morphology,kept,non-acoustic MP term from mixed procedure
Zer1,IMPC_CSD_001,Combined SHIRPA and Dysmorphology,abnormal vocalization,kept,non-acoustic MP term from mixed procedure
Nptn,IMPC_CSD_003,Combined SHIRPA and Dysmorphology,abnormal gait,kept,non-acoustic MP term from mixed procedure
Grxcr1,IMPC_ABR_002,Auditory Brain Stem Response,abnormal auditory brainstem response,removed,fully acoustic procedure
Ints3,IMPC_CSD_001,Combined SHIRPA and Dysmorphology,abnormal vocalization,kept,non-acoustic MP term from mixed procedure
Fam83h,IMPC_CSD_003,Combined SHIRPA and Dysmorphology,abnormal coat appearance,kept,non-acoustic MP term from mixed procedure
Rab11fip3,IMPC_ABR_002,Auditory Brain Stem Response,abnormal auditory brainstem response,removed,fully acoustic procedure
Rprd1b,ESLIM_011_001,Acoustic Startle&PPI,increased startle reflex,removed,fully acoustic procedure
Klhdc7b,IMPC_CSD_003,Combined SHIRPA and Dysmorphology,abnormal ear morphology,kept,non-acoustic MP term from mixed procedure
Zfp422,JAXLA_CSD_003,Combined SHIRPA and Dysmorphology,abnormal startle reflex,removed,acoustic MP term from mixed procedure
Hunk,IMPC_ACS_003,Acoustic Startle and Pre-pulse Inhibition (PPI),decreased prepulse inhibition,removed,fully acoustic procedure
Cap2,ESLIM_008_001,Modified SHIRPA,abnormal locomotor activation,kept,non-acoustic MP term from mixed procedure
Dnase1l2,IMPC_CSD_003,Combined SHIRPA and Dysmorphology,abnormal digit morphology,kept,non-acoustic MP term from mixed procedure
Camkv,IMPC_CSD_003,Combined SHIRPA and Dysmorphology,decreased exploration in new environment,kept,non-acoustic MP term from mixed procedure
Eprs1,IMPC_ACS_003,Acoustic Startle and Pre-pulse Inhibition (PPI),decreased prepulse inhibition,removed,fully acoustic procedure
Ubiad1,JAXLA_CSD_003,Combined SHIRPA and Dysmorphology,abnormal coat/hair pigmentation,kept,non-acoustic MP term from mixed procedure
Iqce,IMPC_CSD_003,Combined SHIRPA and Dysmorphology,abnormal locomotor behavior,kept,non-acoustic MP term from mixed procedure
Ankrd11,ESLIM_008_001,Modified SHIRPA,abnormal response to new environment,kept,non-acoustic MP term from mixed procedure
Pacsin2,IMPC_ACS_003,Acoustic Startle and Pre-pulse Inhibition (PPI),increased startle reflex,removed,fully acoustic procedure
Nptn,IMPC_ACS_003,Acoustic Startle and Pre-pulse Inhibition (PPI),decreased prepulse inhibition,removed,fully acoustic procedure
Bin2,MGP_CSD_001,Combined SHIRPA and Dysmorphology,absent pinna reflex,removed,acoustic MP term from mixed procedure
Alg1,IMPC_CSD_002,Combined SHIRPA and Dysmorphology,abnormal coat/hair pigmentation,kept,non-acoustic MP term from mixed procedure
Lrrc2,IMPC_ACS_003,Acoustic Startle and Pre-pulse Inhibition (PPI),decreased prepulse inhibition,removed,fully acoustic procedure
Zfp280d,IMPC_ACS_003,Acoustic Startle and Pre-pulse Inhibition (PPI),decreased prepulse inhibition,removed,fully acoustic procedure
Pkn2,IMPC_ACS_003,Acoustic Startle and Pre-pulse Inhibition (PPI),increased startle reflex,removed,fully acoustic procedure
Naa10,UCDLA_CSD_003,Combined SHIRPA and Dysmorphology,abnormal coat/hair pigmentation,kept,non-acoustic MP term from mixed procedure
Zmat4,IMPC_ABR_002,Auditory Brain Stem Response,abnormal auditory brainstem response,removed,fully acoustic procedure
Lcorl,IMPC_CSD_003,Combined SHIRPA and Dysmorphology,increased aggression,kept,non-acoustic MP term from mixed procedure
Duox2,IMPC_ACS_003,Acoustic Startle and Pre-pulse Inhibition (PPI),decreased prepulse inhibition,removed,fully acoustic procedure
Atp8b1,IMPC_ACS_003,Acoustic Startle and Pre-pulse Inhibition (PPI),decreased prepulse inhibition,removed,fully acoustic procedure
Naxe,IMPC_ACS_003,Acoustic Startle and Pre-pulse Inhibition (PPI),decreased startle reflex,removed,fully acoustic procedure
Tmem30b,IMPC_CSD_003,Combined SHIRPA and Dysmorphology,abnormal coat/hair pigmentation,kept,non-acoustic MP term from mixed procedure
1700008O03Rik,MGP_CSD_001,Combined SHIRPA and Dysmorphology,abnormal hair growth,kept,non-acoustic MP term from mixed procedure
Npepps,IMPC_CSD_002,Combined SHIRPA and Dysmorphology,absent teeth,kept,non-acoustic MP term from mixed procedure
Elmod1,IMPC_ABR_001,Auditory Brain Stem Response,abnormal auditory brainstem response,removed,fully acoustic procedure
Adra2a,IMPC_ACS_003,Acoustic Startle and Pre-pulse Inhibition (PPI),decreased startle reflex,removed,fully acoustic procedure
Rnf10,IMPC_ABR_002,Auditory Brain Stem Response,abnormal auditory brainstem response,removed,fully acoustic procedure
Fam83h,IMPC_CSD_003,Combined SHIRPA and Dysmorphology,abnormal coat appearance,kept,non-acoustic MP term from mixed procedure
Ngfr,IMPC_CSD_003,Combined SHIRPA and Dysmorphology,abnormal gait,kept,non-acoustic MP term from mixed procedure
Dbnl,IMPC_ABR_002,Auditory Brain Stem Response,abnormal auditory brainstem response,removed,fully acoustic procedure
Kyat3,IMPC_ACS_003,Acoustic Startle and Pre-pulse Inhibition (PPI),decreased prepulse inhibition,removed,fully acoustic procedure
Btbd16,IMPC_CSD_003,Combined SHIRPA and Dysmorphology,abnormal skin coloration,kept,non-acoustic MP term from mixed procedure
Myh1,IMPC_ABR_002,Auditory Brain Stem Response,abnormal auditory brainstem response,removed,fully acoustic procedure
Ddx59,IMPC_CSD_001,Combined SHIRPA and Dysmorphology,abnormal coat/hair pigmentation,kept,non-acoustic MP term from mixed procedure
Fbxo22,IMPC_CSD_002,Combined SHIRPA and Dysmorphology,abnormal tail morphology,kept,non-acoustic MP term from mixed procedure
Ngfr,IMPC_CSD_003,Combined SHIRPA and Dysmorphology,limb grasping,kept,non-acoustic MP term from mixed procedure
Gsto1,JAXLA_CSD_003,Combined SHIRPA and Dysmorphology,abnormal coat appearance,kept,non-acoustic MP term from mixed procedure
Ascl4,IMPC_CSD_003,Combined SHIRPA and Dysmorphology,absent vibrissae,kept,non-acoustic MP term from mixed procedure
Ang,IMPC_ACS_003,Acoustic Startle and Pre-pulse Inhibition (PPI),increased startle reflex,removed,fully acoustic procedure
Ky,IMPC_CSD_003,Combined SHIRPA and Dysmorphology,decreased exploration in new environment,kept,non-acoustic MP term from mixed procedure
Cdkn2aip,IMPC_ACS_003,Acoustic Startle and Pre-pulse Inhibition (PPI),increased startle reflex,removed,fully acoustic procedure
Fgf7,IMPC_CSD_003,Combined SHIRPA and Dysmorphology,abnormal startle reflex,removed,acoustic MP term from mixed procedure
Dact2,IMPC_CSD_003,Combined SHIRPA and Dysmorphology,abnormal skin morphology,kept,non-acoustic MP term from mixed procedure
Klc2,IMPC_ABR_001,Auditory Brain Stem Response,abnormal auditory brainstem response,removed,fully acoustic procedure
Otogl,IMPC_ABR_002,Auditory Brain Stem Response,abnormal auditory brainstem response,removed,fully acoustic procedure
Lepr,IMPC_CSD_003,Combined SHIRPA and Dysmorphology,abnormal gait,kept,non-acoustic MP term from mixed procedure
Prag1,IMPC_ACS_003,Acoustic Startle and Pre-pulse Inhibition (PPI),decreased prepulse inhibition,removed,fully acoustic procedure
Tmtc4,IMPC_ACS_003,Acoustic Startle and Pre-pulse Inhibition (PPI),decreased prepulse inhibition,removed,fully acoustic procedure
Ntf5,IMPC_CSD_003,Combined SHIRPA and Dysmorphology,tremors,kept,non-acoustic MP term from mixed procedure
Twist1,IMPC_CSD_003,Combined SHIRPA and Dysmorphology,abnormal nail morphology,kept,non-acoustic MP term from mixed procedure
Sbk1,IMPC_CSD_003,Combined SHIRPA and Dysmorphology,abnormal skin coloration,kept,non-acoustic MP term from mixed procedure
Mier1,ESLIM_008_001,Modified SHIRPA,abnormal vocalization,kept,non-acoustic MP term from mixed procedure
Mecom,ESLIM_011_001,Acoustic Startle&PPI,increased startle reflex,removed,fully acoustic procedure
Celsr1,ESLIM_008_001,Modified SHIRPA,abnormal startle reflex,removed,acoustic MP term from mixed procedure
Emilin3,IMPC_ACS_003,Acoustic Startle and Pre-pulse Inhibition (PPI),decreased prepulse inhibition,removed,fully acoustic procedure
Cacna2d1,IMPC_ACS_003,Acoustic Startle and Pre-pulse Inhibition (PPI),decreased startle reflex,removed,fully acoustic procedure
Acer1,MGP_CSD_001,Combined SHIRPA and Dysmorphology,abnormal hair growth,kept,non-acoustic MP term from mixed procedure
Afap1l2,IMPC_CSD_003,Combined SHIRPA and Dysmorphology,abnormal coat/ hair morphology,kept,non-acoustic MP term from mixed procedure
Duoxa2,MGP_CSD_001,Combined SHIRPA and Dysmorphology,abnormal hair growth,kept,non-acoustic MP term from mixed procedure
Zmat4,IMPC_ABR_002,Auditory Brain Stem Response,abnormal auditory brainstem response,removed,fully acoustic procedure
Ovol1,IMPC_CSD_001,Combined SHIRPA and Dysmorphology,abnormal vibrissa morphology,kept,non-acoustic MP term from mixed procedure
Ptbp2,IMPC_CSD_002,Combined SHIRPA and Dysmorphology,abnormal vibrissa morphology,kept,non-acoustic MP term from mixed procedure
Fezf2,IMPC_ACS_003,Acoustic Startle and Pre-pulse Inhibition (PPI),decreased prepulse inhibition,removed,fully acoustic procedure
Setd3,IMPC_ACS_003,Acoustic Startle and Pre-pulse Inhibition (PPI),decreased prepulse inhibition,removed,fully acoustic procedure
Saxo4,IMPC_CSD_003,Combined SHIRPA and Dysmorphology,abnormal coat/hair pigmentation,kept,non-acoustic MP term from mixed procedure
Ap4e1,IMPC_ACS_003,Acoustic Startle and Pre-pulse Inhibition (PPI),increased startle reflex,removed,fully acoustic procedure
Fgf7,IMPC_CSD_003,Combined SHIRPA and Dysmorphology,impaired righting response,kept,non-acoustic MP term from mixed procedure
Sbf1,IMPC_ACS_003,Acoustic Startle and Pre-pulse Inhibition (PPI),decreased prepulse inhibition,removed,fully acoustic procedure
Minar2,MGP_CSD_001,Combined SHIRPA and Dysmorphology,absent pinna reflex,removed,acoustic MP term from mixed procedure
Ankle1,IMPC_CSD_002,Combined SHIRPA and Dysmorphology,abnormal coat/hair pigmentation,kept,non-acoustic MP term from mixed procedure
Yeats2,JAXLA_CSD_003,Combined SHIRPA and Dysmorphology,abnormal coat/hair pigmentation,kept,non-acoustic MP term from mixed procedure
Arap1,IMPC_CSD_003,Combined SHIRPA and Dysmorphology,abnormal vocalization,kept,non-acoustic MP term from mixed procedure
Susd1,HRWLLA_CSD_003,Combined SHIRPA and Dysmorphology,abnormal skin coloration,kept,non-acoustic MP term from mixed procedure
Ocm,MGP_CSD_001,Combined SHIRPA and Dysmorphology,absent pinna reflex,removed,acoustic MP term from mixed procedure
Cabp2,IMPC_ABR_002,Auditory Brain Stem Response,abnormal auditory brainstem response,removed,fully acoustic procedure
Nek1,IMPC_ACS_003,Acoustic Startle and Pre-pulse Inhibition (PPI),decreased prepulse inhibition,removed,fully acoustic procedure
Slc5a5,IMPC_ACS_003,Acoustic Startle and Pre-pulse Inhibition (PPI),decreased prepulse inhibition,removed,fully acoustic procedure
Rrbp1,IMPC_ABR_002,Auditory Brain Stem Response,abnormal auditory brainstem response,removed,fully acoustic procedure
Mpv17l2,IMPC_CSD_003,Combined SHIRPA and Dysmorphology,abnormal coat/hair pigmentation,kept,non-acoustic MP term from mixed procedure
Mllt6,IMPC_ACS_003,Acoustic Startle and Pre-pulse Inhibition (PPI),decreased prepulse inhibition,removed,fully acoustic procedure
Lcorl,IMPC_CSD_003,Combined SHIRPA and Dysmorphology,increased exploration in new environment,kept,non-acoustic MP term from mixed procedure
Dpp9,IMPC_CSD_003,Combined SHIRPA and Dysmorphology,abnormal behavior,kept,non-acoustic MP term from mixed procedure
Cldn13,JAXLA_CSD_003,Combined SHIRPA and Dysmorphology,abnormal coat/hair pigmentation,kept,non-acoustic MP term from mixed procedure
Mtarc2,ESLIM_011_001,Acoustic Startle&PPI,increased startle reflex,removed,fully acoustic procedure
Slc17a8,IMPC_ACS_003,Acoustic Startle and Pre-pulse Inhibition (PPI),decreased prepulse inhibition,removed,fully acoustic procedure
Xrcc5,IMPC_CSD_003,Combined SHIRPA and Dysmorphology,abnormal head size,kept,non-acoustic MP term from mixed procedure
Slc17a8,IMPC_ABR_002,Auditory Brain Stem Response,abnormal auditory brainstem response,removed,fully acoustic procedure
Snx33,IMPC_CSD_001,Combined SHIRPA and Dysmorphology,abnormal vocalization,kept,non-acoustic MP term from mixed procedure
Fhip2a,IMPC_CSD_003,Combined SHIRPA and Dysmorphology,abnormal locomotor behavior,kept,non-acoustic MP term from mixed procedure
Lepr,IMPC_CSD_003,Combined SHIRPA and Dysmorphology,abnormal locomotor behavior,kept,non-acoustic MP term from mixed procedure
Srbd1,JAXLA_CSD_003,Combined SHIRPA and Dysmorphology,impaired righting response,kept,non-acoustic MP term from mixed procedure
Toe1,IMPC_CSD_003,Combined SHIRPA and Dysmorphology,limb grasping,kept,non-acoustic MP term from mixed procedure
Scrib,IMPC_CSD_003,Combined SHIRPA and Dysmorphology,abnormal gait,kept,non-acoustic MP term from mixed procedure
Rnf34,IMPC_CSD_003,Combined SHIRPA and Dysmorphology,abnormal skin coloration,kept,non-acoustic MP term from mixed procedure
Hbs1l,MGP_CSD_001,Combined SHIRPA and Dysmorphology,abnormal snout morphology,kept,non-acoustic MP term from mixed procedure
Zfp39,IMPC_CSD_003,Combined SHIRPA and Dysmorphology,abnormal locomotor behavior,kept,non-acoustic MP term from mixed procedure
Slc44a1,IMPC_CSD_003,Combined SHIRPA and Dysmorphology,abnormal coat appearance,kept,non-acoustic MP term from mixed procedure
Myo10,MGP_CSD_001,Combined SHIRPA and Dysmorphology,fused phalanges,kept,non-acoustic MP term from mixed procedure
Xylb,ESLIM_008_001,Modified SHIRPA,abnormal response to tactile stimuli,kept,non-acoustic MP term from mixed procedure
Samm50,IMPC_CSD_002,Combined SHIRPA and Dysmorphology,abnormal tooth morphology,kept,non-acoustic MP term from mixed procedure
Gpr89,IMPC_ABR_002,Auditory Brain Stem Response,abnormal auditory brainstem response,removed,fully acoustic procedure
Mpdz,IMPC_ABR_002,Auditory Brain Stem Response,abnormal auditory brainstem response,removed,fully acoustic procedure
Cep85l,IMPC_CSD_003,Combined SHIRPA and Dysmorphology,abnormal startle reflex,removed,acoustic MP term from mixed procedure
Lbr,IMPC_CSD_003,Combined SHIRPA and Dysmorphology,abnormal coat/ hair morphology,kept,non-acoustic MP term from mixed procedure
Elmod1,IMPC_CSD_003,Combined SHIRPA and Dysmorphology,tremors,kept,non-acoustic MP term from mixed procedure
Mboat2,IMPC_ACS_003,Acoustic Startle and Pre-pulse Inhibition (PPI),decreased prepulse inhibition,removed,fully acoustic procedure
Arl6ip1,IMPC_CSD_003,Combined SHIRPA and Dysmorphology,limb grasping,kept,non-acoustic MP term from mixed procedure
Mir100,IMPC_CSD_003,Combined SHIRPA and Dysmorphology,abnormal coat/hair pigmentation,kept,non-acoustic MP term from mixed procedure
Muc5b,IMPC_ACS_003,Acoustic Startle and Pre-pulse Inhibition (PPI),decreased prepulse inhibition,removed,fully acoustic procedure
Cep85l,IMPC_ABR_002,Auditory Brain Stem Response,abnormal auditory brainstem response,removed,fully acoustic procedure
Mapk15,IMPC_CSD_003,Combined SHIRPA and Dysmorphology,limb grasping,kept,non-acoustic MP term from mixed procedure
Cidec,IMPC_ABR_002,Auditory Brain Stem Response,abnormal auditory brainstem response,removed,fully acoustic procedure
Duox2,IMPC_ACS_003,Acoustic Startle and Pre-pulse Inhibition (PPI),decreased prepulse inhibition,removed,fully acoustic procedure
Tmem79,IMPC_CSD_001,Combined SHIRPA and Dysmorphology,abnormal coat appearance,kept,non-acoustic MP term from mixed procedure
Clcn1,IMPC_CSD_003,Combined SHIRPA and Dysmorphology,abnormal gait,kept,non-acoustic MP term from mixed procedure
Ndufs7,IMPC_CSD_003,Combined SHIRPA and Dysmorphology,abnormal digit morphology,kept,non-acoustic MP term from mixed procedure
Hip1r,IMPC_ACS_003,Acoustic Startle and Pre-pulse Inhibition (PPI),decreased prepulse inhibition,removed,fully acoustic procedure
Mir100,IMPC_CSD_003,Combined SHIRPA and Dysmorphology,abnormal coat/hair pigmentation,kept,non-acoustic MP term from mixed procedure
Camk2b,IMPC_ACS_003,Acoustic Startle and Pre-pulse Inhibition (PPI),decreased prepulse inhibition,removed,fully acoustic procedure
Rnf34,IMPC_CSD_003,Combined SHIRPA and Dysmorphology,abnormal skin coloration,kept,non-acoustic MP term from mixed procedure
Gbx1,IMPC_CSD_003,Combined SHIRPA and Dysmorphology,decreased exploration in new environment,kept,non-acoustic MP term from mixed procedure
Ctc1,IMPC_ACS_003,Acoustic Startle and Pre-pulse Inhibition (PPI),decreased prepulse inhibition,removed,fully acoustic procedure
Zc3h13,IMPC_CSD_001,Combined SHIRPA and Dysmorphology,abnormal vocalization,kept,non-acoustic MP term from mixed procedure
Septin8,ESLIM_011_001,Acoustic Startle&PPI,increased startle reflex,removed,fully acoustic procedure
Nebl,MGP_CSD_001,Combined SHIRPA and Dysmorphology,abnormal reproductive system morphology,kept,non-acoustic MP term from mixed procedure
Bnip2,MGP_CSD_001,Combined SHIRPA and Dysmorphology,abnormal incisor color,kept,non-acoustic MP term from mixed procedure
Il6st,IMPC_ACS_003,Acoustic Startle and Pre-pulse Inhibition (PPI),increased startle reflex,removed,fully acoustic procedure
Ints3,IMPC_CSD_001,Combined SHIRPA and Dysmorphology,increased aggression,kept,non-acoustic MP term from mixed procedure
Rabgap1,HMGULA_SHI_001,SHIRPA,abnormal gait,kept,non-acoustic MP term from mixed procedure
Vopp1,JAXLA_CSD_003,Combined SHIRPA and Dysmorphology,abnormal startle reflex,removed,acoustic MP term from mixed procedure
Nhs,IMPC_ACS_003,Acoustic Startle and Pre-pulse Inhibition (PPI),increased startle reflex,removed,fully acoustic procedure
Kif2c,IMPC_CSD_003,Combined SHIRPA and Dysmorphology,abnormal skin coloration,kept,non-acoustic MP term from mixed procedure
Vat1l,ESLIM_011_001,Acoustic Startle&PPI,increased startle reflex,removed,fully acoustic procedure
Tmem255b,ESLIM_008_001,Modified SHIRPA,tremors,kept,non-acoustic MP term from mixed procedure
Arhgap31,IMPC_ACS_003,Acoustic Startle and Pre-pulse Inhibition (PPI),decreased prepulse inhibition,removed,fully acoustic procedure
Cast,IMPC_CSD_001,Combined SHIRPA and Dysmorphology,abnormal gait,kept,non-acoustic MP term from mixed procedure
Marveld2,IMPC_ACS_003,Acoustic Startle and Pre-pulse Inhibition (PPI),decreased prepulse inhibition,removed,fully acoustic procedure
Adra2a,IMPC_ACS_003,Acoustic Startle and Pre-pulse Inhibition (PPI),decreased prepulse inhibition,removed,fully acoustic procedure
Gpt2,ESLIM_008_001,Modified SHIRPA,abnormal tail movements,kept,non-acoustic MP term from mixed procedure
Pfas,IMPC_CSD_003,Combined SHIRPA and Dysmorphology,abnormal nail morphology,kept,non-acoustic MP term from mixed procedure
Cad,IMPC_ACS_003,Acoustic Startle and Pre-pulse Inhibition (PPI),decreased prepulse inhibition,removed,fully acoustic procedure
Immp2l,IMPC_ACS_003,Acoustic Startle and Pre-pulse Inhibition (PPI),decreased prepulse inhibition,removed,fully acoustic procedure
Wnt10a,IMPC_CSD_003,Combined SHIRPA and Dysmorphology,abnormal coat/ hair morphology,kept,non-acoustic MP term from mixed procedure
Ptpn20,IMPC_CSD_003,Combined SHIRPA and Dysmorphology,limb grasping,kept,non-acoustic MP term from mixed procedure
Gtpbp4,IMPC_CSD_003,Combined SHIRPA and Dysmorphology,abnormal coat/hair pigmentation,kept,non-acoustic MP term from mixed procedure
Gpr34,IMPC_CSD_003,Combined SHIRPA and Dysmorphology,absent vibrissae,kept,non-acoustic MP term from mixed procedure
Ppp1r12b,IMPC_CSD_001,Combined SHIRPA and Dysmorphology,absent vibrissae,kept,non-acoustic MP term from mixed procedure
Nudcd1,IMPC_ABR_002,Auditory Brain Stem Response,abnormal auditory brainstem response,removed,fully acoustic procedure
Pcp4l1,IMPC_ABR_002,Auditory Brain Stem Response,abnormal auditory brainstem response,removed,fully acoustic procedure
Nedd4l,IMPC_ABR_002,Auditory Brain Stem Response,abnormal auditory brainstem response,removed,fully acoustic procedure
Rab27a,IMPC_CSD_003,Combined SHIRPA and Dysmorphology,abnormal coat/hair pigmentation,kept,non-acoustic MP term from mixed procedure
Cyb561,IMPC_CSD_003,Combined SHIRPA and Dysmorphology,abnormal head size,kept,non-acoustic MP term from mixed procedure
Rbpms2,JAXLA_CSD_003,Combined SHIRPA and Dysmorphology,abnormal nail morphology,kept,non-acoustic MP term from mixed procedure
Clrn2,IMPC_CSD_001,Combined SHIRPA and Dysmorphology,abnormal startle reflex,removed,acoustic MP term from mixed procedure
Gde1,IMPC_CSD_002,Combined SHIRPA and Dysmorphology,abnormal behavior,kept,non-acoustic MP term from mixed procedure
Rasa1,IMPC_CSD_003,Combined SHIRPA and Dysmorphology,abnormal behavior,kept,non-acoustic MP term from mixed procedure
Ppp1r12b,IMPC_CSD_001,Combined SHIRPA and Dysmorphology,abnormal coat/ hair morphology,kept,non-acoustic MP term from mixed procedure
Shank2,RBRCLA_CSD_003,Combined SHIRPA and Dysmorphology,abnormal locomotor behavior,kept,non-acoustic MP term from mixed procedure
Lbr,IMPC_ACS_003,Acoustic Startle and Pre-pulse Inhibition (PPI),decreased prepulse inhibition,removed,fully acoustic procedure
Rab11fip3,IMPC_ABR_002,Auditory Brain Stem Response,abnormal auditory brainstem response,removed,fully acoustic procedure
Heatr4,IMPC_CSD_003,Combined SHIRPA and Dysmorphology,abnormal coat/hair pigmentation,kept,non-acoustic MP term from mixed procedure
Dele1,IMPC_CSD_003,Combined SHIRPA and Dysmorphology,abnormal vibrissa morphology,kept,non-acoustic MP term from mixed procedure
Ddx39a,IMPC_CSD_003,Combined SHIRPA and Dysmorphology,abnormal coat appearance,kept,non-acoustic MP term from mixed procedure
Pptc7,IMPC_CSD_003,Combined SHIRPA and Dysmorphology,abnormal coat appearance,kept,non-acoustic MP term from mixed procedure
Cyba,MGP_CSD_001,Combined SHIRPA and Dysmorphology,stereotypic behavior,kept,non-acoustic MP term from mixed procedure
Esyt1,IMPC_CSD_002,Combined SHIRPA and Dysmorphology,abnormal tooth morphology,kept,non-acoustic MP term from mixed procedure
Cxcl17,IMPC_CSD_003,Combined SHIRPA and Dysmorphology,abnormal coat/hair pigmentation,kept,non-acoustic MP term from mixed procedure
Abhd17c,UCDLA_CSD_003,Combined SHIRPA and Dysmorphology,decreased exploration in new environment,kept,non-acoustic MP term from mixed procedure
Kcne1,IMPC_CSD_003,Combined SHIRPA and Dysmorphology,abnormal behavior,kept,non-acoustic MP term from mixed procedure
Mboat1,IMPC_ACS_003,Acoustic Startle and Pre-pulse Inhibition (PPI),decreased prepulse inhibition,removed,fully acoustic procedure
Atp1a3,IMPC_CSD_003,Combined SHIRPA and Dysmorphology,increased exploration in new environment,kept,non-acoustic MP term from mixed procedure
Ankib1,IMPC_CSD_003,Combined SHIRPA and Dysmorphology,limb grasping,kept,non-acoustic MP term from mixed procedure
Hps5,IMPC_CSD_003,Combined SHIRPA and Dysmorphology,abnormal coat/hair pigmentation,kept,non-acoustic MP term from mixed procedure
Avp,IMPC_CSD_003,Combined SHIRPA and Dysmorphology,impaired righting response,kept,non-acoustic MP term from mixed procedure
Rnf10,IMPC_ACS_003,Acoustic Startle and Pre-pulse Inhibition (PPI),decreased prepulse inhibition,removed,fully acoustic procedure
Atp9a,IMPC_CSD_002,Combined SHIRPA and Dysmorphology,increased exploration in new environment,kept,non-acoustic MP term from mixed procedure
Ftl1,IMPC_CSD_003,Combined SHIRPA and Dysmorphology,abnormal gait,kept,non-acoustic MP term from mixed procedure
Rab11fip3,IMPC_ABR_002,Auditory Brain Stem Response,abnormal auditory brainstem response,removed,fully acoustic procedure
Tmem94,ESLIM_008_001,Modified SHIRPA,abnormal tail movements,kept,non-acoustic MP term from mixed procedure
P4ha2,IMPC_ACS_003,Acoustic Startle and Pre-pulse Inhibition (PPI),decreased prepulse inhibition,removed,fully acoustic procedure
Wars1,HMGULA_SHI_001,SHIRPA,impaired righting response,kept,non-acoustic MP term from mixed procedure
Hsp90aa1,MGP_CSD_001,Combined SHIRPA and Dysmorphology,abnormal snout morphology,kept,non-acoustic MP term from mixed procedure
Hpca,IMPC_CSD_003,Combined SHIRPA and Dysmorphology,abnormal locomotor behavior,kept,non-acoustic MP term from mixed procedure
Crtc1,ESLIM_011_001,Acoustic Startle&PPI,decreased prepulse inhibition,removed,fully acoustic procedure
Cacnb4,ESLIM_011_001,Acoustic Startle&PPI,increased startle reflex,removed,fully acoustic procedure
Clk2,IMPC_ACS_003,Acoustic Startle and Pre-pulse Inhibition (PPI),increased startle reflex,removed,fully acoustic procedure
Faf1,IMPC_CSD_003,Combined SHIRPA and Dysmorphology,abnormal gait,kept,non-acoustic MP term from mixed procedure
Sun1,IMPC_ACS_003,Acoustic Startle and Pre-pulse Inhibition (PPI),decreased prepulse inhibition,removed,fully acoustic procedure
Pdik1l,UCDLA_CSD_003,Combined SHIRPA and Dysmorphology,abnormal coat/ hair morphology,kept,non-acoustic MP term from mixed procedure
Ap4e1,IMPC_CSD_003,Combined SHIRPA and Dysmorphology,abnormal coat appearance,kept,non-acoustic MP term from mixed procedure
Csnk1g3,IMPC_ABR_001,Auditory Brain Stem Response,abnormal auditory brainstem response,removed,fully acoustic procedure
Irgc,IMPC_ACS_003,Acoustic Startle and Pre-pulse Inhibition (PPI),decreased prepulse inhibition,removed,fully acoustic procedure
Eps8l2,IMPC_ACS_003,Acoustic Startle and Pre-pulse Inhibition (PPI),decreased prepulse inhibition,removed,fully acoustic procedure
Hjv,IMPC_ACS_003,Acoustic Startle and Pre-pulse Inhibition (PPI),increased prepulse inhibition,removed,fully acoustic procedure
Zfp91,IMPC_ACS_003,Acoustic Startle and Pre-pulse Inhibition (PPI),increased startle reflex,removed,fully acoustic procedure
Zbed5,MGP_CSD_001,Combined SHIRPA and Dysmorphology,abnormal vibrissa morphology,kept,non-acoustic MP term from mixed procedure
Dnase1l2,JAXLA_CSD_003,Combined SHIRPA and Dysmorphology,abnormal coat/ hair morphology,kept,non-acoustic MP term from mixed procedure
Hif1an,IMPC_CSD_003,Combined SHIRPA and Dysmorphology,abnormal coat/hair pigmentation,kept,non-acoustic MP term from mixed procedure
Vnn1,ESLIM_008_001,Modified SHIRPA,abnormal locomotor activation,kept,non-acoustic MP term from mixed procedure
Mfsd8,IMPC_CSD_003,Combined SHIRPA and Dysmorphology,abnormal coat/hair pigmentation,kept,non-acoustic MP term from mixed procedure
Plcb4,IMPC_ABR_002,Auditory Brain Stem Response,abnormal auditory brainstem response,removed,fully acoustic procedure
Nedd1,IMPC_CSD_003,Combined SHIRPA and Dysmorphology,abnormal coat/ hair morphology,kept,non-acoustic MP term from mixed procedure
Slc4a1ap,IMPC_CSD_001,Combined SHIRPA and Dysmorphology,decreased exploration in new environment,kept,non-acoustic MP term from mixed procedure
Igsf11,JAXLA_CSD_003,Combined SHIRPA and Dysmorphology,limb grasping,kept,non-acoustic MP term from mixed procedure
Aff3,MGP_CSD_001,Combined SHIRPA and Dysmorphology,abnormal incisor morphology,kept,non-acoustic MP term from mixed procedure
D5Ertd579e,IMPC_CSD_001,Combined SHIRPA and Dysmorphology,abnormal coat/hair pigmentation,kept,non-acoustic MP term from mixed procedure
Bmpr1b,IMPC_CSD_003,Combined SHIRPA and Dysmorphology,abnormal autopod morphology,kept,non-acoustic MP term from mixed procedure
Crybg1,IMPC_ACS_003,Acoustic Startle and Pre-pulse Inhibition (PPI),decreased prepulse inhibition,removed,fully acoustic procedure
Zmym2,IMPC_ACS_003,Acoustic Startle and Pre-pulse Inhibition (PPI),decreased prepulse inhibition,removed,fully acoustic procedure
Spata31d1c,IMPC_CSD_003,Combined SHIRPA and Dysmorphology,abnormal skin coloration,kept,non-acoustic MP term from mixed procedure
Gria1,IMPC_CSD_003,Combined SHIRPA and Dysmorphology,abnormal locomotor behavior,kept,non-acoustic MP term from mixed procedure
Tmod2,IMPC_CSD_001,Combined SHIRPA and Dysmorphology,increased exploration in new environment,kept,non-acoustic MP term from mixed procedure
Wdr81,JAXLA_CSD_003,Combined SHIRPA and Dysmorphology,abnormal vocalization,kept,non-acoustic MP term from mixed procedure
Med10,IMPC_ABR_002,Auditory Brain Stem Response,abnormal auditory brainstem response,removed,fully acoustic procedure
Sesn1,IMPC_CSD_001,Combined SHIRPA and Dysmorphology,increased aggression,kept,non-acoustic MP term from mixed procedure
Grxcr1,IMPC_ABR_002,Auditory Brain Stem Response,abnormal auditory brainstem response,removed,fully acoustic procedure
Nacc2,MGP_CSD_001,Combined SHIRPA and Dysmorphology,abnormal coat appearance,kept,non-acoustic MP term from mixed procedure
Krt71,IMPC_CSD_003,Combined SHIRPA and Dysmorphology,abnormal coat appearance,kept,non-acoustic MP term from mixed procedure
Fgf22,IMPC_CSD_003,Combined SHIRPA and Dysmorphology,abnormal gait,kept,non-acoustic MP term from mixed procedure
Grid1,IMPC_ACS_003,Acoustic Startle and Pre-pulse Inhibition (PPI),increased prepulse inhibition,removed,fully acoustic procedure
Sorl1,ICSLA_ACS_003,Acoustic Startle and Pre-pulse Inhibition (PPI),decreased prepulse inhibition,removed,fully acoustic procedure
Arhgap31,IMPC_ACS_003,Acoustic Startle and Pre-pulse Inhibition (PPI),decreased prepulse inhibition,removed,fully acoustic procedure
Nrsn1,IMPC_ACS_003,Acoustic Startle and Pre-pulse Inhibition (PPI),decreased prepulse inhibition,removed,fully acoustic procedure
Lpgat1,JAXLA_CSD_003,Combined SHIRPA and Dysmorphology,impaired righting response,kept,non-acoustic MP term from mixed procedure
Nab2,IMPC_CSD_003,Combined SHIRPA and Dysmorphology,abnormal behavior,kept,non-acoustic MP term from mixed procedure
Pou2af3,IMPC_ACS_003,Acoustic Startle and Pre-pulse Inhibition (PPI),decreased prepulse inhibition,removed,fully acoustic procedure
Elmod1,ESLIM_008_001,Modified SHIRPA,trunk curl,kept,non-acoustic MP term from mixed procedure
Cdkal1,IMPC_CSD_002,Combined SHIRPA and Dysmorphology,increased exploration in new environment,kept,non-acoustic MP term from mixed procedure
Kcne1,IMPC_ABR_002,Auditory Brain Stem Response,abnormal auditory brainstem response,removed,fully acoustic procedure
Samd11,IMPC_CSD_001,Combined SHIRPA and Dysmorphology,abnormal vocalization,kept,non-acoustic MP term from mixed procedure
Irag2,MGP_CSD_001,Combined SHIRPA and Dysmorphology,abnormal coat appearance,kept,non-acoustic MP term from mixed procedure
Elovl4,IMPC_CSD_003,Combined SHIRPA and Dysmorphology,decreased exploration in new environment,kept,non-acoustic MP term from mixed procedure
Rnf168,IMPC_CSD_003,Combined SHIRPA and Dysmorphology,abnormal snout morphology,kept,non-acoustic MP term from mixed procedure
Aspa,IMPC_CSD_002,Combined SHIRPA and Dysmorphology,limb grasping,kept,non-acoustic MP term from mixed procedure
Mov10,IMPC_ACS_003,Acoustic Startle and Pre-pulse Inhibition (PPI),decreased prepulse inhibition,removed,fully acoustic procedure
Rhbdf2,MGP_CSD_001,Combined SHIRPA and Dysmorphology,abnormal coat appearance,kept,non-acoustic MP term from mixed procedure
Naa10,IMPC_CSD_003,Combined SHIRPA and Dysmorphology,abnormal coat/hair pigmentation,kept,non-acoustic MP term from mixed procedure
Slc24a5,IMPC_ACS_003,Acoustic Startle and Pre-pulse Inhibition (PPI),decreased prepulse inhibition,removed,fully acoustic procedure
Rab39b,IMPC_ABR_002,Auditory Brain Stem Response,abnormal auditory brainstem response,removed,fully acoustic procedure
Kif13a,IMPC_ABR_002,Auditory Brain Stem Response,abnormal auditory brainstem response,removed,fully acoustic procedure
Slc7a11,IMPC_ABR_002,Auditory Brain Stem Response,abnormal auditory brainstem response,removed,fully acoustic procedure
Ube2b,IMPC_CSD_003,Combined SHIRPA and Dysmorphology,abnormal gait,kept,non-acoustic MP term from mixed procedure
Evc2,IMPC_ACS_003,Acoustic Startle and Pre-pulse Inhibition (PPI),decreased prepulse inhibition,removed,fully acoustic procedure
Evc2,IMPC_ACS_003,Acoustic Startle and Pre-pulse Inhibition (PPI),decreased prepulse inhibition,removed,fully acoustic procedure
Usp19,MGP_CSD_001,Combined SHIRPA and Dysmorphology,abnormal coat appearance,kept,non-acoustic MP term from mixed procedure
Dbnl,IMPC_ACS_003,Acoustic Startle and Pre-pulse Inhibition (PPI),increased startle reflex,removed,fully acoustic procedure
Epg5,IMPC_ACS_003,Acoustic Startle and Pre-pulse Inhibition (PPI),decreased prepulse inhibition,removed,fully acoustic procedure
Arvcf,MGP_CSD_001,Combined SHIRPA and Dysmorphology,abnormal gait,kept,non-acoustic MP term from mixed procedure
Dynll2,IMPC_ACS_003,Acoustic Startle and Pre-pulse Inhibition (PPI),decreased startle reflex,removed,fully acoustic procedure
Wtap,ESLIM_011_001,Acoustic Startle&PPI,increased startle reflex,removed,fully acoustic procedure
Bicd1,IMPC_ABR_002,Auditory Brain Stem Response,abnormal auditory brainstem response,removed,fully acoustic procedure
Tmc4,IMPC_CSD_003,Combined SHIRPA and Dysmorphology,abnormal coat/hair pigmentation,kept,non-acoustic MP term from mixed procedure
Col9a2,IMPC_ABR_002,Auditory Brain Stem Response,abnormal auditory brainstem response,removed,fully acoustic procedure
Polr1c,JAXLA_CSD_003,Combined SHIRPA and Dysmorphology,impaired righting response,kept,non-acoustic MP term from mixed procedure
Arid1b,IMPC_ACS_003,Acoustic Startle and Pre-pulse Inhibition (PPI),decreased prepulse inhibition,removed,fully acoustic procedure
Dtx1,HRWLLA_CSD_003,Combined SHIRPA and Dysmorphology,decreased exploration in new environment,kept,non-acoustic MP term from mixed procedure
Ercc3,IMPC_ACS_003,Acoustic Startle and Pre-pulse Inhibition (PPI),decreased prepulse inhibition,removed,fully acoustic procedure
Il10ra,IMPC_ACS_003,Acoustic Startle and Pre-pulse Inhibition (PPI),decreased startle reflex,removed,fully acoustic procedure
Ctsa,IMPC_ACS_003,Acoustic Startle and Pre-pulse Inhibition (PPI),decreased startle reflex,removed,fully acoustic procedure
Abtb1,IMPC_CSD_003,Combined SHIRPA and Dysmorphology,abnormal skin morphology,kept,non-acoustic MP term from mixed procedure
Trim39,HRWLIP_CSD_003,Combined SHIRPA and Dysmorphology,abnormal gait,kept,non-acoustic MP term from mixed procedure
Gipc3,IMPC_ACS_003,Acoustic Startle and Pre-pulse Inhibition (PPI),decreased prepulse inhibition,removed,fully acoustic procedure
Pjvk,IMPC_ABR_002,Auditory Brain Stem Response,abnormal auditory brainstem response,removed,fully acoustic procedure
Clrn2,IMPC_ABR_002,Auditory Brain Stem Response,abnormal auditory brainstem response,removed,fully acoustic procedure
Chd7,M-G-P_008_001,Modified SHIRPA,abnormal locomotor activation,kept,non-acoustic MP term from mixed procedure
Gipc3,IMPC_ABR_002,Auditory Brain Stem Response,abnormal auditory brainstem response,removed,fully acoustic procedure
Klhl32,IMPC_CSD_003,Combined SHIRPA and Dysmorphology,abnormal coat/hair pigmentation,kept,non-acoustic MP term from mixed procedure
Kcng1,IMPC_ACS_003,Acoustic Startle and Pre-pulse Inhibition (PPI),decreased prepulse inhibition,removed,fully acoustic procedure
Pgm1,IMPC_CSD_001,Combined SHIRPA and Dysmorphology,abnormal coat/ hair morphology,kept,non-acoustic MP term from mixed procedure
Tmprss6,IMPC_CSD_003,Combined SHIRPA and Dysmorphology,abnormal coat appearance,kept,non-acoustic MP term from mixed procedure
Acad8,IMPC_CSD_003,Combined SHIRPA and Dysmorphology,decreased exploration in new environment,kept,non-acoustic MP term from mixed procedure
Il2rb,IMPC_CSD_003,Combined SHIRPA and Dysmorphology,abnormal coat appearance,kept,non-acoustic MP term from mixed procedure
Smarcc2,IMPC_ABR_002,Auditory Brain Stem Response,abnormal auditory brainstem response,removed,fully acoustic procedure
Plac8,IMPC_CSD_002,Combined SHIRPA and Dysmorphology,abnormal coat appearance,kept,non-acoustic MP term from mixed procedure
B3galt1,IMPC_CSD_002,Combined SHIRPA and Dysmorphology,abnormal locomotor behavior,kept,non-acoustic MP term from mixed procedure
Itsn2,IMPC_CSD_003,Combined SHIRPA and Dysmorphology,abnormal coat/ hair morphology,kept,non-acoustic MP term from mixed procedure
Nctc1,MGP_CSD_001,Combined SHIRPA and Dysmorphology,abnormal coat appearance,kept,non-acoustic MP term from mixed procedure
Atp8b1,IMPC_ABR_002,Auditory Brain Stem Response,abnormal auditory brainstem response,removed,fully acoustic procedure
Tmprss6,IMPC_CSD_003,Combined SHIRPA and Dysmorphology,abnormal coat/hair pigmentation,kept,non-acoustic MP term from mixed procedure
Kansl1,IMPC_CSD_003,Combined SHIRPA and Dysmorphology,abnormal coat/hair pigmentation,kept,non-acoustic MP term from mixed procedure
Kcne1,IMPC_ACS_003,Acoustic Startle and Pre-pulse Inhibition (PPI),decreased prepulse inhibition,removed,fully acoustic procedure
Cep128,IMPC_ACS_003,Acoustic Startle and Pre-pulse Inhibition (PPI),decreased prepulse inhibition,removed,fully acoustic procedure
Clk1,ESLIM_011_001,Acoustic Startle&PPI,increased startle reflex,removed,fully acoustic procedure
Ap4e1,IMPC_ACS_003,Acoustic Startle and Pre-pulse Inhibition (PPI),increased startle reflex,removed,fully acoustic procedure
Maz,IMPC_ABR_002,Auditory Brain Stem Response,abnormal auditory brainstem response,removed,fully acoustic procedure
Nr1h4,ESLIM_008_001,Modified SHIRPA,decreased locomotor activity,kept,non-acoustic MP term from mixed procedure
Cldn3,IMPC_CSD_003,Combined SHIRPA and Dysmorphology,abnormal vocalization,kept,non-acoustic MP term from mixed procedure
Grxcr1,IMPC_ACS_003,Acoustic Startle and Pre-pulse Inhibition (PPI),decreased startle reflex,removed,fully acoustic procedure
Tnfrsf11b,IMPC_ABR_002,Auditory Brain Stem Response,abnormal auditory brainstem response,removed,fully acoustic procedure
Slc35e1,IMPC_ABR_002,Auditory Brain Stem Response,abnormal auditory brainstem response,removed,fully acoustic procedure
Hunk,IMPC_ACS_003,Acoustic Startle and Pre-pulse Inhibition (PPI),decreased prepulse inhibition,removed,fully acoustic procedure
Fuca1,IMPC_ABR_002,Auditory Brain Stem Response,abnormal auditory brainstem response,removed,fully acoustic procedure
Wbp2,ESLIM_011_001,Acoustic Startle&PPI,increased startle reflex,removed,fully acoustic procedure
Zfp609,IMPC_ACS_003,Acoustic Startle and Pre-pulse Inhibition (PPI),decreased prepulse inhibition,removed,fully acoustic procedure
Ap4e1,IMPC_ACS_003,Acoustic Startle and Pre-pulse Inhibition (PPI),increased startle reflex,removed,fully acoustic procedure
Cldn9,IMPC_CSD_003,Combined SHIRPA and Dysmorphology,abnormal startle reflex,removed,acoustic MP term from mixed procedure
Slain2,IMPC_CSD_001,Combined SHIRPA and Dysmorphology,abnormal coat/ hair morphology,kept,non-acoustic MP term from mixed procedure
Tmem255b,ESLIM_011_001,Acoustic Startle&PPI,increased startle reflex,removed,fully acoustic procedure
Rgl1,IMPC_ACS_003,Acoustic Startle and Pre-pulse Inhibition (PPI),decreased prepulse inhibition,removed,fully acoustic procedure
Ky,IMPC_CSD_003,Combined SHIRPA and Dysmorphology,abnormal gait,kept,non-acoustic MP term from mixed procedure
Slc17a8,IMPC_ACS_003,Acoustic Startle and Pre-pulse Inhibition (PPI),decreased prepulse inhibition,removed,fully acoustic procedure
Tox,IMPC_ABR_002,Auditory Brain Stem Response,abnormal auditory brainstem response,removed,fully acoustic procedure
Dlg4,MGP_CSD_001,Combined SHIRPA and Dysmorphology,tremors,kept,non-acoustic MP term from mixed procedure
Top3a,IMPC_ACS_003,Acoustic Startle and Pre-pulse Inhibition (PPI),increased startle reflex,removed,fully acoustic procedure
Pycr2,MGP_CSD_001,Combined SHIRPA and Dysmorphology,absent pinna reflex,removed,acoustic MP term from mixed procedure
Mysm1,ESLIM_011_001,Acoustic Startle&PPI,increased startle reflex,removed,fully acoustic procedure
Spag17,IMPC_CSD_003,Combined SHIRPA and Dysmorphology,limb grasping,kept,non-acoustic MP term from mixed procedure
Xrcc5,IMPC_CSD_003,Combined SHIRPA and Dysmorphology,abnormal snout morphology,kept,non-acoustic MP term from mixed procedure
Cdc37,IMPC_ACS_003,Acoustic Startle and Pre-pulse Inhibition (PPI),increased startle reflex,removed,fully acoustic procedure
Gtf2ird1,IMPC_ACS_003,Acoustic Startle and Pre-pulse Inhibition (PPI),decreased prepulse inhibition,removed,fully acoustic procedure
Gdf5,IMPC_CSD_003,Combined SHIRPA and Dysmorphology,limb grasping,kept,non-acoustic MP term from mixed procedure
Myo6,IMPC_ACS_003,Acoustic Startle and Pre-pulse Inhibition (PPI),decreased prepulse inhibition,removed,fully acoustic procedure
Gh,IMPC_ACS_003,Acoustic Startle and Pre-pulse Inhibition (PPI),decreased prepulse inhibition,removed,fully acoustic procedure
Ap4e1,IMPC_ACS_003,Acoustic Startle and Pre-pulse Inhibition (PPI),increased startle reflex,removed,fully acoustic procedure
Llgl2,IMPC_ACS_003,Acoustic Startle and Pre-pulse Inhibition (PPI),increased startle reflex,removed,fully acoustic procedure
Syne2,IMPC_CSD_003,Combined SHIRPA and Dysmorphology,abnormal locomotor behavior,kept,non-acoustic MP term from mixed procedure
Epg5,IMPC_ACS_003,Acoustic Startle and Pre-pulse Inhibition (PPI),decreased prepulse inhibition,removed,fully acoustic procedure
Hipk3,IMPC_ABR_002,Auditory Brain Stem Response,abnormal auditory brainstem response,removed,fully acoustic procedure
Igfbp3,IMPC_CSD_003,Combined SHIRPA and Dysmorphology,abnormal coat/hair pigmentation,kept,non-acoustic MP term from mixed procedure
Gpr146,HRWLLA_CSD_003,Combined SHIRPA and Dysmorphology,tremors,kept,non-acoustic MP term from mixed procedure
Inhbb,IMPC_CSD_003,Combined SHIRPA and Dysmorphology,impaired righting response,kept,non-acoustic MP term from mixed procedure
Sox13,ESLIM_008_001,Modified SHIRPA,abnormal tail movements,kept,non-acoustic MP term from mixed procedure
Bcl3,IMPC_CSD_003,Combined SHIRPA and Dysmorphology,abnormal snout morphology,kept,non-acoustic MP term from mixed procedure
Gask1a,IMPC_ABR_002,Auditory Brain Stem Response,abnormal auditory brainstem response,removed,fully acoustic procedure
Tmem175,KMPCLA_CSD_003,Combined SHIRPA and Dysmorphology,abnormal coat/hair pigmentation,kept,non-acoustic MP term from mixed procedure
Tm2d2,BCMLA_ACS_003,Acoustic Startle and Pre-pulse Inhibition (PPI),decreased startle reflex,removed,fully acoustic procedure
Mc1r,IMPC_CSD_003,Combined SHIRPA and Dysmorphology,abnormal coat/hair pigmentation,kept,non-acoustic MP term from mixed procedure
Sun1,IMPC_ACS_003,Acoustic Startle and Pre-pulse Inhibition (PPI),decreased prepulse inhibition,removed,fully acoustic procedure
Nxnl2,IMPC_CSD_003,Combined SHIRPA and Dysmorphology,abnormal coat/ hair morphology,kept,non-acoustic MP term from mixed procedure
Ap1ar,IMPC_CSD_003,Combined SHIRPA and Dysmorphology,abnormal coat appearance,kept,non-acoustic MP term from mixed procedure
Nfatc1,IMPC_CSD_003,Combined SHIRPA and Dysmorphology,abnormal locomotor behavior,kept,non-acoustic MP term from mixed procedure
Epg5,IMPC_CSD_003,Combined SHIRPA and Dysmorphology,abnormal gait,kept,non-acoustic MP term from mixed procedure
Zfp13,ESLIM_011_001,Acoustic Startle&PPI,decreased prepulse inhibition,removed,fully acoustic procedure
Map7,IMPC_ABR_002,Auditory Brain Stem Response,abnormal auditory brainstem response,removed,fully acoustic procedure
Fbxo2,IMPC_ACS_003,Acoustic Startle and Pre-pulse Inhibition (PPI),decreased startle reflex,removed,fully acoustic procedure
Wsb2,IMPC_CSD_002,Combined SHIRPA and Dysmorphology,abnormal tooth morphology,kept,non-acoustic MP term from mixed procedure
Phkb,JAXLA_CSD_003,Combined SHIRPA and Dysmorphology,limb grasping,kept,non-acoustic MP term from mixed procedure
Ckb,IMPC_ABR_002,Auditory Brain Stem Response,abnormal auditory brainstem response,removed,fully acoustic procedure
Tmt1b,IMPC_CSD_001,Combined SHIRPA and Dysmorphology,abnormal coat/hair pigmentation,kept,non-acoustic MP term from mixed procedure
Grxcr1,IMPC_ABR_002,Auditory Brain Stem Response,abnormal auditory brainstem response,removed,fully acoustic procedure
Aspa,IMPC_CSD_002,Combined SHIRPA and Dysmorphology,abnormal gait,kept,non-acoustic MP term from mixed procedure
Lrrc2,IMPC_ACS_003,Acoustic Startle and Pre-pulse Inhibition (PPI),decreased prepulse inhibition,removed,fully acoustic procedure
Tbc1d22b,IMPC_ACS_003,Acoustic Startle and Pre-pulse Inhibition (PPI),increased startle reflex,removed,fully acoustic procedure
Osbpl1a,IMPC_CSD_003,Combined SHIRPA and Dysmorphology,limb grasping,kept,non-acoustic MP term from mixed procedure
Patl1,IMPC_ACS_003,Acoustic Startle and Pre-pulse Inhibition (PPI),decreased prepulse inhibition,removed,fully acoustic procedure
Cib3,HRWLIP_CSD_003,Combined SHIRPA and Dysmorphology,trunk curl,kept,non-acoustic MP term from mixed procedure
Nav2,IMPC_CSD_003,Combined SHIRPA and Dysmorphology,decreased exploration in new environment,kept,non-acoustic MP term from mixed procedure
Chchd3,IMPC_ABR_002,Auditory Brain Stem Response,abnormal auditory brainstem response,removed,fully acoustic procedure
Kcne1,IMPC_CSD_003,Combined SHIRPA and Dysmorphology,trunk curl,kept,non-acoustic MP term from mixed procedure
Rab3gap1,IMPC_CSD_003,Combined SHIRPA and Dysmorphology,abnormal locomotor behavior,kept,non-acoustic MP term from mixed procedure
Ssu2,IMPC_CSD_003,Combined SHIRPA and Dysmorphology,abnormal vocalization,kept,non-acoustic MP term from mixed procedure
Homer2,IMPC_ABR_002,Auditory Brain Stem Response,abnormal auditory brainstem response,removed,fully acoustic procedure
Tprn,IMPC_ABR_002,Auditory Brain Stem Response,abnormal auditory brainstem response,removed,fully acoustic procedure
Dtx3,IMPC_CSD_001,Combined SHIRPA and Dysmorphology,tremors,kept,non-acoustic MP term from mixed procedure
Kif2c,IMPC_CSD_003,Combined SHIRPA and Dysmorphology,abnormal skin coloration,kept,non-acoustic MP term from mixed procedure
Frmd5,ESLIM_011_001,Acoustic Startle&PPI,decreased prepulse inhibition,removed,fully acoustic procedure
Zbtb10,IMPC_ACS_003,Acoustic Startle and Pre-pulse Inhibition (PPI),decreased prepulse inhibition,removed,fully acoustic procedure
Utp4,JAXLA_CSD_003,Combined SHIRPA and Dysmorphology,limb grasping,kept,non-acoustic MP term from mixed procedure
Tuft1,MGP_CSD_001,Combined SHIRPA and Dysmorphology,abnormal coat appearance,kept,non-acoustic MP term from mixed procedure
Bptf,IMPC_ACS_003,Acoustic Startle and Pre-pulse Inhibition (PPI),decreased prepulse inhibition,removed,fully acoustic procedure
Dctn6,IMPC_ACS_003,Acoustic Startle and Pre-pulse Inhibition (PPI),decreased prepulse inhibition,removed,fully acoustic procedure
Hlcs,JAXLA_CSD_003,Combined SHIRPA and Dysmorphology,decreased exploration in new environment,kept,non-acoustic MP term from mixed procedure
Fkbp10,ESLIM_011_001,Acoustic Startle&PPI,increased startle reflex,removed,fully acoustic procedure
Wdr6,IMPC_CSD_003,Combined SHIRPA and Dysmorphology,abnormal coat/hair pigmentation,kept,non-acoustic MP term from mixed procedure
Trmt10b,IMPC_CSD_003,Combined SHIRPA and Dysmorphology,absent vibrissae,kept,non-acoustic MP term from mixed procedure
Twist1,RBRCLA_CSD_003,Combined SHIRPA and Dysmorphology,abnormal digit morphology,kept,non-acoustic MP term from mixed procedure
Fam117a,IMPC_ACS_003,Acoustic Startle and Pre-pulse Inhibition (PPI),decreased prepulse inhibition,removed,fully acoustic procedure
Tmem255b,ESLIM_011_001,Acoustic Startle&PPI,increased startle reflex,removed,fully acoustic procedure
Car6,IMPC_ACS_003,Acoustic Startle and Pre-pulse Inhibition (PPI),decreased prepulse inhibition,removed,fully acoustic procedure
Csnk1g3,MGP_CSD_001,Combined SHIRPA and Dysmorphology,absent pinna reflex,removed,acoustic MP term from mixed procedure
Dhx8,IMPC_ACS_003,Acoustic Startle and Pre-pulse Inhibition (PPI),decreased prepulse inhibition,removed,fully acoustic procedure
Fam43a,IMPC_ACS_003,Acoustic Startle and Pre-pulse Inhibition (PPI),increased startle reflex,removed,fully acoustic procedure
Acadsb,JAXLA_CSD_003,Combined SHIRPA and Dysmorphology,abnormal coat/hair pigmentation,kept,non-acoustic MP term from mixed procedure
Gramd1c,IMPC_ACS_003,Acoustic Startle and Pre-pulse Inhibition (PPI),decreased startle reflex,removed,fully acoustic procedure
Grin2d,ESLIM_011_001,Acoustic Startle&PPI,increased startle reflex,removed,fully acoustic procedure
Sel1l3,JAXLA_CSD_003,Combined SHIRPA and Dysmorphology,abnormal coat/hair pigmentation,kept,non-acoustic MP term from mixed procedure
Scamp5,IMPC_ACS_003,Acoustic Startle and Pre-pulse Inhibition (PPI),decreased startle reflex,removed,fully acoustic procedure
Fam120a,IMPC_CSD_001,Combined SHIRPA and Dysmorphology,increased exploration in new environment,kept,non-acoustic MP term from mixed procedure
Bcorl1,IMPC_ACS_003,Acoustic Startle and Pre-pulse Inhibition (PPI),decreased prepulse inhibition,removed,fully acoustic procedure
Cast,IMPC_ACS_003,Acoustic Startle and Pre-pulse Inhibition (PPI),decreased startle reflex,removed,fully acoustic procedure
Mettl23,IMPC_CSD_002,Combined SHIRPA and Dysmorphology,abnormal head morphology,kept,non-acoustic MP term from mixed procedure
Mpv17l2,IMPC_CSD_003,Combined SHIRPA and Dysmorphology,abnormal coat/hair pigmentation,kept,non-acoustic MP term from mixed procedure
Clrn1,IMPC_ABR_002,Auditory Brain Stem Response,abnormal auditory brainstem response,removed,fully acoustic procedure
Foxj3,IMPC_CSD_003,Combined SHIRPA and Dysmorphology,abnormal coat/ hair morphology,kept,non-acoustic MP term from mixed procedure
Rnf10,IMPC_CSD_003,Combined SHIRPA and Dysmorphology,abnormal behavior,kept,non-acoustic MP term from mixed procedure
Gnao1,IMPC_CSD_003,Combined SHIRPA and Dysmorphology,impaired righting response,kept,non-acoustic MP term from mixed procedure
Lhx1,ESLIM_011_001,Acoustic Startle&PPI,increased startle reflex,removed,fully acoustic procedure
Ldhb,MGP_CSD_001,Combined SHIRPA and Dysmorphology,absent pinna reflex,removed,acoustic MP term from mixed procedure
Gna11,ESLIM_011_001,Acoustic Startle&PPI,increased startle reflex,removed,fully acoustic procedure
Clic5,IMPC_ACS_003,Acoustic Startle and Pre-pulse Inhibition (PPI),decreased prepulse inhibition,removed,fully acoustic procedure
Rnf41,IMPC_ACS_003,Acoustic Startle and Pre-pulse Inhibition (PPI),increased startle reflex,removed,fully acoustic procedure
Sox21,IMPC_CSD_003,Combined SHIRPA and Dysmorphology,abnormal coat/ hair morphology,kept,non-acoustic MP term from mixed procedure
Acap2,IMPC_CSD_001,Combined SHIRPA and Dysmorphology,abnormal vocalization,kept,non-acoustic MP term from mixed procedure
Kcne1,IMPC_ACS_003,Acoustic Startle and Pre-pulse Inhibition (PPI),decreased prepulse inhibition,removed,fully acoustic procedure
Trpc3,ESLIM_008_001,Modified SHIRPA,abnormal gait,kept,non-acoustic MP term from mixed procedure
Col9a2,IMPC_ABR_002,Auditory Brain Stem Response,abnormal auditory brainstem response,removed,fully acoustic procedure
Plekhf2,IMPC_ACS_003,Acoustic Startle and Pre-pulse Inhibition (PPI),decreased startle reflex,removed,fully acoustic procedure
Msi2,IMPC_ACS_003,Acoustic Startle and Pre-pulse Inhibition (PPI),decreased startle reflex,removed,fully acoustic procedure
Mreg,IMPC_ABR_002,Auditory Brain Stem Response,abnormal auditory brainstem response,removed,fully acoustic procedure
Zfp787,IMPC_ACS_003,Acoustic Startle and Pre-pulse Inhibition (PPI),decreased prepulse inhibition,removed,fully acoustic procedure
Gbx1,IMPC_CSD_003,Combined SHIRPA and Dysmorphology,abnormal gait,kept,non-acoustic MP term from mixed procedure
Trpc3,ESLIM_008_001,Modified SHIRPA,abnormal response to new environment,kept,non-acoustic MP term from mixed procedure
Ecpas,IMPC_CSD_001,Combined SHIRPA and Dysmorphology,abnormal vocalization,kept,non-acoustic MP term from mixed procedure
Evc2,IMPC_CSD_003,Combined SHIRPA and Dysmorphology,abnormal snout morphology,kept,non-acoustic MP term from mixed procedure
Ube2b,IMPC_CSD_003,Combined SHIRPA and Dysmorphology,abnormal coat appearance,kept,non-acoustic MP term from mixed procedure
Atp2b3,JAXLA_CSD_003,Combined SHIRPA and Dysmorphology,abnormal locomotor behavior,kept,non-acoustic MP term from mixed procedure
Zdhhc20,IMPC_CSD_002,Combined SHIRPA and Dysmorphology,abnormal tail morphology,kept,non-acoustic MP term from mixed procedure
Ube2w,IMPC_ABR_002,Auditory Brain Stem Response,abnormal auditory brainstem response,removed,fully acoustic procedure
Camk1,IMPC_ACS_003,Acoustic Startle and Pre-pulse Inhibition (PPI),decreased prepulse inhibition,removed,fully acoustic procedure
Minar2,IMPC_ABR_001,Auditory Brain Stem Response,abnormal auditory brainstem response,removed,fully acoustic procedure
Dnajc16,IMPC_ABR_002,Auditory Brain Stem Response,abnormal auditory brainstem response,removed,fully acoustic procedure
Grik4,IMPC_ACS_003,Acoustic Startle and Pre-pulse Inhibition (PPI),decreased prepulse inhibition,removed,fully acoustic procedure
Nptn,IMPC_ABR_001,Auditory Brain Stem Response,abnormal auditory brainstem response,removed,fully acoustic procedure
Mcidas,IMPC_ACS_003,Acoustic Startle and Pre-pulse Inhibition (PPI),decreased prepulse inhibition,removed,fully acoustic procedure
Ppp3ca,M-G-P_008_001,Modified SHIRPA,abnormal tail movements,kept,non-acoustic MP term from mixed procedure
Nphp1,IMPC_CSD_003,Combined SHIRPA and Dysmorphology,decreased exploration in new environment,kept,non-acoustic MP term from mixed procedure
Rab3gap2,IMPC_CSD_001,Combined SHIRPA and Dysmorphology,abnormal snout morphology,kept,non-acoustic MP term from mixed procedure
Ints7,IMPC_CSD_001,Combined SHIRPA and Dysmorphology,abnormal vocalization,kept,non-acoustic MP term from mixed procedure
Strbp,IMPC_ACS_003,Acoustic Startle and Pre-pulse Inhibition (PPI),decreased prepulse inhibition,removed,fully acoustic procedure
Itga2,IMPC_CSD_003,Combined SHIRPA and Dysmorphology,tremors,kept,non-acoustic MP term from mixed procedure
Lmod3,IMPC_ACS_003,Acoustic Startle and Pre-pulse Inhibition (PPI),decreased prepulse inhibition,removed,fully acoustic procedure
Brip1,JAXLA_CSD_003,Combined SHIRPA and Dysmorphology,abnormal coat/hair pigmentation,kept,non-acoustic MP term from mixed procedure
Wdr45,IMPC_CSD_001,Combined SHIRPA and Dysmorphology,abnormal startle reflex,removed,acoustic MP term from mixed procedure
Fkbp10,ESLIM_011_001,Acoustic Startle&PPI,increased startle reflex,removed,fully acoustic procedure
Hipk3,IMPC_ACS_003,Acoustic Startle and Pre-pulse Inhibition (PPI),decreased prepulse inhibition,removed,fully acoustic procedure
Irgc,IMPC_ACS_003,Acoustic Startle and Pre-pulse Inhibition (PPI),decreased prepulse inhibition,removed,fully acoustic procedure
Esyt1,IMPC_CSD_002,Combined SHIRPA and Dysmorphology,abnormal tooth morphology,kept,non-acoustic MP term from mixed procedure
Irgm2,JAXLA_CSD_003,Combined SHIRPA and Dysmorphology,abnormal coat appearance,kept,non-acoustic MP term from mixed procedure
Xylt1,IMPC_CSD_001,Combined SHIRPA and Dysmorphology,abnormal coat/hair pigmentation,kept,non-acoustic MP term from mixed procedure
Pcbp3,IMPC_ABR_002,Auditory Brain Stem Response,abnormal auditory brainstem response,removed,fully acoustic procedure
Mon1a,JAXLA_CSD_003,Combined SHIRPA and Dysmorphology,increased exploration in new environment,kept,non-acoustic MP term from mixed procedure
Mtarc2,ESLIM_011_001,Acoustic Startle&PPI,increased startle reflex,removed,fully acoustic procedure
Fyttd1,IMPC_CSD_001,Combined SHIRPA and Dysmorphology,abnormal coat/ hair morphology,kept,non-acoustic MP term from mixed procedure
Hps5,IMPC_CSD_003,Combined SHIRPA and Dysmorphology,abnormal behavior,kept,non-acoustic MP term from mixed procedure
Tprn,IMPC_ABR_002,Auditory Brain Stem Response,abnormal auditory brainstem response,removed,fully acoustic procedure
Myo10,MGP_CSD_001,Combined SHIRPA and Dysmorphology,abnormal tail morphology,kept,non-acoustic MP term from mixed procedure
Vdr,IMPC_CSD_002,Combined SHIRPA and Dysmorphology,abnormal coat/ hair morphology,kept,non-acoustic MP term from mixed procedure
Myo7a,MGP_CSD_001,Combined SHIRPA and Dysmorphology,absent pinna reflex,removed,acoustic MP term from mixed procedure
Emc10,IMPC_CSD_003,Combined SHIRPA and Dysmorphology,abnormal locomotor behavior,kept,non-acoustic MP term from mixed procedure
Col9a2,IMPC_ACS_003,Acoustic Startle and Pre-pulse Inhibition (PPI),decreased prepulse inhibition,removed,fully acoustic procedure
Aire,IMPC_ACS_003,Acoustic Startle and Pre-pulse Inhibition (PPI),decreased prepulse inhibition,removed,fully acoustic procedure
Slc15a1,IMPC_CSD_003,Combined SHIRPA and Dysmorphology,abnormal coat/ hair morphology,kept,non-acoustic MP term from mixed procedure
Ndrg1,IMPC_CSD_003,Combined SHIRPA and Dysmorphology,tremors,kept,non-acoustic MP term from mixed procedure
Ambra1,IMPC_ACS_003,Acoustic Startle and Pre-pulse Inhibition (PPI),decreased prepulse inhibition,removed,fully acoustic procedure
Itsn1,IMPC_CSD_003,Combined SHIRPA and Dysmorphology,abnormal skin coloration,kept,non-acoustic MP term from mixed procedure
Trim35,IMPC_ABR_002,Auditory Brain Stem Response,abnormal auditory brainstem response,removed,fully acoustic procedure
Atp7a,IMPC_CSD_001,Combined SHIRPA and Dysmorphology,abnormal coat/hair pigmentation,kept,non-acoustic MP term from mixed procedure
Fndc3a,IMPC_CSD_003,Combined SHIRPA and Dysmorphology,decreased exploration in new environment,kept,non-acoustic MP term from mixed procedure
Plxnb3,MGP_CSD_001,Combined SHIRPA and Dysmorphology,abnormal coat appearance,kept,non-acoustic MP term from mixed procedure
Tmprss6,IMPC_CSD_003,Combined SHIRPA and Dysmorphology,abnormal coat appearance,kept,non-acoustic MP term from mixed procedure
Pcp4l1,IMPC_ABR_002,Auditory Brain Stem Response,abnormal auditory brainstem response,removed,fully acoustic procedure
E2f3,IMPC_CSD_003,Combined SHIRPA and Dysmorphology,abnormal head morphology,kept,non-acoustic MP term from mixed procedure
Mir96,MGP_CSD_001,Combined SHIRPA and Dysmorphology,absent pinna reflex,removed,acoustic MP term from mixed procedure
Smoc1,IMPC_CSD_003,Combined SHIRPA and Dysmorphology,abnormal head size,kept,non-acoustic MP term from mixed procedure
Dtnbp1,IMPC_CSD_003,Combined SHIRPA and Dysmorphology,abnormal coat/hair pigmentation,kept,non-acoustic MP term from mixed procedure
Ehmt1,IMPC_CSD_002,Combined SHIRPA and Dysmorphology,decreased exploration in new environment,kept,non-acoustic MP term from mixed procedure
Lbr,IMPC_CSD_003,Combined SHIRPA and Dysmorphology,abnormal tail morphology,kept,non-acoustic MP term from mixed procedure
Ptprv,IMPC_ACS_003,Acoustic Startle and Pre-pulse Inhibition (PPI),decreased prepulse inhibition,removed,fully acoustic procedure
Dtx1,HRWLIP_CSD_003,Combined SHIRPA and Dysmorphology,decreased exploration in new environment,kept,non-acoustic MP term from mixed procedure
Sema5b,ESLIM_011_001,Acoustic Startle&PPI,increased startle reflex,removed,fully acoustic procedure
Maz,IMPC_CSD_003,Combined SHIRPA and Dysmorphology,decreased exploration in new environment,kept,non-acoustic MP term from mixed procedure
Gmds,MGP_CSD_001,Combined SHIRPA and Dysmorphology,abnormal snout morphology,kept,non-acoustic MP term from mixed procedure
St6galnac3,JAXLA_CSD_003,Combined SHIRPA and Dysmorphology,abnormal vibrissa morphology,kept,non-acoustic MP term from mixed procedure
Kcne1,IMPC_ACS_003,Acoustic Startle and Pre-pulse Inhibition (PPI),decreased prepulse inhibition,removed,fully acoustic procedure
Pdia6,HMGULA_SHI_001,SHIRPA,abnormal gait,kept,non-acoustic MP term from mixed procedure
Vps35,IMPC_CSD_003,Combined SHIRPA and Dysmorphology,abnormal gait,kept,non-acoustic MP term from mixed procedure
Tbc1d22b,IMPC_ACS_003,Acoustic Startle and Pre-pulse Inhibition (PPI),increased startle reflex,removed,fully acoustic procedure
2810408A11Rik,ESLIM_008_001,Modified SHIRPA,limb grasping,kept,non-acoustic MP term from mixed procedure
Rilpl1,IMPC_ACS_003,Acoustic Startle and Pre-pulse Inhibition (PPI),increased startle reflex,removed,fully acoustic procedure
Cct5,IMPC_CSD_003,Combined SHIRPA and Dysmorphology,abnormal digit morphology,kept,non-acoustic MP term from mixed procedure
Bcorl1,IMPC_ACS_003,Acoustic Startle and Pre-pulse Inhibition (PPI),decreased prepulse inhibition,removed,fully acoustic procedure
Plcb4,IMPC_CSD_003,Combined SHIRPA and Dysmorphology,abnormal gait,kept,non-acoustic MP term from mixed procedure
Brme1,IMPC_CSD_003,Combined SHIRPA and Dysmorphology,abnormal locomotor behavior,kept,non-acoustic MP term from mixed procedure
Ccdc170,IMPC_CSD_001,Combined SHIRPA and Dysmorphology,abnormal vocalization,kept,non-acoustic MP term from mixed procedure
Crcp,IMPC_CSD_003,Combined SHIRPA and Dysmorphology,abnormal coat/hair pigmentation,kept,non-acoustic MP term from mixed procedure
Zfp512,IMPC_CSD_001,Combined SHIRPA and Dysmorphology,abnormal vocalization,kept,non-acoustic MP term from mixed procedure
Fbn2,IMPC_CSD_003,Combined SHIRPA and Dysmorphology,abnormal digit morphology,kept,non-acoustic MP term from mixed procedure
Pacs2,ESLIM_011_001,Acoustic Startle&PPI,increased startle reflex,removed,fully acoustic procedure
Cad,IMPC_CSD_003,Combined SHIRPA and Dysmorphology,limb grasping,kept,non-acoustic MP term from mixed procedure
Ankle1,IMPC_CSD_002,Combined SHIRPA and Dysmorphology,abnormal coat/hair pigmentation,kept,non-acoustic MP term from mixed procedure
Ipp,IMPC_CSD_001,Combined SHIRPA and Dysmorphology,impaired righting response,kept,non-acoustic MP term from mixed procedure
Otoa,IMPC_ABR_002,Auditory Brain Stem Response,abnormal auditory brainstem response,removed,fully acoustic procedure
Dnase1l2,IMPC_CSD_002,Combined SHIRPA and Dysmorphology,abnormal digit morphology,kept,non-acoustic MP term from mixed procedure
Nol9,IMPC_CSD_001,Combined SHIRPA and Dysmorphology,abnormal vocalization,kept,non-acoustic MP term from mixed procedure
Bap1,MGP_CSD_001,Combined SHIRPA and Dysmorphology,abnormal vibrissa morphology,kept,non-acoustic MP term from mixed procedure
Ngfr,IMPC_CSD_003,Combined SHIRPA and Dysmorphology,tremors,kept,non-acoustic MP term from mixed procedure
Sox21,IMPC_ACS_003,Acoustic Startle and Pre-pulse Inhibition (PPI),decreased startle reflex,removed,fully acoustic procedure
Setmar,ESLIM_008_001,Modified SHIRPA,tremors,kept,non-acoustic MP term from mixed procedure
Krt71,IMPC_CSD_003,Combined SHIRPA and Dysmorphology,abnormal coat appearance,kept,non-acoustic MP term from mixed procedure
Esrra,IMPC_ACS_003,Acoustic Startle and Pre-pulse Inhibition (PPI),increased startle reflex,removed,fully acoustic procedure
Iffo2,IMPC_ABR_002,Auditory Brain Stem Response,abnormal auditory brainstem response,removed,fully acoustic procedure
Elmod1,ESLIM_011_001,Acoustic Startle&PPI,increased startle reflex,removed,fully acoustic procedure
Scamp2,IMPC_ACS_003,Acoustic Startle and Pre-pulse Inhibition (PPI),decreased startle reflex,removed,fully acoustic procedure
Slc5a5,IMPC_ACS_003,Acoustic Startle and Pre-pulse Inhibition (PPI),increased startle reflex,removed,fully acoustic procedure
Mir96,IMPC_ABR_001,Auditory Brain Stem Response,abnormal auditory brainstem response,removed,fully acoustic procedure
Mtmr14,ESLIM_011_001,Acoustic Startle&PPI,increased startle reflex,removed,fully acoustic procedure
Tmem116,HMGULA_SHI_001,SHIRPA,abnormal startle reflex,removed,acoustic MP term from mixed procedure
Il17ra,IMPC_CSD_003,Combined SHIRPA and Dysmorphology,decreased exploration in new environment,kept,non-acoustic MP term from mixed procedure
Tsnax,IMPC_CSD_003,Combined SHIRPA and Dysmorphology,abnormal coat/hair pigmentation,kept,non-acoustic MP term from mixed procedure
Sox14,IMPC_CSD_003,Combined SHIRPA and Dysmorphology,increased aggression,kept,non-acoustic MP term from mixed procedure
Lamtor5,IMPC_CSD_003,Combined SHIRPA and Dysmorphology,abnormal coat appearance,kept,non-acoustic MP term from mixed procedure
Baiap2l2,IMPC_ABR_002,Auditory Brain Stem Response,abnormal auditory brainstem response,removed,fully acoustic procedure
Triobp,IMPC_ACS_003,Acoustic Startle and Pre-pulse Inhibition (PPI),decreased prepulse inhibition,removed,fully acoustic procedure
Adamtsl4,IMPC_CSD_001,Combined SHIRPA and Dysmorphology,abnormal coat/ hair morphology,kept,non-acoustic MP term from mixed procedure
Alg8,JAXLA_CSD_003,Combined SHIRPA and Dysmorphology,abnormal coat/hair pigmentation,kept,non-acoustic MP term from mixed procedure
Mgrn1,IMPC_ABR_002,Auditory Brain Stem Response,abnormal auditory brainstem response,removed,fully acoustic procedure
Idua,IMPC_CSD_002,Combined SHIRPA and Dysmorphology,tremors,kept,non-acoustic MP term from mixed procedure
F7,IMPC_CSD_003,Combined SHIRPA and Dysmorphology,abnormal snout morphology,kept,non-acoustic MP term from mixed procedure
Rnf10,IMPC_ACS_003,Acoustic Startle and Pre-pulse Inhibition (PPI),decreased prepulse inhibition,removed,fully acoustic procedure
Rnf34,IMPC_CSD_003,Combined SHIRPA and Dysmorphology,abnormal coat/hair pigmentation,kept,non-acoustic MP term from mixed procedure
Atp9b,IMPC_CSD_001,Combined SHIRPA and Dysmorphology,abnormal vocalization,kept,non-acoustic MP term from mixed procedure
Gabrg1,IMPC_CSD_003,Combined SHIRPA and Dysmorphology,abnormal tail morphology,kept,non-acoustic MP term from mixed procedure
Smarcd3,IMPC_CSD_003,Combined SHIRPA and Dysmorphology,abnormal vibrissa morphology,kept,non-acoustic MP term from mixed procedure
Dcp2,IMPC_CSD_003,Combined SHIRPA and Dysmorphology,abnormal coat/hair pigmentation,kept,non-acoustic MP term from mixed procedure
Fam117a,IMPC_ACS_003,Acoustic Startle and Pre-pulse Inhibition (PPI),decreased prepulse inhibition,removed,fully acoustic procedure
Pcbp3,IMPC_CSD_003,Combined SHIRPA and Dysmorphology,abnormal coat/hair pigmentation,kept,non-acoustic MP term from mixed procedure
Kif2c,IMPC_CSD_003,Combined SHIRPA and Dysmorphology,abnormal skin coloration,kept,non-acoustic MP term from mixed procedure
Brpf1,ESLIM_011_001,Acoustic Startle&PPI,increased startle reflex,removed,fully acoustic procedure
Marveld2,IMPC_ABR_002,Auditory Brain Stem Response,abnormal auditory brainstem response,removed,fully acoustic procedure
Rsf1,IMPC_ACS_003,Acoustic Startle and Pre-pulse Inhibition (PPI),decreased prepulse inhibition,removed,fully acoustic procedure
Napa,IMPC_CSD_003,Combined SHIRPA and Dysmorphology,abnormal behavior,kept,non-acoustic MP term from mixed procedure
Flywch1,IMPC_CSD_003,Combined SHIRPA and Dysmorphology,abnormal skin coloration,kept,non-acoustic MP term from mixed procedure
Hoxc13,IMPC_CSD_003,Combined SHIRPA and Dysmorphology,abnormal coat/ hair morphology,kept,non-acoustic MP term from mixed procedure
Myo10,MGP_CSD_001,Combined SHIRPA and Dysmorphology,abnormal response to new environment,kept,non-acoustic MP term from mixed procedure
Satb1,IMPC_CSD_003,Combined SHIRPA and Dysmorphology,increased exploration in new environment,kept,non-acoustic MP term from mixed procedure
Prss3b,IMPC_ACS_003,Acoustic Startle and Pre-pulse Inhibition (PPI),decreased prepulse inhibition,removed,fully acoustic procedure
Zfp280d,IMPC_ACS_003,Acoustic Startle and Pre-pulse Inhibition (PPI),decreased prepulse inhibition,removed,fully acoustic procedure
Tspoap1,IMPC_ACS_003,Acoustic Startle and Pre-pulse Inhibition (PPI),decreased prepulse inhibition,removed,fully acoustic procedure
Cspp1,IMPC_CSD_001,Combined SHIRPA and Dysmorphology,abnormal coat/hair pigmentation,kept,non-acoustic MP term from mixed procedure
Marchf6,IMPC_CSD_003,Combined SHIRPA and Dysmorphology,abnormal snout morphology,kept,non-acoustic MP term from mixed procedure
Adnp2,TCPLA_CSD_003,Combined SHIRPA and Dysmorphology,decreased exploration in new environment,kept,non-acoustic MP term from mixed procedure
Zfp719,MGP_CSD_001,Combined SHIRPA and Dysmorphology,absent pinna reflex,removed,acoustic MP term from mixed procedure
Ifi44,IMPC_ACS_003,Acoustic Startle and Pre-pulse Inhibition (PPI),decreased prepulse inhibition,removed,fully acoustic procedure
Letmd1,KMPCLA_ACS_003,Acoustic Startle and Pre-pulse Inhibition (PPI),decreased startle reflex,removed,fully acoustic procedure
Scamp2,IMPC_ABR_002,Auditory Brain Stem Response,abnormal auditory brainstem response,removed,fully acoustic procedure
Zzef1,IMPC_CSD_003,Combined SHIRPA and Dysmorphology,abnormal coat/hair pigmentation,kept,non-acoustic MP term from mixed procedure
Apeh,IMPC_CSD_003,Combined SHIRPA and Dysmorphology,abnormal coat appearance,kept,non-acoustic MP term from mixed procedure
Gm5134,ESLIM_008_001,Modified SHIRPA,abnormal response to new environment,kept,non-acoustic MP term from mixed procedure
Ints3,IMPC_CSD_001,Combined SHIRPA and Dysmorphology,abnormal vocalization,kept,non-acoustic MP term from mixed procedure
Tuba8,JAXLA_CSD_003,Combined SHIRPA and Dysmorphology,absent vibrissae,kept,non-acoustic MP term from mixed procedure
Snca,IMPC_CSD_003,Combined SHIRPA and Dysmorphology,abnormal locomotor behavior,kept,non-acoustic MP term from mixed procedure
Mrgbp,IMPC_CSD_003,Combined SHIRPA and Dysmorphology,limb grasping,kept,non-acoustic MP term from mixed procedure
Tmprss6,IMPC_CSD_003,Combined SHIRPA and Dysmorphology,abnormal coat/hair pigmentation,kept,non-acoustic MP term from mixed procedure
Mettl6,IMPC_CSD_001,Combined SHIRPA and Dysmorphology,abnormal vocalization,kept,non-acoustic MP term from mixed procedure
Kcnb1,IMPC_CSD_003,Combined SHIRPA and Dysmorphology,abnormal gait,kept,non-acoustic MP term from mixed procedure
Twist1,RBRCLA_CSD_003,Combined SHIRPA and Dysmorphology,abnormal nail morphology,kept,non-acoustic MP term from mixed procedure
Gria1,IMPC_CSD_002,Combined SHIRPA and Dysmorphology,decreased exploration in new environment,kept,non-acoustic MP term from mixed procedure
Ccdc183,IMPC_CSD_002,Combined SHIRPA and Dysmorphology,abnormal skin morphology,kept,non-acoustic MP term from mixed procedure
Pitx1,MGP_CSD_001,Combined SHIRPA and Dysmorphology,abnormal digit morphology,kept,non-acoustic MP term from mixed procedure
Lonp1,IMPC_ACS_003,Acoustic Startle and Pre-pulse Inhibition (PPI),decreased prepulse inhibition,removed,fully acoustic procedure
Cib3,HRWLLA_CSD_003,Combined SHIRPA and Dysmorphology,absent vibrissae,kept,non-acoustic MP term from mixed procedure
Vat1l,ESLIM_011_001,Acoustic Startle&PPI,increased startle reflex,removed,fully acoustic procedure
Tprn,IMPC_ABR_002,Auditory Brain Stem Response,abnormal auditory brainstem response,removed,fully acoustic procedure
Bach2,IMPC_ACS_003,Acoustic Startle and Pre-pulse Inhibition (PPI),decreased prepulse inhibition,removed,fully acoustic procedure
Wdr12,IMPC_CSD_001,Combined SHIRPA and Dysmorphology,abnormal coat/hair pigmentation,kept,non-acoustic MP term from mixed procedure
Actg2,IMPC_CSD_001,Combined SHIRPA and Dysmorphology,abnormal vibrissa morphology,kept,non-acoustic MP term from mixed procedure
Ttc7,IMPC_CSD_001,Combined SHIRPA and Dysmorphology,abnormal coat/hair pigmentation,kept,non-acoustic MP term from mixed procedure
Rigi,IMPC_CSD_001,Combined SHIRPA and Dysmorphology,abnormal coat/hair pigmentation,kept,non-acoustic MP term from mixed procedure
Bach2,IMPC_ACS_003,Acoustic Startle and Pre-pulse Inhibition (PPI),decreased prepulse inhibition,removed,fully acoustic procedure
Cyp19a1,HRWLLA_CSD_003,Combined SHIRPA and Dysmorphology,decreased exploration in new environment,kept,non-acoustic MP term from mixed procedure
Setdb1,ESLIM_011_001,Acoustic Startle&PPI,increased startle reflex,removed,fully acoustic procedure
Gsto1,IMPC_ACS_003,Acoustic Startle and Pre-pulse Inhibition (PPI),increased startle reflex,removed,fully acoustic procedure
Otogl,JAXLA_CSD_003,Combined SHIRPA and Dysmorphology,abnormal startle reflex,removed,acoustic MP term from mixed procedure
Tram1,IMPC_CSD_003,Combined SHIRPA and Dysmorphology,decreased exploration in new environment,kept,non-acoustic MP term from mixed procedure
Usp31,IMPC_ACS_003,Acoustic Startle and Pre-pulse Inhibition (PPI),decreased prepulse inhibition,removed,fully acoustic procedure
Tmem51,IMPC_CSD_003,Combined SHIRPA and Dysmorphology,abnormal startle reflex,removed,acoustic MP term from mixed procedure
Herc1,IMPC_ABR_001,Auditory Brain Stem Response,abnormal auditory brainstem response,removed,fully acoustic procedure
Dusp7,IMPC_ACS_003,Acoustic Startle and Pre-pulse Inhibition (PPI),increased startle reflex,removed,fully acoustic procedure
Nek11,IMPC_CSD_001,Combined SHIRPA and Dysmorphology,impaired righting response,kept,non-acoustic MP term from mixed procedure
Sox21,IMPC_CSD_003,Combined SHIRPA and Dysmorphology,abnormal coat/ hair morphology,kept,non-acoustic MP term from mixed procedure
Mfng,IMPC_ACS_003,Acoustic Startle and Pre-pulse Inhibition (PPI),decreased startle reflex,removed,fully acoustic procedure
Zfp524,IMPC_ACS_003,Acoustic Startle and Pre-pulse Inhibition (PPI),increased startle reflex,removed,fully acoustic procedure
Vgll3,IMPC_ACS_003,Acoustic Startle and Pre-pulse Inhibition (PPI),decreased startle reflex,removed,fully acoustic procedure
Crb2,MGP_CSD_001,Combined SHIRPA and Dysmorphology,abnormal vibrissa morphology,kept,non-acoustic MP term from mixed procedure
Tmem181a,IMPC_ACS_003,Acoustic Startle and Pre-pulse Inhibition (PPI),increased startle reflex,removed,fully acoustic procedure
Elmod1,ESLIM_011_001,Acoustic Startle&PPI,increased startle reflex,removed,fully acoustic procedure
Ky,IMPC_CSD_003,Combined SHIRPA and Dysmorphology,decreased exploration in new environment,kept,non-acoustic MP term from mixed procedure
Il2rb,IMPC_CSD_003,Combined SHIRPA and Dysmorphology,abnormal ear morphology,kept,non-acoustic MP term from mixed procedure
Pgm1,IMPC_CSD_001,Combined SHIRPA and Dysmorphology,abnormal vocalization,kept,non-acoustic MP term from mixed procedure
Bfsp1,IMPC_ACS_003,Acoustic Startle and Pre-pulse Inhibition (PPI),increased startle reflex,removed,fully acoustic procedure
Tm9sf3,IMPC_CSD_003,Combined SHIRPA and Dysmorphology,abnormal coat/hair pigmentation,kept,non-acoustic MP term from mixed procedure
Tuft1,MGP_CSD_001,Combined SHIRPA and Dysmorphology,abnormal coat appearance,kept,non-acoustic MP term from mixed procedure
Myo6,IMPC_ACS_003,Acoustic Startle and Pre-pulse Inhibition (PPI),decreased prepulse inhibition,removed,fully acoustic procedure
Exoc3l,IMPC_ACS_003,Acoustic Startle and Pre-pulse Inhibition (PPI),increased startle reflex,removed,fully acoustic procedure
Pou2af3,IMPC_ACS_003,Acoustic Startle and Pre-pulse Inhibition (PPI),decreased startle reflex,removed,fully acoustic procedure
Atp2b1,IMPC_CSD_003,Combined SHIRPA and Dysmorphology,absent vibrissae,kept,non-acoustic MP term from mixed procedure
Minar2,IMPC_ABR_001,Auditory Brain Stem Response,abnormal auditory brainstem response,removed,fully acoustic procedure
Mat2a,ESLIM_011_001,Acoustic Startle&PPI,decreased prepulse inhibition,removed,fully acoustic procedure
Ctso,IMPC_CSD_003,Combined SHIRPA and Dysmorphology,abnormal vibrissa morphology,kept,non-acoustic MP term from mixed procedure
Vps37b,HRWLLA_CSD_003,Combined SHIRPA and Dysmorphology,abnormal locomotor behavior,kept,non-acoustic MP term from mixed procedure
Il2rb,IMPC_CSD_003,Combined SHIRPA and Dysmorphology,abnormal coat/ hair morphology,kept,non-acoustic MP term from mixed procedure
Gal3st1,IMPC_ACS_003,Acoustic Startle and Pre-pulse Inhibition (PPI),decreased prepulse inhibition,removed,fully acoustic procedure
Tox,IMPC_CSD_003,Combined SHIRPA and Dysmorphology,abnormal startle reflex,removed,acoustic MP term from mixed procedure
Sbk1,IMPC_CSD_003,Combined SHIRPA and Dysmorphology,abnormal coat appearance,kept,non-acoustic MP term from mixed procedure
D5Ertd579e,IMPC_CSD_001,Combined SHIRPA and Dysmorphology,abnormal vocalization,kept,non-acoustic MP term from mixed procedure
Slc25a39,IMPC_CSD_003,Combined SHIRPA and Dysmorphology,limb grasping,kept,non-acoustic MP term from mixed procedure
Fa2h,IMPC_CSD_003,Combined SHIRPA and Dysmorphology,abnormal coat/ hair morphology,kept,non-acoustic MP term from mixed procedure
Sun1,IMPC_ACS_003,Acoustic Startle and Pre-pulse Inhibition (PPI),decreased startle reflex,removed,fully acoustic procedure
Gdf5,IMPC_CSD_003,Combined SHIRPA and Dysmorphology,abnormal digit morphology,kept,non-acoustic MP term from mixed procedure
Rab10,IMPC_ACS_003,Acoustic Startle and Pre-pulse Inhibition (PPI),increased startle reflex,removed,fully acoustic procedure
Aqp1,IMPC_CSD_003,Combined SHIRPA and Dysmorphology,decreased exploration in new environment,kept,non-acoustic MP term from mixed procedure
Acer1,MGP_CSD_001,Combined SHIRPA and Dysmorphology,abnormal hair growth,kept,non-acoustic MP term from mixed procedure
Vopp1,JAXLA_CSD_003,Combined SHIRPA and Dysmorphology,abnormal startle reflex,removed,acoustic MP term from mixed procedure
Tmem30b,IMPC_ABR_002,Auditory Brain Stem Response,abnormal auditory brainstem response,removed,fully acoustic procedure
Slc17a8,IMPC_ABR_002,Auditory Brain Stem Response,abnormal auditory brainstem response,removed,fully acoustic procedure
Pou2af3,IMPC_ACS_003,Acoustic Startle and Pre-pulse Inhibition (PPI),decreased prepulse inhibition,removed,fully acoustic procedure
Lrba,MGP_CSD_001,Combined SHIRPA and Dysmorphology,abnormal ear position,kept,non-acoustic MP term from mixed procedure
Runx2,IMPC_ACS_003,Acoustic Startle and Pre-pulse Inhibition (PPI),decreased prepulse inhibition,removed,fully acoustic procedure
Cabp2,IMPC_ABR_002,Auditory Brain Stem Response,abnormal auditory brainstem response,removed,fully acoustic procedure
Hecw1,IMPC_CSD_003,Combined SHIRPA and Dysmorphology,tremors,kept,non-acoustic MP term from mixed procedure
H6pd,ESLIM_008_001,Modified SHIRPA,abnormal locomotor activation,kept,non-acoustic MP term from mixed procedure
Myo7a,MGP_CSD_001,Combined SHIRPA and Dysmorphology,stereotypic behavior,kept,non-acoustic MP term from mixed procedure
Gdf5,IMPC_CSD_003,Combined SHIRPA and Dysmorphology,abnormal forelimb morphology,kept,non-acoustic MP term from mixed procedure
Marveld2,IMPC_CSD_003,Combined SHIRPA and Dysmorphology,abnormal ear morphology,kept,non-acoustic MP term from mixed procedure
Rccd1,IMPC_CSD_003,Combined SHIRPA and Dysmorphology,abnormal gait,kept,non-acoustic MP term from mixed procedure
Nisch,IMPC_CSD_003,Combined SHIRPA and Dysmorphology,head bobbing,kept,non-acoustic MP term from mixed procedure
Ap4e1,IMPC_ACS_003,Acoustic Startle and Pre-pulse Inhibition (PPI),increased startle reflex,removed,fully acoustic procedure
Nufip2,IMPC_ACS_003,Acoustic Startle and Pre-pulse Inhibition (PPI),decreased prepulse inhibition,removed,fully acoustic procedure
Lonp1,IMPC_ACS_003,Acoustic Startle and Pre-pulse Inhibition (PPI),decreased prepulse inhibition,removed,fully acoustic procedure
Lbr,IMPC_ACS_003,Acoustic Startle and Pre-pulse Inhibition (PPI),decreased prepulse inhibition,removed,fully acoustic procedure
Mdk,IMPC_CSD_003,Combined SHIRPA and Dysmorphology,impaired righting response,kept,non-acoustic MP term from mixed procedure
Triobp,IMPC_ABR_002,Auditory Brain Stem Response,abnormal auditory brainstem response,removed,fully acoustic procedure
Arih1,IMPC_CSD_003,Combined SHIRPA and Dysmorphology,increased exploration in new environment,kept,non-acoustic MP term from mixed procedure
Bloc1s6,IMPC_CSD_003,Combined SHIRPA and Dysmorphology,abnormal coat/hair pigmentation,kept,non-acoustic MP term from mixed procedure
Enpp1,IMPC_CSD_003,Combined SHIRPA and Dysmorphology,abnormal skin coloration,kept,non-acoustic MP term from mixed procedure
Dbndd2,IMPC_ACS_003,Acoustic Startle and Pre-pulse Inhibition (PPI),decreased prepulse inhibition,removed,fully acoustic procedure
Muc5b,IMPC_ACS_003,Acoustic Startle and Pre-pulse Inhibition (PPI),decreased prepulse inhibition,removed,fully acoustic procedure
Phyhd1,IMPC_CSD_003,Combined SHIRPA and Dysmorphology,abnormal coat/hair pigmentation,kept,non-acoustic MP term from mixed procedure
Rnf7,ESLIM_008_001,Modified SHIRPA,abnormal gait,kept,non-acoustic MP term from mixed procedure
Kynu,JAXLA_CSD_003,Combined SHIRPA and Dysmorphology,abnormal coat/hair pigmentation,kept,non-acoustic MP term from mixed procedure
Fbxo41,IMPC_ACS_003,Acoustic Startle and Pre-pulse Inhibition (PPI),increased startle reflex,removed,fully acoustic procedure
Stbd1,IMPC_ACS_003,Acoustic Startle and Pre-pulse Inhibition (PPI),decreased prepulse inhibition,removed,fully acoustic procedure
Dbndd2,IMPC_ACS_003,Acoustic Startle and Pre-pulse Inhibition (PPI),decreased prepulse inhibition,removed,fully acoustic procedure
Zc3h7b,IMPC_ACS_003,Acoustic Startle and Pre-pulse Inhibition (PPI),increased startle reflex,removed,fully acoustic procedure
Mipep,IMPC_ACS_003,Acoustic Startle and Pre-pulse Inhibition (PPI),increased startle reflex,removed,fully acoustic procedure
Clstn3,IMPC_CSD_003,Combined SHIRPA and Dysmorphology,abnormal gait,kept,non-acoustic MP term from mixed procedure
Bltp2,IMPC_CSD_003,Combined SHIRPA and Dysmorphology,abnormal coat/hair pigmentation,kept,non-acoustic MP term from mixed procedure
Pfas,IMPC_CSD_003,Combined SHIRPA and Dysmorphology,abnormal coat/hair pigmentation,kept,non-acoustic MP term from mixed procedure
Rgs17,IMPC_ABR_002,Auditory Brain Stem Response,abnormal auditory brainstem response,removed,fully acoustic procedure
Bms1,IMPC_CSD_002,Combined SHIRPA and Dysmorphology,abnormal coat/hair pigmentation,kept,non-acoustic MP term from mixed procedure
Fezf2,IMPC_ABR_002,Auditory Brain Stem Response,abnormal auditory brainstem response,removed,fully acoustic procedure
Ypel3,IMPC_ACS_003,Acoustic Startle and Pre-pulse Inhibition (PPI),decreased startle reflex,removed,fully acoustic procedure
Ppm1a,IMPC_CSD_003,Combined SHIRPA and Dysmorphology,limb grasping,kept,non-acoustic MP term from mixed procedure
Atp2b3,JAXLA_CSD_003,Combined SHIRPA and Dysmorphology,abnormal coat/hair pigmentation,kept,non-acoustic MP term from mixed procedure
Peds1,MGP_CSD_001,Combined SHIRPA and Dysmorphology,abnormal incisor color,kept,non-acoustic MP term from mixed procedure
Zzef1,IMPC_CSD_001,Combined SHIRPA and Dysmorphology,absent teeth,kept,non-acoustic MP term from mixed procedure
Septin2,IMPC_ACS_003,Acoustic Startle and Pre-pulse Inhibition (PPI),decreased prepulse inhibition,removed,fully acoustic procedure
Bex2,IMPC_ACS_003,Acoustic Startle and Pre-pulse Inhibition (PPI),increased startle reflex,removed,fully acoustic procedure
Egfem1,JAXLA_CSD_003,Combined SHIRPA and Dysmorphology,abnormal startle reflex,removed,acoustic MP term from mixed procedure
Fbxo10,JAXLA_CSD_003,Combined SHIRPA and Dysmorphology,abnormal coat/hair pigmentation,kept,non-acoustic MP term from mixed procedure
Grhl2,IMPC_ACS_003,Acoustic Startle and Pre-pulse Inhibition (PPI),increased startle reflex,removed,fully acoustic procedure
Dnajb4,IMPC_CSD_001,Combined SHIRPA and Dysmorphology,abnormal vocalization,kept,non-acoustic MP term from mixed procedure
Baiap2l2,IMPC_ACS_003,Acoustic Startle and Pre-pulse Inhibition (PPI),decreased startle reflex,removed,fully acoustic procedure
Golph3,IMPC_CSD_003,Combined SHIRPA and Dysmorphology,abnormal forelimb morphology,kept,non-acoustic MP term from mixed procedure
Usp53,IMPC_ACS_003,Acoustic Startle and Pre-pulse Inhibition (PPI),decreased prepulse inhibition,removed,fully acoustic procedure
Spink12,JAXLA_CSD_003,Combined SHIRPA and Dysmorphology,abnormal coat/hair pigmentation,kept,non-acoustic MP term from mixed procedure
Cstdc2,IMPC_CSD_003,Combined SHIRPA and Dysmorphology,decreased exploration in new environment,kept,non-acoustic MP term from mixed procedure
Mecom,ESLIM_011_001,Acoustic Startle&PPI,increased startle reflex,removed,fully acoustic procedure
Cyb5d1,IMPC_CSD_001,Combined SHIRPA and Dysmorphology,abnormal tooth morphology,kept,non-acoustic MP term from mixed procedure
Fastkd5,IMPC_CSD_001,Combined SHIRPA and Dysmorphology,impaired righting response,kept,non-acoustic MP term from mixed procedure
Rab5b,IMPC_ACS_003,Acoustic Startle and Pre-pulse Inhibition (PPI),increased startle reflex,removed,fully acoustic procedure
Ralgps1,IMPC_ACS_003,Acoustic Startle and Pre-pulse Inhibition (PPI),increased startle reflex,removed,fully acoustic procedure
Rnf25,IMPC_CSD_001,Combined SHIRPA and Dysmorphology,impaired righting response,kept,non-acoustic MP term from mixed procedure
Rnf34,IMPC_CSD_003,Combined SHIRPA and Dysmorphology,abnormal coat/hair pigmentation,kept,non-acoustic MP term from mixed procedure
Zfp715,ESLIM_011_001,Acoustic Startle&PPI,increased startle reflex,removed,fully acoustic procedure
Trpc3,ESLIM_011_001,Acoustic Startle&PPI,increased startle reflex,removed,fully acoustic procedure
Rnf166,IMPC_ACS_003,Acoustic Startle and Pre-pulse Inhibition (PPI),increased startle reflex,removed,fully acoustic procedure
Tsen15,IMPC_CSD_003,Combined SHIRPA and Dysmorphology,abnormal vocalization,kept,non-acoustic MP term from mixed procedure
Mfsd4b4,JAXLA_CSD_003,Combined SHIRPA and Dysmorphology,limb grasping,kept,non-acoustic MP term from mixed procedure
Aste1,ESLIM_008_001,Modified SHIRPA,abnormal locomotor activation,kept,non-acoustic MP term from mixed procedure
Itsn1,IMPC_CSD_003,Combined SHIRPA and Dysmorphology,decreased exploration in new environment,kept,non-acoustic MP term from mixed procedure
Dhtkd1,IMPC_ACS_003,Acoustic Startle and Pre-pulse Inhibition (PPI),increased startle reflex,removed,fully acoustic procedure
Arl6ip1,IMPC_CSD_003,Combined SHIRPA and Dysmorphology,limb grasping,kept,non-acoustic MP term from mixed procedure
Brip1,JAXLA_CSD_003,Combined SHIRPA and Dysmorphology,abnormal limb position,kept,non-acoustic MP term from mixed procedure
Ptprk,JAXLA_CSD_003,Combined SHIRPA and Dysmorphology,abnormal coat/hair pigmentation,kept,non-acoustic MP term from mixed procedure
Flot2,ESLIM_011_001,Acoustic Startle&PPI,decreased prepulse inhibition,removed,fully acoustic procedure
Samd11,IMPC_CSD_001,Combined SHIRPA and Dysmorphology,abnormal coat/hair pigmentation,kept,non-acoustic MP term from mixed procedure
Tmie,IMPC_CSD_001,Combined SHIRPA and Dysmorphology,abnormal vocalization,kept,non-acoustic MP term from mixed procedure
Tnrc6c,IMPC_CSD_001,Combined SHIRPA and Dysmorphology,abnormal vocalization,kept,non-acoustic MP term from mixed procedure
Elmod1,ESLIM_008_001,Modified SHIRPA,abnormal startle reflex,removed,acoustic MP term from mixed procedure
Gmds,MGP_CSD_001,Combined SHIRPA and Dysmorphology,abnormal snout morphology,kept,non-acoustic MP term from mixed procedure
Fhip1b,IMPC_CSD_003,Combined SHIRPA and Dysmorphology,decreased exploration in new environment,kept,non-acoustic MP term from mixed procedure
Rnf10,IMPC_ACS_003,Acoustic Startle and Pre-pulse Inhibition (PPI),decreased prepulse inhibition,removed,fully acoustic procedure
Atxn7l3,IMPC_CSD_003,Combined SHIRPA and Dysmorphology,abnormal coat/hair pigmentation,kept,non-acoustic MP term from mixed procedure
Scaf8,IMPC_CSD_003,Combined SHIRPA and Dysmorphology,abnormal coat/hair pigmentation,kept,non-acoustic MP term from mixed procedure
Myo1d,IMPC_ACS_003,Acoustic Startle and Pre-pulse Inhibition (PPI),decreased startle reflex,removed,fully acoustic procedure
Retreg3,IMPC_ACS_003,Acoustic Startle and Pre-pulse Inhibition (PPI),decreased prepulse inhibition,removed,fully acoustic procedure
Arl6ip1,IMPC_CSD_003,Combined SHIRPA and Dysmorphology,abnormal gait,kept,non-acoustic MP term from mixed procedure
Nptn,IMPC_ACS_003,Acoustic Startle and Pre-pulse Inhibition (PPI),decreased prepulse inhibition,removed,fully acoustic procedure
Vdac3,IMPC_CSD_002,Combined SHIRPA and Dysmorphology,abnormal coat appearance,kept,non-acoustic MP term from mixed procedure
Sox21,IMPC_CSD_003,Combined SHIRPA and Dysmorphology,decreased exploration in new environment,kept,non-acoustic MP term from mixed procedure
Rimklb,JAXLA_CSD_003,Combined SHIRPA and Dysmorphology,increased exploration in new environment,kept,non-acoustic MP term from mixed procedure
Pcyox1l,IMPC_ABR_002,Auditory Brain Stem Response,abnormal auditory brainstem response,removed,fully acoustic procedure
Cars1,IMPC_ACS_003,Acoustic Startle and Pre-pulse Inhibition (PPI),decreased prepulse inhibition,removed,fully acoustic procedure
Tm4sf5,KMPCLA_CSD_003,Combined SHIRPA and Dysmorphology,abnormal skin coloration,kept,non-acoustic MP term from mixed procedure
Agap1,MGP_CSD_001,Combined SHIRPA and Dysmorphology,absent pinna reflex,removed,acoustic MP term from mixed procedure
Smoc1,IMPC_CSD_003,Combined SHIRPA and Dysmorphology,abnormal digit morphology,kept,non-acoustic MP term from mixed procedure
Tmem79,IMPC_CSD_003,Combined SHIRPA and Dysmorphology,abnormal coat appearance,kept,non-acoustic MP term from mixed procedure
Rgs2,IMPC_CSD_003,Combined SHIRPA and Dysmorphology,abnormal tooth morphology,kept,non-acoustic MP term from mixed procedure
Dnase1l2,IMPC_CSD_002,Combined SHIRPA and Dysmorphology,abnormal autopod morphology,kept,non-acoustic MP term from mixed procedure
Lyn,IMPC_CSD_003,Combined SHIRPA and Dysmorphology,abnormal gait,kept,non-acoustic MP term from mixed procedure
Nin,IMPC_ACS_003,Acoustic Startle and Pre-pulse Inhibition (PPI),decreased prepulse inhibition,removed,fully acoustic procedure
H3f3b,IMPC_ACS_003,Acoustic Startle and Pre-pulse Inhibition (PPI),increased startle reflex,removed,fully acoustic procedure
Ltbp3,IMPC_CSD_003,Combined SHIRPA and Dysmorphology,abnormal tooth morphology,kept,non-acoustic MP term from mixed procedure
Gria1,HRWLLA_CSD_003,Combined SHIRPA and Dysmorphology,abnormal gait,kept,non-acoustic MP term from mixed procedure
Sec14l4,IMPC_ACS_003,Acoustic Startle and Pre-pulse Inhibition (PPI),increased startle reflex,removed,fully acoustic procedure
Fkbp1b,IMPC_ACS_003,Acoustic Startle and Pre-pulse Inhibition (PPI),increased startle reflex,removed,fully acoustic procedure
Slc17a8,IMPC_CSD_003,Combined SHIRPA and Dysmorphology,abnormal startle reflex,removed,acoustic MP term from mixed procedure
Ncam2,IMPC_CSD_003,Combined SHIRPA and Dysmorphology,decreased exploration in new environment,kept,non-acoustic MP term from mixed procedure
Oser1,IMPC_ACS_003,Acoustic Startle and Pre-pulse Inhibition (PPI),decreased prepulse inhibition,removed,fully acoustic procedure
Klk15,IMPC_ACS_003,Acoustic Startle and Pre-pulse Inhibition (PPI),decreased prepulse inhibition,removed,fully acoustic procedure
Ptchd1,IMPC_CSD_003,Combined SHIRPA and Dysmorphology,abnormal locomotor behavior,kept,non-acoustic MP term from mixed procedure
Plcb4,IMPC_CSD_003,Combined SHIRPA and Dysmorphology,abnormal gait,kept,non-acoustic MP term from mixed procedure
Endod1,IMPC_ABR_002,Auditory Brain Stem Response,abnormal auditory brainstem response,removed,fully acoustic procedure
Psca,IMPC_CSD_003,Combined SHIRPA and Dysmorphology,abnormal skin coloration,kept,non-acoustic MP term from mixed procedure
Col9a2,IMPC_ACS_003,Acoustic Startle and Pre-pulse Inhibition (PPI),decreased prepulse inhibition,removed,fully acoustic procedure
Obp2b,KMPCLA_CSD_003,Combined SHIRPA and Dysmorphology,abnormal coat/ hair morphology,kept,non-acoustic MP term from mixed procedure
Syngr2,IMPC_CSD_003,Combined SHIRPA and Dysmorphology,absent vibrissae,kept,non-acoustic MP term from mixed procedure
Npepps,IMPC_CSD_002,Combined SHIRPA and Dysmorphology,abnormal tooth morphology,kept,non-acoustic MP term from mixed procedure
Nrxn2,IMPC_CSD_003,Combined SHIRPA and Dysmorphology,abnormal gait,kept,non-acoustic MP term from mixed procedure
Bloc1s5,IMPC_CSD_003,Combined SHIRPA and Dysmorphology,abnormal skin coloration,kept,non-acoustic MP term from mixed procedure
Cib1,IMPC_CSD_003,Combined SHIRPA and Dysmorphology,abnormal locomotor behavior,kept,non-acoustic MP term from mixed procedure
Trim44,IMPC_CSD_003,Combined SHIRPA and Dysmorphology,head bobbing,kept,non-acoustic MP term from mixed procedure
Nptn,IMPC_ACS_003,Acoustic Startle and Pre-pulse Inhibition (PPI),decreased prepulse inhibition,removed,fully acoustic procedure
Mmp11,IMPC_CSD_003,Combined SHIRPA and Dysmorphology,abnormal skin coloration,kept,non-acoustic MP term from mixed procedure
Chmp7,JAXLA_CSD_003,Combined SHIRPA and Dysmorphology,abnormal coat/hair pigmentation,kept,non-acoustic MP term from mixed procedure
Gdf5,IMPC_CSD_003,Combined SHIRPA and Dysmorphology,abnormal digit morphology,kept,non-acoustic MP term from mixed procedure
Nsd3,IMPC_ACS_003,Acoustic Startle and Pre-pulse Inhibition (PPI),increased startle reflex,removed,fully acoustic procedure
Tmem79,IMPC_CSD_001,Combined SHIRPA and Dysmorphology,abnormal coat appearance,kept,non-acoustic MP term from mixed procedure
Sbf1,IMPC_ACS_003,Acoustic Startle and Pre-pulse Inhibition (PPI),decreased prepulse inhibition,removed,fully acoustic procedure
Kng2,MGP_CSD_001,Combined SHIRPA and Dysmorphology,abnormal response to new environment,kept,non-acoustic MP term from mixed procedure
Dusp18,JAXLA_CSD_003,Combined SHIRPA and Dysmorphology,abnormal vocalization,kept,non-acoustic MP term from mixed procedure
Clic5,IMPC_ACS_003,Acoustic Startle and Pre-pulse Inhibition (PPI),decreased prepulse inhibition,removed,fully acoustic procedure
Irgc,IMPC_ACS_003,Acoustic Startle and Pre-pulse Inhibition (PPI),increased startle reflex,removed,fully acoustic procedure
Trf,JAXLA_CSD_003,Combined SHIRPA and Dysmorphology,limb grasping,kept,non-acoustic MP term from mixed procedure
Fkbp10,ESLIM_011_001,Acoustic Startle&PPI,increased startle reflex,removed,fully acoustic procedure
Osbpl8,IMPC_ABR_002,Auditory Brain Stem Response,abnormal auditory brainstem response,removed,fully acoustic procedure
Hipk2,IMPC_CSD_003,Combined SHIRPA and Dysmorphology,abnormal tooth morphology,kept,non-acoustic MP term from mixed procedure
Fitm2,IMPC_ACS_003,Acoustic Startle and Pre-pulse Inhibition (PPI),decreased prepulse inhibition,removed,fully acoustic procedure
Atp2b3,JAXLA_CSD_003,Combined SHIRPA and Dysmorphology,abnormal coat/hair pigmentation,kept,non-acoustic MP term from mixed procedure
Far2,IMPC_CSD_003,Combined SHIRPA and Dysmorphology,abnormal coat appearance,kept,non-acoustic MP term from mixed procedure
Tppp,IMPC_CSD_001,Combined SHIRPA and Dysmorphology,increased exploration in new environment,kept,non-acoustic MP term from mixed procedure
Usp31,HRWLLA_CSD_003,Combined SHIRPA and Dysmorphology,decreased exploration in new environment,kept,non-acoustic MP term from mixed procedure
Brpf1,ESLIM_011_001,Acoustic Startle&PPI,increased startle reflex,removed,fully acoustic procedure
Osbpl8,IMPC_ACS_003,Acoustic Startle and Pre-pulse Inhibition (PPI),decreased prepulse inhibition,removed,fully acoustic procedure
Frrs1l,IMPC_CSD_003,Combined SHIRPA and Dysmorphology,abnormal locomotor behavior,kept,non-acoustic MP term from mixed procedure
Thra,ICSLA_CSD_003,Combined SHIRPA and Dysmorphology,decreased exploration in new environment,kept,non-acoustic MP term from mixed procedure
Tmem178b,MGP_CSD_001,Combined SHIRPA and Dysmorphology,abnormal hair growth,kept,non-acoustic MP term from mixed procedure
Cabp2,IMPC_CSD_001,Combined SHIRPA and Dysmorphology,abnormal vocalization,kept,non-acoustic MP term from mixed procedure
Tspan11,IMPC_CSD_003,Combined SHIRPA and Dysmorphology,abnormal vocalization,kept,non-acoustic MP term from mixed procedure
Kcnma1,IMPC_CSD_003,Combined SHIRPA and Dysmorphology,abnormal ear morphology,kept,non-acoustic MP term from mixed procedure
Dlat,IMPC_ACS_003,Acoustic Startle and Pre-pulse Inhibition (PPI),decreased prepulse inhibition,removed,fully acoustic procedure
Vangl2,ESLIM_008_001,Modified SHIRPA,abnormal tail movements,kept,non-acoustic MP term from mixed procedure
Ube2g1,IMPC_ABR_002,Auditory Brain Stem Response,abnormal auditory brainstem response,removed,fully acoustic procedure
Cdk13,IMPC_ACS_003,Acoustic Startle and Pre-pulse Inhibition (PPI),increased startle reflex,removed,fully acoustic procedure
Clcn1,IMPC_ACS_003,Acoustic Startle and Pre-pulse Inhibition (PPI),decreased prepulse inhibition,removed,fully acoustic procedure
Mxra8,IMPC_CSD_003,Combined SHIRPA and Dysmorphology,abnormal locomotor behavior,kept,non-acoustic MP term from mixed procedure
Zbtb16,IMPC_CSD_003,Combined SHIRPA and Dysmorphology,abnormal gait,kept,non-acoustic MP term from mixed procedure
Baiap2l2,IMPC_ACS_003,Acoustic Startle and Pre-pulse Inhibition (PPI),decreased prepulse inhibition,removed,fully acoustic procedure
Npepps,IMPC_CSD_002,Combined SHIRPA and Dysmorphology,abnormal tooth morphology,kept,non-acoustic MP term from mixed procedure
Colec12,IMPC_ACS_003,Acoustic Startle and Pre-pulse Inhibition (PPI),increased startle reflex,removed,fully acoustic procedure
Tom1l1,IMPC_CSD_003,Combined SHIRPA and Dysmorphology,abnormal locomotor behavior,kept,non-acoustic MP term from mixed procedure
Cacnb4,ESLIM_011_001,Acoustic Startle&PPI,increased startle reflex,removed,fully acoustic procedure
Tmem79,IMPC_CSD_001,Combined SHIRPA and Dysmorphology,abnormal coat appearance,kept,non-acoustic MP term from mixed procedure
Fndc3b,IMPC_CSD_003,Combined SHIRPA and Dysmorphology,abnormal coat/hair pigmentation,kept,non-acoustic MP term from mixed procedure
Cep128,IMPC_ABR_002,Auditory Brain Stem Response,abnormal auditory brainstem response,removed,fully acoustic procedure
Eps8l2,IMPC_CSD_003,Combined SHIRPA and Dysmorphology,abnormal startle reflex,removed,acoustic MP term from mixed procedure
Tox,IMPC_ABR_002,Auditory Brain Stem Response,abnormal auditory brainstem response,removed,fully acoustic procedure
Kcng3,IMPC_CSD_003,Combined SHIRPA and Dysmorphology,abnormal coat/hair pigmentation,kept,non-acoustic MP term from mixed procedure
Abcb4,ESLIM_011_001,Acoustic Startle&PPI,increased startle reflex,removed,fully acoustic procedure
Prr9,IMPC_CSD_003,Combined SHIRPA and Dysmorphology,abnormal coat/hair pigmentation,kept,non-acoustic MP term from mixed procedure
Hmbs,IMPC_ACS_003,Acoustic Startle and Pre-pulse Inhibition (PPI),increased startle reflex,removed,fully acoustic procedure
Gipc2,IMPC_CSD_001,Combined SHIRPA and Dysmorphology,abnormal coat/ hair morphology,kept,non-acoustic MP term from mixed procedure
Dnmbp,IMPC_ACS_003,Acoustic Startle and Pre-pulse Inhibition (PPI),increased prepulse inhibition,removed,fully acoustic procedure
Zc3h13,IMPC_CSD_001,Combined SHIRPA and Dysmorphology,abnormal coat/hair pigmentation,kept,non-acoustic MP term from mixed procedure
Adamts2,IMPC_CSD_003,Combined SHIRPA and Dysmorphology,abnormal tail morphology,kept,non-acoustic MP term from mixed procedure
Gdpd5,IMPC_ACS_003,Acoustic Startle and Pre-pulse Inhibition (PPI),decreased prepulse inhibition,removed,fully acoustic procedure
Dsg2,IMPC_CSD_003,Combined SHIRPA and Dysmorphology,abnormal coat appearance,kept,non-acoustic MP term from mixed procedure
Cgref1,JAXLA_CSD_003,Combined SHIRPA and Dysmorphology,abnormal coat/hair pigmentation,kept,non-acoustic MP term from mixed procedure
Gipr,BCMLA_CSD_003,Combined SHIRPA and Dysmorphology,impaired righting response,kept,non-acoustic MP term from mixed procedure
Fezf2,IMPC_ACS_003,Acoustic Startle and Pre-pulse Inhibition (PPI),decreased prepulse inhibition,removed,fully acoustic procedure
Cyp4f14,IMPC_CSD_002,Combined SHIRPA and Dysmorphology,abnormal coat/hair pigmentation,kept,non-acoustic MP term from mixed procedure
Prkg1,IMPC_ACS_003,Acoustic Startle and Pre-pulse Inhibition (PPI),increased startle reflex,removed,fully acoustic procedure
Zfp831,IMPC_CSD_003,Combined SHIRPA and Dysmorphology,abnormal coat appearance,kept,non-acoustic MP term from mixed procedure
Tmie,IMPC_CSD_001,Combined SHIRPA and Dysmorphology,increased aggression,kept,non-acoustic MP term from mixed procedure
Cfhr1,IMPC_CSD_003,Combined SHIRPA and Dysmorphology,limb grasping,kept,non-acoustic MP term from mixed procedure
Lrp6,IMPC_CSD_003,Combined SHIRPA and Dysmorphology,abnormal coat appearance,kept,non-acoustic MP term from mixed procedure
Slc4a10,IMPC_ABR_002,Auditory Brain Stem Response,abnormal auditory brainstem response,removed,fully acoustic procedure
Mkrn2,IMPC_ABR_001,Auditory Brain Stem Response,abnormal auditory brainstem response,removed,fully acoustic procedure
Arvcf,IMPC_ACS_003,Acoustic Startle and Pre-pulse Inhibition (PPI),decreased prepulse inhibition,removed,fully acoustic procedure
Snf8,ESLIM_008_001,Modified SHIRPA,abnormal tail movements,kept,non-acoustic MP term from mixed procedure
Endog,IMPC_CSD_003,Combined SHIRPA and Dysmorphology,abnormal coat/hair pigmentation,kept,non-acoustic MP term from mixed procedure
Lepr,IMPC_CSD_003,Combined SHIRPA and Dysmorphology,impaired righting response,kept,non-acoustic MP term from mixed procedure
Epdr1,IMPC_CSD_003,Combined SHIRPA and Dysmorphology,decreased exploration in new environment,kept,non-acoustic MP term from mixed procedure
4930563E22Rik,IMPC_CSD_003,Combined SHIRPA and Dysmorphology,limb grasping,kept,non-acoustic MP term from mixed procedure
Rel,IMPC_CSD_003,Combined SHIRPA and Dysmorphology,absent vibrissae,kept,non-acoustic MP term from mixed procedure
Elmod1,IMPC_ACS_003,Acoustic Startle and Pre-pulse Inhibition (PPI),decreased prepulse inhibition,removed,fully acoustic procedure
Grxcr1,IMPC_CSD_003,Combined SHIRPA and Dysmorphology,abnormal ear morphology,kept,non-acoustic MP term from mixed procedure
Hr,IMPC_CSD_003,Combined SHIRPA and Dysmorphology,abnormal vibrissa morphology,kept,non-acoustic MP term from mixed procedure
Ddc,IMPC_CSD_002,Combined SHIRPA and Dysmorphology,abnormal tooth morphology,kept,non-acoustic MP term from mixed procedure
Ccdc184,IMPC_CSD_003,Combined SHIRPA and Dysmorphology,absent vibrissae,kept,non-acoustic MP term from mixed procedure
Kcnj16,ESLIM_008_001,Modified SHIRPA,tremors,kept,non-acoustic MP term from mixed procedure
Rap1gap2,IMPC_ABR_002,Auditory Brain Stem Response,abnormal auditory brainstem response,removed,fully acoustic procedure
Carmil2,IMPC_CSD_003,Combined SHIRPA and Dysmorphology,abnormal coat/hair pigmentation,kept,non-acoustic MP term from mixed procedure
Zfp174,JAXLA_CSD_003,Combined SHIRPA and Dysmorphology,abnormal tail morphology,kept,non-acoustic MP term from mixed procedure
H2-M3,IMPC_ACS_003,Acoustic Startle and Pre-pulse Inhibition (PPI),decreased prepulse inhibition,removed,fully acoustic procedure
Nin,IMPC_ACS_003,Acoustic Startle and Pre-pulse Inhibition (PPI),decreased prepulse inhibition,removed,fully acoustic procedure
Tecrl,IMPC_CSD_003,Combined SHIRPA and Dysmorphology,absent vibrissae,kept,non-acoustic MP term from mixed procedure
Fus,IMPC_ACS_003,Acoustic Startle and Pre-pulse Inhibition (PPI),increased prepulse inhibition,removed,fully acoustic procedure
Lonp1,IMPC_ACS_003,Acoustic Startle and Pre-pulse Inhibition (PPI),decreased prepulse inhibition,removed,fully acoustic procedure
Atp8b1,IMPC_ACS_003,Acoustic Startle and Pre-pulse Inhibition (PPI),decreased prepulse inhibition,removed,fully acoustic procedure
Vgf,IMPC_CSD_003,Combined SHIRPA and Dysmorphology,increased exploration in new environment,kept,non-acoustic MP term from mixed procedure
Aspa,IMPC_ACS_003,Acoustic Startle and Pre-pulse Inhibition (PPI),decreased startle reflex,removed,fully acoustic procedure
Adam23,IMPC_CSD_003,Combined SHIRPA and Dysmorphology,abnormal tooth morphology,kept,non-acoustic MP term from mixed procedure
Mier1,ESLIM_008_001,Modified SHIRPA,abnormal tail movements,kept,non-acoustic MP term from mixed procedure
Egfem1,JAXLA_CSD_003,Combined SHIRPA and Dysmorphology,abnormal startle reflex,removed,acoustic MP term from mixed procedure
Mfn2,IMPC_CSD_002,Combined SHIRPA and Dysmorphology,abnormal gait,kept,non-acoustic MP term from mixed procedure
Mllt6,TCPIP_CSD_003,Combined SHIRPA and Dysmorphology,decreased exploration in new environment,kept,non-acoustic MP term from mixed procedure
Idua,IMPC_CSD_002,Combined SHIRPA and Dysmorphology,abnormal startle reflex,removed,acoustic MP term from mixed procedure
Tubb4b,IMPC_CSD_001,Combined SHIRPA and Dysmorphology,abnormal coat appearance,kept,non-acoustic MP term from mixed procedure
Tmem30b,IMPC_CSD_003,Combined SHIRPA and Dysmorphology,abnormal coat/hair pigmentation,kept,non-acoustic MP term from mixed procedure
Gsto1,JAXLA_CSD_003,Combined SHIRPA and Dysmorphology,abnormal coat/hair pigmentation,kept,non-acoustic MP term from mixed procedure
Slc5a5,IMPC_CSD_003,Combined SHIRPA and Dysmorphology,increased exploration in new environment,kept,non-acoustic MP term from mixed procedure
Aph1c,IMPC_CSD_003,Combined SHIRPA and Dysmorphology,abnormal coat/hair pigmentation,kept,non-acoustic MP term from mixed procedure
Mboat1,IMPC_ACS_003,Acoustic Startle and Pre-pulse Inhibition (PPI),decreased prepulse inhibition,removed,fully acoustic procedure
Kmt2e,MGP_CSD_001,Combined SHIRPA and Dysmorphology,absent pinna reflex,removed,acoustic MP term from mixed procedure
Npr2,IMPC_CSD_003,Combined SHIRPA and Dysmorphology,tremors,kept,non-acoustic MP term from mixed procedure
Phldb3,IMPC_ABR_002,Auditory Brain Stem Response,abnormal auditory brainstem response,removed,fully acoustic procedure
Vamp3,MGP_CSD_001,Combined SHIRPA and Dysmorphology,abnormal vibrissa morphology,kept,non-acoustic MP term from mixed procedure
Id3,IMPC_ACS_003,Acoustic Startle and Pre-pulse Inhibition (PPI),decreased prepulse inhibition,removed,fully acoustic procedure
Sik3,MGP_CSD_001,Combined SHIRPA and Dysmorphology,abnormal coat/hair pigmentation,kept,non-acoustic MP term from mixed procedure
Cacna2d1,IMPC_CSD_003,Combined SHIRPA and Dysmorphology,decreased exploration in new environment,kept,non-acoustic MP term from mixed procedure
Atp1a3,IMPC_CSD_003,Combined SHIRPA and Dysmorphology,abnormal locomotor behavior,kept,non-acoustic MP term from mixed procedure
Zfp711,JAXLA_CSD_003,Combined SHIRPA and Dysmorphology,abnormal locomotor behavior,kept,non-acoustic MP term from mixed procedure
Aak1,IMPC_ABR_002,Auditory Brain Stem Response,abnormal auditory brainstem response,removed,fully acoustic procedure
Zfp719,IMPC_ABR_001,Auditory Brain Stem Response,abnormal auditory brainstem response,removed,fully acoustic procedure
Pcgf3,IMPC_ACS_003,Acoustic Startle and Pre-pulse Inhibition (PPI),decreased prepulse inhibition,removed,fully acoustic procedure
Mical3,IMPC_CSD_001,Combined SHIRPA and Dysmorphology,abnormal coat/hair pigmentation,kept,non-acoustic MP term from mixed procedure
Ifit3,IMPC_ACS_003,Acoustic Startle and Pre-pulse Inhibition (PPI),increased startle reflex,removed,fully acoustic procedure
Fam83g,ESLIM_008_001,Modified SHIRPA,abnormal gait,kept,non-acoustic MP term from mixed procedure
Pcyox1l,IMPC_ABR_002,Auditory Brain Stem Response,abnormal auditory brainstem response,removed,fully acoustic procedure
Eps8l2,IMPC_CSD_003,Combined SHIRPA and Dysmorphology,abnormal snout morphology,kept,non-acoustic MP term from mixed procedure
Shank1,UCDLA_CSD_003,Combined SHIRPA and Dysmorphology,decreased exploration in new environment,kept,non-acoustic MP term from mixed procedure
Lpin2,IMPC_ACS_003,Acoustic Startle and Pre-pulse Inhibition (PPI),decreased prepulse inhibition,removed,fully acoustic procedure
Brpf1,ESLIM_011_001,Acoustic Startle&PPI,increased startle reflex,removed,fully acoustic procedure
Lrrc51,IMPC_CSD_003,Combined SHIRPA and Dysmorphology,abnormal skin coloration,kept,non-acoustic MP term from mixed procedure
Usp53,IMPC_ACS_003,Acoustic Startle and Pre-pulse Inhibition (PPI),decreased prepulse inhibition,removed,fully acoustic procedure
Cops4,ESLIM_011_001,Acoustic Startle&PPI,increased startle reflex,removed,fully acoustic procedure
Il22,IMPC_ACS_003,Acoustic Startle and Pre-pulse Inhibition (PPI),decreased startle reflex,removed,fully acoustic procedure
Tedc2,IMPC_CSD_001,Combined SHIRPA and Dysmorphology,abnormal vocalization,kept,non-acoustic MP term from mixed procedure
Hps6,IMPC_CSD_003,Combined SHIRPA and Dysmorphology,abnormal coat/hair pigmentation,kept,non-acoustic MP term from mixed procedure
Fkbp10,ESLIM_011_001,Acoustic Startle&PPI,increased startle reflex,removed,fully acoustic procedure
Slc46a1,IMPC_CSD_001,Combined SHIRPA and Dysmorphology,abnormal coat appearance,kept,non-acoustic MP term from mixed procedure
Actrt3,IMPC_CSD_001,Combined SHIRPA and Dysmorphology,abnormal coat/ hair morphology,kept,non-acoustic MP term from mixed procedure
Ccdc9b,IMPC_ACS_003,Acoustic Startle and Pre-pulse Inhibition (PPI),decreased prepulse inhibition,removed,fully acoustic procedure
Spg11,IMPC_ACS_003,Acoustic Startle and Pre-pulse Inhibition (PPI),increased startle reflex,removed,fully acoustic procedure
Golt1b,HMGULA_SHI_001,SHIRPA,abnormal gait,kept,non-acoustic MP term from mixed procedure
Mapk11,IMPC_CSD_003,Combined SHIRPA and Dysmorphology,decreased exploration in new environment,kept,non-acoustic MP term from mixed procedure
Plekhm1,IMPC_ACS_003,Acoustic Startle and Pre-pulse Inhibition (PPI),decreased prepulse inhibition,removed,fully acoustic procedure
Ncor2,ESLIM_011_001,Acoustic Startle&PPI,increased startle reflex,removed,fully acoustic procedure
Meis1,IMPC_ACS_003,Acoustic Startle and Pre-pulse Inhibition (PPI),decreased prepulse inhibition,removed,fully acoustic procedure
Gnas,ESLIM_011_001,Acoustic Startle&PPI,increased startle reflex,removed,fully acoustic procedure
Fgf11,ESLIM_008_001,Modified SHIRPA,abnormal response to tactile stimuli,kept,non-acoustic MP term from mixed procedure
Sec63,IMPC_CSD_003,Combined SHIRPA and Dysmorphology,abnormal vibrissa morphology,kept,non-acoustic MP term from mixed procedure
Rtraf,IMPC_CSD_003,Combined SHIRPA and Dysmorphology,decreased exploration in new environment,kept,non-acoustic MP term from mixed procedure
Rnf187,IMPC_ACS_003,Acoustic Startle and Pre-pulse Inhibition (PPI),increased startle reflex,removed,fully acoustic procedure
Plag1,IMPC_ACS_003,Acoustic Startle and Pre-pulse Inhibition (PPI),decreased startle reflex,removed,fully acoustic procedure
Nedd4l,IMPC_ACS_003,Acoustic Startle and Pre-pulse Inhibition (PPI),decreased prepulse inhibition,removed,fully acoustic procedure
Polr1f,IMPC_CSD_003,Combined SHIRPA and Dysmorphology,abnormal skin coloration,kept,non-acoustic MP term from mixed procedure
Pigg,IMPC_CSD_003,Combined SHIRPA and Dysmorphology,abnormal gait,kept,non-acoustic MP term from mixed procedure
Lyst,IMPC_CSD_003,Combined SHIRPA and Dysmorphology,abnormal coat/hair pigmentation,kept,non-acoustic MP term from mixed procedure
Rhbdf2,MGP_CSD_001,Combined SHIRPA and Dysmorphology,abnormal coat appearance,kept,non-acoustic MP term from mixed procedure
Hecw1,HRWLIP_CSD_003,Combined SHIRPA and Dysmorphology,impaired righting response,kept,non-acoustic MP term from mixed procedure
Ubxn1,IMPC_CSD_001,Combined SHIRPA and Dysmorphology,abnormal locomotor behavior,kept,non-acoustic MP term from mixed procedure
Krt17,IMPC_CSD_003,Combined SHIRPA and Dysmorphology,abnormal coat/hair pigmentation,kept,non-acoustic MP term from mixed procedure
Ncor2,ESLIM_008_001,Modified SHIRPA,abnormal tail movements,kept,non-acoustic MP term from mixed procedure
Atp6ap1l,IMPC_CSD_002,Combined SHIRPA and Dysmorphology,abnormal tooth morphology,kept,non-acoustic MP term from mixed procedure
Vgf,IMPC_CSD_003,Combined SHIRPA and Dysmorphology,abnormal locomotor behavior,kept,non-acoustic MP term from mixed procedure
Xylb,ESLIM_011_001,Acoustic Startle&PPI,decreased prepulse inhibition,removed,fully acoustic procedure
Strbp,IMPC_ACS_003,Acoustic Startle and Pre-pulse Inhibition (PPI),decreased prepulse inhibition,removed,fully acoustic procedure
Sox21,IMPC_CSD_003,Combined SHIRPA and Dysmorphology,abnormal coat/ hair morphology,kept,non-acoustic MP term from mixed procedure
Hoxc13,IMPC_CSD_003,Combined SHIRPA and Dysmorphology,abnormal coat/hair pigmentation,kept,non-acoustic MP term from mixed procedure
Septin8,ESLIM_011_001,Acoustic Startle&PPI,increased startle reflex,removed,fully acoustic procedure
Agap1,IMPC_ABR_001,Auditory Brain Stem Response,abnormal auditory brainstem response,removed,fully acoustic procedure
Npr2,IMPC_CSD_003,Combined SHIRPA and Dysmorphology,abnormal forelimb morphology,kept,non-acoustic MP term from mixed procedure
Tmem51,IMPC_ACS_003,Acoustic Startle and Pre-pulse Inhibition (PPI),decreased prepulse inhibition,removed,fully acoustic procedure
Ash2l,IMPC_CSD_003,Combined SHIRPA and Dysmorphology,abnormal coat appearance,kept,non-acoustic MP term from mixed procedure
Eef1b2,JAXLA_CSD_001,Combined SHIRPA and Dysmorphology,absent vibrissae,kept,non-acoustic MP term from mixed procedure
Setd3,IMPC_ACS_003,Acoustic Startle and Pre-pulse Inhibition (PPI),decreased prepulse inhibition,removed,fully acoustic procedure
Dtx1,IMPC_ACS_003,Acoustic Startle and Pre-pulse Inhibition (PPI),decreased prepulse inhibition,removed,fully acoustic procedure
Zfp146,IMPC_CSD_003,Combined SHIRPA and Dysmorphology,abnormal vibrissa morphology,kept,non-acoustic MP term from mixed procedure
Limk2,ESLIM_011_001,Acoustic Startle&PPI,increased startle reflex,removed,fully acoustic procedure
Brd7,ESLIM_008_001,Modified SHIRPA,tremors,kept,non-acoustic MP term from mixed procedure
Lsm14a,IMPC_ABR_002,Auditory Brain Stem Response,abnormal auditory brainstem response,removed,fully acoustic procedure
Cdca5,IMPC_ABR_002,Auditory Brain Stem Response,abnormal auditory brainstem response,removed,fully acoustic procedure
Gpr150,IMPC_CSD_001,Combined SHIRPA and Dysmorphology,abnormal coat appearance,kept,non-acoustic MP term from mixed procedure
Sun1,IMPC_ACS_003,Acoustic Startle and Pre-pulse Inhibition (PPI),decreased prepulse inhibition,removed,fully acoustic procedure
Cd109,IMPC_CSD_003,Combined SHIRPA and Dysmorphology,absent vibrissae,kept,non-acoustic MP term from mixed procedure
Cyb561,IMPC_CSD_003,Combined SHIRPA and Dysmorphology,abnormal gait,kept,non-acoustic MP term from mixed procedure
Fgf12,BCM_CSD_001,Combined SHIRPA and Dysmorphology,abnormal coat appearance,kept,non-acoustic MP term from mixed procedure
D5Ertd579e,IMPC_CSD_001,Combined SHIRPA and Dysmorphology,abnormal vocalization,kept,non-acoustic MP term from mixed procedure
Ankle1,IMPC_CSD_002,Combined SHIRPA and Dysmorphology,abnormal coat/hair pigmentation,kept,non-acoustic MP term from mixed procedure
Rasal2,MGP_CSD_001,Combined SHIRPA and Dysmorphology,absent pinna reflex,removed,acoustic MP term from mixed procedure
Cox7a2l,IMPC_ACS_003,Acoustic Startle and Pre-pulse Inhibition (PPI),decreased startle reflex,removed,fully acoustic procedure
Med12l,IMPC_CSD_001,Combined SHIRPA and Dysmorphology,abnormal coat/hair pigmentation,kept,non-acoustic MP term from mixed procedure
Mrgprg,IMPC_CSD_001,Combined SHIRPA and Dysmorphology,abnormal coat/hair pigmentation,kept,non-acoustic MP term from mixed procedure
Npr2,IMPC_CSD_003,Combined SHIRPA and Dysmorphology,abnormal tail morphology,kept,non-acoustic MP term from mixed procedure
Stx17,IMPC_ABR_002,Auditory Brain Stem Response,abnormal auditory brainstem response,removed,fully acoustic procedure
Fgd5,IMPC_ACS_003,Acoustic Startle and Pre-pulse Inhibition (PPI),decreased prepulse inhibition,removed,fully acoustic procedure
Usp53,IMPC_ACS_003,Acoustic Startle and Pre-pulse Inhibition (PPI),decreased prepulse inhibition,removed,fully acoustic procedure
Srsf5,IMPC_CSD_001,Combined SHIRPA and Dysmorphology,absent vibrissae,kept,non-acoustic MP term from mixed procedure
Eif4e3,M-G-P_008_001,Modified SHIRPA,abnormal gait,kept,non-acoustic MP term from mixed procedure
Cdh23,MGP_CSD_001,Combined SHIRPA and Dysmorphology,trunk curl,kept,non-acoustic MP term from mixed procedure
Dguok,IMPC_CSD_001,Combined SHIRPA and Dysmorphology,abnormal locomotor behavior,kept,non-acoustic MP term from mixed procedure
Tfg,IMPC_CSD_003,Combined SHIRPA and Dysmorphology,abnormal vocalization,kept,non-acoustic MP term from mixed procedure
Ppp2r5e,IMPC_CSD_002,Combined SHIRPA and Dysmorphology,abnormal locomotor behavior,kept,non-acoustic MP term from mixed procedure
Sbf1,IMPC_ACS_003,Acoustic Startle and Pre-pulse Inhibition (PPI),decreased prepulse inhibition,removed,fully acoustic procedure
Pfn4,IMPC_CSD_003,Combined SHIRPA and Dysmorphology,abnormal tail morphology,kept,non-acoustic MP term from mixed procedure
Tmem147,IMPC_CSD_003,Combined SHIRPA and Dysmorphology,abnormal nail morphology,kept,non-acoustic MP term from mixed procedure
Prrg4,IMPC_ACS_003,Acoustic Startle and Pre-pulse Inhibition (PPI),decreased prepulse inhibition,removed,fully acoustic procedure
Nr6a1,ESLIM_011_001,Acoustic Startle&PPI,increased startle reflex,removed,fully acoustic procedure
Ascc2,IMPC_CSD_003,Combined SHIRPA and Dysmorphology,trunk curl,kept,non-acoustic MP term from mixed procedure
Twist1,RBRCLA_CSD_003,Combined SHIRPA and Dysmorphology,abnormal digit morphology,kept,non-acoustic MP term from mixed procedure
Nrcam,IMPC_CSD_001,Combined SHIRPA and Dysmorphology,limb grasping,kept,non-acoustic MP term from mixed procedure
Ttc4,IMPC_CSD_003,Combined SHIRPA and Dysmorphology,limb grasping,kept,non-acoustic MP term from mixed procedure
Ctnnb1,ESLIM_008_001,Modified SHIRPA,abnormal startle reflex,removed,acoustic MP term from mixed procedure
Ctnnb1,ESLIM_011_001,Acoustic Startle&PPI,increased startle reflex,removed,fully acoustic procedure
Elmod1,IMPC_CSD_003,Combined SHIRPA and Dysmorphology,abnormal startle reflex,removed,acoustic MP term from mixed procedure
Mc1r,IMPC_CSD_003,Combined SHIRPA and Dysmorphology,abnormal coat/hair pigmentation,kept,non-acoustic MP term from mixed procedure
Zswim5,IMPC_CSD_003,Combined SHIRPA and Dysmorphology,abnormal coat/hair pigmentation,kept,non-acoustic MP term from mixed procedure
Xylb,ESLIM_008_001,Modified SHIRPA,abnormal response to new environment,kept,non-acoustic MP term from mixed procedure
Il2rb,IMPC_CSD_003,Combined SHIRPA and Dysmorphology,abnormal coat appearance,kept,non-acoustic MP term from mixed procedure
Gdf5,IMPC_CSD_003,Combined SHIRPA and Dysmorphology,abnormal autopod morphology,kept,non-acoustic MP term from mixed procedure
Gar1,ESLIM_008_001,Modified SHIRPA,abnormal tail movements,kept,non-acoustic MP term from mixed procedure
Guf1,IMPC_ABR_002,Auditory Brain Stem Response,abnormal auditory brainstem response,removed,fully acoustic procedure
Ndrg4,IMPC_CSD_003,Combined SHIRPA and Dysmorphology,abnormal gait,kept,non-acoustic MP term from mixed procedure
Rad51ap1,IMPC_ACS_003,Acoustic Startle and Pre-pulse Inhibition (PPI),decreased startle reflex,removed,fully acoustic procedure
Dennd2d,IMPC_ACS_003,Acoustic Startle and Pre-pulse Inhibition (PPI),decreased prepulse inhibition,removed,fully acoustic procedure
Cdc37l1,IMPC_ABR_002,Auditory Brain Stem Response,abnormal auditory brainstem response,removed,fully acoustic procedure
Kcne1,IMPC_ABR_002,Auditory Brain Stem Response,abnormal auditory brainstem response,removed,fully acoustic procedure
Xxylt1,MGP_CSD_001,Combined SHIRPA and Dysmorphology,abnormal vibrissa morphology,kept,non-acoustic MP term from mixed procedure
Baiap2l2,IMPC_ABR_002,Auditory Brain Stem Response,abnormal auditory brainstem response,removed,fully acoustic procedure
Cacng5,IMPC_CSD_003,Combined SHIRPA and Dysmorphology,abnormal locomotor behavior,kept,non-acoustic MP term from mixed procedure
Cnot3,IMPC_CSD_003,Combined SHIRPA and Dysmorphology,abnormal female genitalia morphology,kept,non-acoustic MP term from mixed procedure
Ftl1,IMPC_CSD_003,Combined SHIRPA and Dysmorphology,abnormal tooth morphology,kept,non-acoustic MP term from mixed procedure
Pacs2,ESLIM_011_001,Acoustic Startle&PPI,increased startle reflex,removed,fully acoustic procedure
Atp8a1,ESLIM_011_001,Acoustic Startle&PPI,increased startle reflex,removed,fully acoustic procedure
Twist1,IMPC_CSD_003,Combined SHIRPA and Dysmorphology,abnormal nail morphology,kept,non-acoustic MP term from mixed procedure
Osbpl8,IMPC_ACS_003,Acoustic Startle and Pre-pulse Inhibition (PPI),decreased prepulse inhibition,removed,fully acoustic procedure
Nedd4l,IMPC_ABR_002,Auditory Brain Stem Response,abnormal auditory brainstem response,removed,fully acoustic procedure
Agap1,MGP_CSD_001,Combined SHIRPA and Dysmorphology,abnormal skin coloration,kept,non-acoustic MP term from mixed procedure
Sik3,MGP_CSD_001,Combined SHIRPA and Dysmorphology,abnormal coat/hair pigmentation,kept,non-acoustic MP term from mixed procedure
Tmem255b,ESLIM_008_001,Modified SHIRPA,abnormal startle reflex,removed,acoustic MP term from mixed procedure
Maml2,IMPC_ACS_003,Acoustic Startle and Pre-pulse Inhibition (PPI),decreased prepulse inhibition,removed,fully acoustic procedure
Clk2,IMPC_ACS_003,Acoustic Startle and Pre-pulse Inhibition (PPI),decreased prepulse inhibition,removed,fully acoustic procedure
Cramp1,IMPC_ACS_003,Acoustic Startle and Pre-pulse Inhibition (PPI),decreased prepulse inhibition,removed,fully acoustic procedure
Hcn1,IMPC_CSD_003,Combined SHIRPA and Dysmorphology,abnormal gait,kept,non-acoustic MP term from mixed procedure
Rtl10,JAXLA_CSD_003,Combined SHIRPA and Dysmorphology,abnormal vocalization,kept,non-acoustic MP term from mixed procedure
Smg6,UCDIP_CSD_003,Combined SHIRPA and Dysmorphology,abnormal startle reflex,removed,acoustic MP term from mixed procedure
Ablim3,IMPC_CSD_003,Combined SHIRPA and Dysmorphology,decreased exploration in new environment,kept,non-acoustic MP term from mixed procedure
Npepps,IMPC_CSD_002,Combined SHIRPA and Dysmorphology,abnormal tooth morphology,kept,non-acoustic MP term from mixed procedure
Tulp3,IMPC_ACS_003,Acoustic Startle and Pre-pulse Inhibition (PPI),decreased prepulse inhibition,removed,fully acoustic procedure
Polr1f,IMPC_CSD_003,Combined SHIRPA and Dysmorphology,abnormal locomotor behavior,kept,non-acoustic MP term from mixed procedure
Senp7,IMPC_CSD_002,Combined SHIRPA and Dysmorphology,abnormal coat/hair pigmentation,kept,non-acoustic MP term from mixed procedure
Cdc123,IMPC_CSD_002,Combined SHIRPA and Dysmorphology,abnormal coat/hair pigmentation,kept,non-acoustic MP term from mixed procedure
Barx2,IMPC_CSD_003,Combined SHIRPA and Dysmorphology,abnormal coat/hair pigmentation,kept,non-acoustic MP term from mixed procedure
Usp39,IMPC_CSD_002,Combined SHIRPA and Dysmorphology,abnormal coat/hair pigmentation,kept,non-acoustic MP term from mixed procedure
Rab27a,IMPC_CSD_003,Combined SHIRPA and Dysmorphology,abnormal coat/hair pigmentation,kept,non-acoustic MP term from mixed procedure
Mstn,IMPC_CSD_002,Combined SHIRPA and Dysmorphology,abnormal gait,kept,non-acoustic MP term from mixed procedure
Lbr,IMPC_CSD_003,Combined SHIRPA and Dysmorphology,abnormal forelimb morphology,kept,non-acoustic MP term from mixed procedure
Enpep,IMPC_ACS_003,Acoustic Startle and Pre-pulse Inhibition (PPI),increased startle reflex,removed,fully acoustic procedure
Rab24,IMPC_CSD_001,Combined SHIRPA and Dysmorphology,abnormal coat appearance,kept,non-acoustic MP term from mixed procedure
Dct,IMPC_CSD_003,Combined SHIRPA and Dysmorphology,abnormal coat/hair pigmentation,kept,non-acoustic MP term from mixed procedure
Myc,IMPC_ACS_003,Acoustic Startle and Pre-pulse Inhibition (PPI),decreased prepulse inhibition,removed,fully acoustic procedure
Atxn7l1,IMPC_CSD_003,Combined SHIRPA and Dysmorphology,decreased exploration in new environment,kept,non-acoustic MP term from mixed procedure
Mir96,MGP_CSD_001,Combined SHIRPA and Dysmorphology,trunk curl,kept,non-acoustic MP term from mixed procedure
B9d1,ESLIM_008_001,Modified SHIRPA,abnormal response to tactile stimuli,kept,non-acoustic MP term from mixed procedure
Zfp719,IMPC_ABR_001,Auditory Brain Stem Response,abnormal auditory brainstem response,removed,fully acoustic procedure
Zfp69,IMPC_ACS_003,Acoustic Startle and Pre-pulse Inhibition (PPI),increased startle reflex,removed,fully acoustic procedure
Zfp652,IMPC_ABR_002,Auditory Brain Stem Response,abnormal auditory brainstem response,removed,fully acoustic procedure
Ube2i,IMPC_CSD_001,Combined SHIRPA and Dysmorphology,abnormal vocalization,kept,non-acoustic MP term from mixed procedure
Mc1r,IMPC_CSD_003,Combined SHIRPA and Dysmorphology,abnormal coat/hair pigmentation,kept,non-acoustic MP term from mixed procedure
Runx2,IMPC_ACS_003,Acoustic Startle and Pre-pulse Inhibition (PPI),decreased prepulse inhibition,removed,fully acoustic procedure
Mettl5,IMPC_ABR_002,Auditory Brain Stem Response,abnormal auditory brainstem response,removed,fully acoustic procedure
Yeats2,JAXLA_CSD_003,Combined SHIRPA and Dysmorphology,abnormal coat/hair pigmentation,kept,non-acoustic MP term from mixed procedure
Ppp4r3b,HMGULA_SHI_001,SHIRPA,abnormal gait,kept,non-acoustic MP term from mixed procedure
Epb41l1,IMPC_CSD_001,Combined SHIRPA and Dysmorphology,increased exploration in new environment,kept,non-acoustic MP term from mixed procedure
Ctsa,IMPC_CSD_003,Combined SHIRPA and Dysmorphology,tremors,kept,non-acoustic MP term from mixed procedure
Irgc,IMPC_ACS_003,Acoustic Startle and Pre-pulse Inhibition (PPI),decreased prepulse inhibition,removed,fully acoustic procedure
Tspan13,IMPC_ACS_003,Acoustic Startle and Pre-pulse Inhibition (PPI),decreased prepulse inhibition,removed,fully acoustic procedure
Tmem14a,IMPC_CSD_003,Combined SHIRPA and Dysmorphology,increased exploration in new environment,kept,non-acoustic MP term from mixed procedure
Fbn2,IMPC_CSD_003,Combined SHIRPA and Dysmorphology,abnormal digit morphology,kept,non-acoustic MP term from mixed procedure
Mettl23,IMPC_CSD_002,Combined SHIRPA and Dysmorphology,abnormal head morphology,kept,non-acoustic MP term from mixed procedure
Rps6kc1,IMPC_ACS_003,Acoustic Startle and Pre-pulse Inhibition (PPI),decreased prepulse inhibition,removed,fully acoustic procedure
Ubqln4,IMPC_CSD_003,Combined SHIRPA and Dysmorphology,decreased exploration in new environment,kept,non-acoustic MP term from mixed procedure
Kif13a,IMPC_ABR_002,Auditory Brain Stem Response,abnormal auditory brainstem response,removed,fully acoustic procedure
Far2,IMPC_CSD_003,Combined SHIRPA and Dysmorphology,abnormal coat appearance,kept,non-acoustic MP term from mixed procedure
Brd2,IMPC_ABR_001,Auditory Brain Stem Response,abnormal auditory brainstem response,removed,fully acoustic procedure
Eps8l2,IMPC_ACS_003,Acoustic Startle and Pre-pulse Inhibition (PPI),decreased prepulse inhibition,removed,fully acoustic procedure
Muc5b,IMPC_ACS_003,Acoustic Startle and Pre-pulse Inhibition (PPI),decreased startle reflex,removed,fully acoustic procedure
Zzef1,IMPC_CSD_003,Combined SHIRPA and Dysmorphology,abnormal coat/hair pigmentation,kept,non-acoustic MP term from mixed procedure
Pla2g4e,IMPC_CSD_003,Combined SHIRPA and Dysmorphology,abnormal coat appearance,kept,non-acoustic MP term from mixed procedure
Ube3a,IMPC_CSD_002,Combined SHIRPA and Dysmorphology,decreased exploration in new environment,kept,non-acoustic MP term from mixed procedure
Dnase1l2,JAXLA_CSD_003,Combined SHIRPA and Dysmorphology,abnormal startle reflex,removed,acoustic MP term from mixed procedure
Gna11,ESLIM_011_001,Acoustic Startle&PPI,increased startle reflex,removed,fully acoustic procedure
Ctc1,IMPC_ACS_003,Acoustic Startle and Pre-pulse Inhibition (PPI),decreased prepulse inhibition,removed,fully acoustic procedure
Pomk,IMPC_ACS_003,Acoustic Startle and Pre-pulse Inhibition (PPI),decreased startle reflex,removed,fully acoustic procedure
Usp22,IMPC_CSD_003,Combined SHIRPA and Dysmorphology,abnormal gait,kept,non-acoustic MP term from mixed procedure
Pcm1,IMPC_ACS_003,Acoustic Startle and Pre-pulse Inhibition (PPI),decreased prepulse inhibition,removed,fully acoustic procedure
Wbp1l,IMPC_ACS_003,Acoustic Startle and Pre-pulse Inhibition (PPI),decreased prepulse inhibition,removed,fully acoustic procedure
Myzap,IMPC_CSD_001,Combined SHIRPA and Dysmorphology,absent teeth,kept,non-acoustic MP term from mixed procedure
Iqce,IMPC_CSD_003,Combined SHIRPA and Dysmorphology,tremors,kept,non-acoustic MP term from mixed procedure
Tnfrsf1b,ESLIM_008_001,Modified SHIRPA,decreased locomotor activity,kept,non-acoustic MP term from mixed procedure
Myh1,IMPC_ACS_003,Acoustic Startle and Pre-pulse Inhibition (PPI),decreased prepulse inhibition,removed,fully acoustic procedure
Pgcka1,IMPC_ACS_003,Acoustic Startle and Pre-pulse Inhibition (PPI),increased prepulse inhibition,removed,fully acoustic procedure
Dhx8,IMPC_ACS_003,Acoustic Startle and Pre-pulse Inhibition (PPI),decreased prepulse inhibition,removed,fully acoustic procedure
Aspa,IMPC_ACS_003,Acoustic Startle and Pre-pulse Inhibition (PPI),decreased prepulse inhibition,removed,fully acoustic procedure
Baiap2l2,IMPC_ABR_002,Auditory Brain Stem Response,abnormal auditory brainstem response,removed,fully acoustic procedure
Bicd1,IMPC_ACS_003,Acoustic Startle and Pre-pulse Inhibition (PPI),decreased startle reflex,removed,fully acoustic procedure
Cuedc1,IMPC_ACS_003,Acoustic Startle and Pre-pulse Inhibition (PPI),decreased startle reflex,removed,fully acoustic procedure
Strbp,IMPC_ACS_003,Acoustic Startle and Pre-pulse Inhibition (PPI),decreased prepulse inhibition,removed,fully acoustic procedure
Cdh23,MGP_CSD_001,Combined SHIRPA and Dysmorphology,absent pinna reflex,removed,acoustic MP term from mixed procedure
Vezt,IMPC_CSD_001,Combined SHIRPA and Dysmorphology,abnormal coat appearance,kept,non-acoustic MP term from mixed procedure
Ube3c,IMPC_CSD_003,Combined SHIRPA and Dysmorphology,abnormal gait,kept,non-acoustic MP term from mixed procedure
Tmem108,IMPC_ABR_002,Auditory Brain Stem Response,abnormal auditory brainstem response,removed,fully acoustic procedure
Rap1gap2,IMPC_ABR_002,Auditory Brain Stem Response,abnormal auditory brainstem response,removed,fully acoustic procedure
Thra,IMPC_ACS_003,Acoustic Startle and Pre-pulse Inhibition (PPI),increased startle reflex,removed,fully acoustic procedure
Phyh,IMPC_ACS_003,Acoustic Startle and Pre-pulse Inhibition (PPI),decreased prepulse inhibition,removed,fully acoustic procedure
Dlat,IMPC_ACS_003,Acoustic Startle and Pre-pulse Inhibition (PPI),decreased prepulse inhibition,removed,fully acoustic procedure
Usp31,IMPC_CSD_003,Combined SHIRPA and Dysmorphology,abnormal gait,kept,non-acoustic MP term from mixed procedure
Ppfia4,BCMLA_CSD_003,Combined SHIRPA and Dysmorphology,impaired righting response,kept,non-acoustic MP term from mixed procedure
Mir96,ESLIM_008_001,Modified SHIRPA,abnormal startle reflex,removed,acoustic MP term from mixed procedure
Vstm4,IMPC_CSD_001,Combined SHIRPA and Dysmorphology,abnormal coat appearance,kept,non-acoustic MP term from mixed procedure
Homer2,IMPC_ABR_002,Auditory Brain Stem Response,abnormal auditory brainstem response,removed,fully acoustic procedure
Tmem51,HRWLLA_CSD_003,Combined SHIRPA and Dysmorphology,abnormal startle reflex,removed,acoustic MP term from mixed procedure
Klhdc1,IMPC_CSD_003,Combined SHIRPA and Dysmorphology,limb grasping,kept,non-acoustic MP term from mixed procedure
Eif4b,IMPC_ABR_002,Auditory Brain Stem Response,abnormal auditory brainstem response,removed,fully acoustic procedure
Clrn1,IMPC_ABR_002,Auditory Brain Stem Response,abnormal auditory brainstem response,removed,fully acoustic procedure
Zfp119a,IMPC_ACS_003,Acoustic Startle and Pre-pulse Inhibition (PPI),increased startle reflex,removed,fully acoustic procedure
Akr1c12,IMPC_ABR_002,Auditory Brain Stem Response,abnormal auditory brainstem response,removed,fully acoustic procedure
Tmem30b,IMPC_ABR_002,Auditory Brain Stem Response,abnormal auditory brainstem response,removed,fully acoustic procedure
Shank1,UCDIP_CSD_003,Combined SHIRPA and Dysmorphology,abnormal coat/ hair morphology,kept,non-acoustic MP term from mixed procedure
Kcnj11,IMPC_CSD_003,Combined SHIRPA and Dysmorphology,abnormal ear morphology,kept,non-acoustic MP term from mixed procedure
Hspd1,IMPC_CSD_001,Combined SHIRPA and Dysmorphology,abnormal vocalization,kept,non-acoustic MP term from mixed procedure
Arvcf,ESLIM_011_001,Acoustic Startle&PPI,increased startle reflex,removed,fully acoustic procedure
Hmgxb4,IMPC_ACS_003,Acoustic Startle and Pre-pulse Inhibition (PPI),decreased prepulse inhibition,removed,fully acoustic procedure
Laptm4b,IMPC_ACS_003,Acoustic Startle and Pre-pulse Inhibition (PPI),decreased prepulse inhibition,removed,fully acoustic procedure
Hspd1,IMPC_CSD_001,Combined SHIRPA and Dysmorphology,abnormal vocalization,kept,non-acoustic MP term from mixed procedure
Krt25,IMPC_CSD_001,Combined SHIRPA and Dysmorphology,abnormal vocalization,kept,non-acoustic MP term from mixed procedure
Otogl,JAXLA_CSD_003,Combined SHIRPA and Dysmorphology,abnormal skin morphology,kept,non-acoustic MP term from mixed procedure
Caskin2,IMPC_ACS_003,Acoustic Startle and Pre-pulse Inhibition (PPI),decreased prepulse inhibition,removed,fully acoustic procedure
Vps37a,IMPC_CSD_003,Combined SHIRPA and Dysmorphology,abnormal coat/ hair morphology,kept,non-acoustic MP term from mixed procedure
Elmod1,ESLIM_011_001,Acoustic Startle&PPI,increased startle reflex,removed,fully acoustic procedure
Caskin1,IMPC_CSD_003,Combined SHIRPA and Dysmorphology,abnormal coat/hair pigmentation,kept,non-acoustic MP term from mixed procedure
Kank1,IMPC_ACS_003,Acoustic Startle and Pre-pulse Inhibition (PPI),decreased prepulse inhibition,removed,fully acoustic procedure
Scn4b,MGP_CSD_001,Combined SHIRPA and Dysmorphology,abnormal gait,kept,non-acoustic MP term from mixed procedure
Mir96,ESLIM_008_001,Modified SHIRPA,limb grasping,kept,non-acoustic MP term from mixed procedure
Cgref1,JAXLA_CSD_003,Combined SHIRPA and Dysmorphology,abnormal coat/hair pigmentation,kept,non-acoustic MP term from mixed procedure
Pfdn1,IMPC_CSD_003,Combined SHIRPA and Dysmorphology,abnormal locomotor behavior,kept,non-acoustic MP term from mixed procedure
9930012K11Rik,IMPC_CSD_003,Combined SHIRPA and Dysmorphology,abnormal skin coloration,kept,non-acoustic MP term from mixed procedure
Atp8b1,TCPLA_CSD_003,Combined SHIRPA and Dysmorphology,decreased exploration in new environment,kept,non-acoustic MP term from mixed procedure
Cdh11,IMPC_CSD_003,Combined SHIRPA and Dysmorphology,abnormal head size,kept,non-acoustic MP term from mixed procedure
Cib2,IMPC_CSD_003,Combined SHIRPA and Dysmorphology,tremors,kept,non-acoustic MP term from mixed procedure
Vti1a,IMPC_ABR_002,Auditory Brain Stem Response,abnormal auditory brainstem response,removed,fully acoustic procedure
Mprip,IMPC_CSD_001,Combined SHIRPA and Dysmorphology,abnormal locomotor behavior,kept,non-acoustic MP term from mixed procedure
Zcrb1,IMPC_CSD_003,Combined SHIRPA and Dysmorphology,abnormal vocalization,kept,non-acoustic MP term from mixed procedure
Hpdl,IMPC_ACS_003,Acoustic Startle and Pre-pulse Inhibition (PPI),decreased prepulse inhibition,removed,fully acoustic procedure
Mrps28,IMPC_CSD_003,Combined SHIRPA and Dysmorphology,abnormal locomotor behavior,kept,non-acoustic MP term from mixed procedure
Ngfr,ESLIM_011_001,Acoustic Startle&PPI,increased startle reflex,removed,fully acoustic procedure
St7,IMPC_CSD_001,Combined SHIRPA and Dysmorphology,abnormal vocalization,kept,non-acoustic MP term from mixed procedure
Smoc2,IMPC_CSD_001,Combined SHIRPA and Dysmorphology,abnormal coat appearance,kept,non-acoustic MP term from mixed procedure
Phkb,JAXLA_CSD_003,Combined SHIRPA and Dysmorphology,impaired righting response,kept,non-acoustic MP term from mixed procedure
Atp2b3,JAXLA_CSD_003,Combined SHIRPA and Dysmorphology,abnormal coat appearance,kept,non-acoustic MP term from mixed procedure
Sorl1,IMPC_CSD_003,Combined SHIRPA and Dysmorphology,abnormal gait,kept,non-acoustic MP term from mixed procedure
Sox13,ESLIM_011_001,Acoustic Startle&PPI,increased startle reflex,removed,fully acoustic procedure
Ppox,IMPC_ABR_002,Auditory Brain Stem Response,abnormal auditory brainstem response,removed,fully acoustic procedure
Naa10,IMPC_CSD_003,Combined SHIRPA and Dysmorphology,abnormal coat/hair pigmentation,kept,non-acoustic MP term from mixed procedure
Tmem30b,IMPC_CSD_003,Combined SHIRPA and Dysmorphology,abnormal coat/hair pigmentation,kept,non-acoustic MP term from mixed procedure
Otogl,IMPC_ABR_002,Auditory Brain Stem Response,abnormal auditory brainstem response,removed,fully acoustic procedure
Tmem35b,IMPC_CSD_003,Combined SHIRPA and Dysmorphology,limb grasping,kept,non-acoustic MP term from mixed procedure
Gal3st1,IMPC_CSD_003,Combined SHIRPA and Dysmorphology,abnormal gait,kept,non-acoustic MP term from mixed procedure
Bscl2,IMPC_ACS_003,Acoustic Startle and Pre-pulse Inhibition (PPI),decreased prepulse inhibition,removed,fully acoustic procedure
Wbp1l,IMPC_ACS_003,Acoustic Startle and Pre-pulse Inhibition (PPI),increased startle reflex,removed,fully acoustic procedure
Mir100,IMPC_CSD_003,Combined SHIRPA and Dysmorphology,abnormal coat/hair pigmentation,kept,non-acoustic MP term from mixed procedure
Smoc1,IMPC_CSD_003,Combined SHIRPA and Dysmorphology,abnormal digit morphology,kept,non-acoustic MP term from mixed procedure
Sipa1l1,IMPC_CSD_003,Combined SHIRPA and Dysmorphology,abnormal behavior,kept,non-acoustic MP term from mixed procedure
Ush1c,MGP_CSD_001,Combined SHIRPA and Dysmorphology,stereotypic behavior,kept,non-acoustic MP term from mixed procedure
Crbn,IMPC_ACS_003,Acoustic Startle and Pre-pulse Inhibition (PPI),decreased prepulse inhibition,removed,fully acoustic procedure
Rab28,IMPC_CSD_001,Combined SHIRPA and Dysmorphology,abnormal coat/hair pigmentation,kept,non-acoustic MP term from mixed procedure
Hmx3,ESLIM_008_001,Modified SHIRPA,abnormal gait,kept,non-acoustic MP term from mixed procedure
Pop4,MGP_CSD_001,Combined SHIRPA and Dysmorphology,absent pinna reflex,removed,acoustic MP term from mixed procedure
Cyp19a1,HRWLLA_CSD_003,Combined SHIRPA and Dysmorphology,abnormal gait,kept,non-acoustic MP term from mixed procedure
Snx33,IMPC_CSD_001,Combined SHIRPA and Dysmorphology,abnormal coat/hair pigmentation,kept,non-acoustic MP term from mixed procedure
Baiap2l2,IMPC_ACS_003,Acoustic Startle and Pre-pulse Inhibition (PPI),decreased prepulse inhibition,removed,fully acoustic procedure
Pom121,IMPC_CSD_003,Combined SHIRPA and Dysmorphology,abnormal coat appearance,kept,non-acoustic MP term from mixed procedure
Clk1,ESLIM_011_001,Acoustic Startle&PPI,increased startle reflex,removed,fully acoustic procedure
Cog6,MGP_CSD_001,Combined SHIRPA and Dysmorphology,abnormal coat/hair pigmentation,kept,non-acoustic MP term from mixed procedure
Dct,IMPC_CSD_003,Combined SHIRPA and Dysmorphology,abnormal coat/hair pigmentation,kept,non-acoustic MP term from mixed procedure
Lyplal1,IMPC_CSD_003,Combined SHIRPA and Dysmorphology,abnormal vocalization,kept,non-acoustic MP term from mixed procedure
Mtarc2,ESLIM_011_001,Acoustic Startle&PPI,increased startle reflex,removed,fully acoustic procedure
Ehmt2,IMPC_CSD_003,Combined SHIRPA and Dysmorphology,abnormal locomotor behavior,kept,non-acoustic MP term from mixed procedure
Myh1,IMPC_ABR_002,Auditory Brain Stem Response,abnormal auditory brainstem response,removed,fully acoustic procedure
Klhdc7b,HRWLLA_CSD_003,Combined SHIRPA and Dysmorphology,abnormal locomotor behavior,kept,non-acoustic MP term from mixed procedure
Aspa,IMPC_ACS_003,Acoustic Startle and Pre-pulse Inhibition (PPI),decreased prepulse inhibition,removed,fully acoustic procedure
Smarcad1,IMPC_CSD_003,Combined SHIRPA and Dysmorphology,abnormal coat appearance,kept,non-acoustic MP term from mixed procedure
Myo15a,MGP_CSD_001,Combined SHIRPA and Dysmorphology,absent pinna reflex,removed,acoustic MP term from mixed procedure
Xylt1,IMPC_CSD_001,Combined SHIRPA and Dysmorphology,abnormal vocalization,kept,non-acoustic MP term from mixed procedure
Cimap1d,IMPC_CSD_003,Combined SHIRPA and Dysmorphology,head bobbing,kept,non-acoustic MP term from mixed procedure
Baiap2l2,IMPC_ABR_002,Auditory Brain Stem Response,abnormal auditory brainstem response,removed,fully acoustic procedure
Pycr2,MGP_CSD_001,Combined SHIRPA and Dysmorphology,limb grasping,kept,non-acoustic MP term from mixed procedure
Krt71,IMPC_CSD_003,Combined SHIRPA and Dysmorphology,abnormal coat appearance,kept,non-acoustic MP term from mixed procedure
Rxylt1,JAXLA_CSD_001,Combined SHIRPA and Dysmorphology,abnormal coat/hair pigmentation,kept,non-acoustic MP term from mixed procedure
Cabp1,IMPC_CSD_003,Combined SHIRPA and Dysmorphology,abnormal coat appearance,kept,non-acoustic MP term from mixed procedure
Timm8a2,IMPC_CSD_003,Combined SHIRPA and Dysmorphology,head bobbing,kept,non-acoustic MP term from mixed procedure
Stard10,IMPC_ACS_003,Acoustic Startle and Pre-pulse Inhibition (PPI),decreased prepulse inhibition,removed,fully acoustic procedure
Triobp,IMPC_ABR_002,Auditory Brain Stem Response,abnormal auditory brainstem response,removed,fully acoustic procedure
Tmprss6,IMPC_CSD_003,Combined SHIRPA and Dysmorphology,abnormal coat appearance,kept,non-acoustic MP term from mixed procedure
Cyp4f14,IMPC_CSD_002,Combined SHIRPA and Dysmorphology,abnormal coat/hair pigmentation,kept,non-acoustic MP term from mixed procedure
Scamp2,JAXLA_CSD_003,Combined SHIRPA and Dysmorphology,abnormal startle reflex,removed,acoustic MP term from mixed procedure
Rtp4,KMPCLA_CSD_003,Combined SHIRPA and Dysmorphology,abnormal coat/ hair morphology,kept,non-acoustic MP term from mixed procedure
Ror1,IMPC_ACS_003,Acoustic Startle and Pre-pulse Inhibition (PPI),increased prepulse inhibition,removed,fully acoustic procedure
Dhx8,IMPC_ACS_003,Acoustic Startle and Pre-pulse Inhibition (PPI),decreased prepulse inhibition,removed,fully acoustic procedure
Dok7,IMPC_ABR_002,Auditory Brain Stem Response,abnormal auditory brainstem response,removed,fully acoustic procedure
Myl2,IMPC_CSD_002,Combined SHIRPA and Dysmorphology,absent vibrissae,kept,non-acoustic MP term from mixed procedure
Rhbdf2,MGP_CSD_001,Combined SHIRPA and Dysmorphology,abnormal vibrissa morphology,kept,non-acoustic MP term from mixed procedure
D6Wsu163e,IMPC_ABR_001,Auditory Brain Stem Response,abnormal auditory brainstem response,removed,fully acoustic procedure
Far2,IMPC_CSD_001,Combined SHIRPA and Dysmorphology,abnormal coat appearance,kept,non-acoustic MP term from mixed procedure
Smarcb1,IMPC_ACS_003,Acoustic Startle and Pre-pulse Inhibition (PPI),decreased prepulse inhibition,removed,fully acoustic procedure
Dnmbp,IMPC_ACS_003,Acoustic Startle and Pre-pulse Inhibition (PPI),increased prepulse inhibition,removed,fully acoustic procedure
Nt5dc2,JAXLA_CSD_003,Combined SHIRPA and Dysmorphology,abnormal coat/ hair morphology,kept,non-acoustic MP term from mixed procedure
Pyroxd1,IMPC_CSD_003,Combined SHIRPA and Dysmorphology,tremors,kept,non-acoustic MP term from mixed procedure
Clcn1,IMPC_ACS_003,Acoustic Startle and Pre-pulse Inhibition (PPI),decreased prepulse inhibition,removed,fully acoustic procedure
Dnajc19,ESLIM_008_001,Modified SHIRPA,trunk curl,kept,non-acoustic MP term from mixed procedure
E2f3,KMPCLA_CSD_003,Combined SHIRPA and Dysmorphology,abnormal snout morphology,kept,non-acoustic MP term from mixed procedure
Mir96,MGP_CSD_001,Combined SHIRPA and Dysmorphology,stereotypic behavior,kept,non-acoustic MP term from mixed procedure
Tmem131l,IMPC_ABR_002,Auditory Brain Stem Response,abnormal auditory brainstem response,removed,fully acoustic procedure
Ttc7,IMPC_CSD_001,Combined SHIRPA and Dysmorphology,abnormal vocalization,kept,non-acoustic MP term from mixed procedure
Myo6,IMPC_ACS_003,Acoustic Startle and Pre-pulse Inhibition (PPI),decreased prepulse inhibition,removed,fully acoustic procedure
Cep85l,IMPC_ACS_003,Acoustic Startle and Pre-pulse Inhibition (PPI),decreased prepulse inhibition,removed,fully acoustic procedure
Rida,MGP_CSD_001,Combined SHIRPA and Dysmorphology,absent pinna reflex,removed,acoustic MP term from mixed procedure
Stambp,IMPC_ACS_003,Acoustic Startle and Pre-pulse Inhibition (PPI),increased startle reflex,removed,fully acoustic procedure
Slc5a5,JAXLA_CSD_003,Combined SHIRPA and Dysmorphology,abnormal coat appearance,kept,non-acoustic MP term from mixed procedure
Myo18b,IMPC_ABR_002,Auditory Brain Stem Response,abnormal auditory brainstem response,removed,fully acoustic procedure
Arhgap21,IMPC_CSD_001,Combined SHIRPA and Dysmorphology,abnormal vocalization,kept,non-acoustic MP term from mixed procedure
Mogat2,IMPC_ACS_003,Acoustic Startle and Pre-pulse Inhibition (PPI),decreased prepulse inhibition,removed,fully acoustic procedure
Dcun1d5,IMPC_CSD_003,Combined SHIRPA and Dysmorphology,abnormal locomotor behavior,kept,non-acoustic MP term from mixed procedure
Cep85l,IMPC_ABR_002,Auditory Brain Stem Response,abnormal auditory brainstem response,removed,fully acoustic procedure
Elfn2,IMPC_CSD_003,Combined SHIRPA and Dysmorphology,abnormal behavior,kept,non-acoustic MP term from mixed procedure
Cystm1,IMPC_CSD_002,Combined SHIRPA and Dysmorphology,abnormal coat/hair pigmentation,kept,non-acoustic MP term from mixed procedure
Tmem240,IMPC_CSD_003,Combined SHIRPA and Dysmorphology,abnormal locomotor behavior,kept,non-acoustic MP term from mixed procedure
Rab10,IMPC_ABR_002,Auditory Brain Stem Response,abnormal auditory brainstem response,removed,fully acoustic procedure
Abcb4,ESLIM_011_001,Acoustic Startle&PPI,increased startle reflex,removed,fully acoustic procedure
Grik4,IMPC_ACS_003,Acoustic Startle and Pre-pulse Inhibition (PPI),decreased prepulse inhibition,removed,fully acoustic procedure
Atp8b1,IMPC_ACS_003,Acoustic Startle and Pre-pulse Inhibition (PPI),decreased prepulse inhibition,removed,fully acoustic procedure
Tmem222,IMPC_ACS_003,Acoustic Startle and Pre-pulse Inhibition (PPI),decreased prepulse inhibition,removed,fully acoustic procedure
Ly86,IMPC_ACS_003,Acoustic Startle and Pre-pulse Inhibition (PPI),decreased prepulse inhibition,removed,fully acoustic procedure
Lrrc41,IMPC_CSD_001,Combined SHIRPA and Dysmorphology,abnormal coat/ hair morphology,kept,non-acoustic MP term from mixed procedure
Cyba,MGP_CSD_001,Combined SHIRPA and Dysmorphology,trunk curl,kept,non-acoustic MP term from mixed procedure
Rundc3a,IMPC_ACS_003,Acoustic Startle and Pre-pulse Inhibition (PPI),decreased prepulse inhibition,removed,fully acoustic procedure
Krt40,IMPC_CSD_003,Combined SHIRPA and Dysmorphology,abnormal locomotor behavior,kept,non-acoustic MP term from mixed procedure
Hirip3,IMPC_ABR_002,Auditory Brain Stem Response,abnormal auditory brainstem response,removed,fully acoustic procedure
Eif2a,IMPC_ACS_003,Acoustic Startle and Pre-pulse Inhibition (PPI),decreased prepulse inhibition,removed,fully acoustic procedure
Rhbdf2,MGP_CSD_001,Combined SHIRPA and Dysmorphology,abnormal coat appearance,kept,non-acoustic MP term from mixed procedure
Ficd,IMPC_CSD_003,Combined SHIRPA and Dysmorphology,absent vibrissae,kept,non-acoustic MP term from mixed procedure
Mfsd4b4,IMPC_ACS_003,Acoustic Startle and Pre-pulse Inhibition (PPI),decreased prepulse inhibition,removed,fully acoustic procedure
Dusp7,IMPC_CSD_002,Combined SHIRPA and Dysmorphology,abnormal coat/hair pigmentation,kept,non-acoustic MP term from mixed procedure
Dhdds,IMPC_CSD_002,Combined SHIRPA and Dysmorphology,tremors,kept,non-acoustic MP term from mixed procedure
Timd6,IMPC_CSD_003,Combined SHIRPA and Dysmorphology,trunk curl,kept,non-acoustic MP term from mixed procedure
Gcnt7,IMPC_CSD_003,Combined SHIRPA and Dysmorphology,abnormal coat/hair pigmentation,kept,non-acoustic MP term from mixed procedure
Vgf,IMPC_CSD_003,Combined SHIRPA and Dysmorphology,limb grasping,kept,non-acoustic MP term from mixed procedure
Pfdn6,IMPC_CSD_001,Combined SHIRPA and Dysmorphology,impaired righting response,kept,non-acoustic MP term from mixed procedure
Ube2g1,IMPC_ABR_002,Auditory Brain Stem Response,abnormal auditory brainstem response,removed,fully acoustic procedure
Pip4k2c,IMPC_ABR_002,Auditory Brain Stem Response,abnormal auditory brainstem response,removed,fully acoustic procedure
Slc17a8,IMPC_ABR_002,Auditory Brain Stem Response,abnormal auditory brainstem response,removed,fully acoustic procedure
Lrrfip1,IMPC_CSD_003,Combined SHIRPA and Dysmorphology,abnormal skin coloration,kept,non-acoustic MP term from mixed procedure
Utp4,JAXLA_CSD_003,Combined SHIRPA and Dysmorphology,impaired righting response,kept,non-acoustic MP term from mixed procedure
Tuba8,JAXLA_CSD_003,Combined SHIRPA and Dysmorphology,abnormal coat/hair pigmentation,kept,non-acoustic MP term from mixed procedure
Atp5f1b,IMPC_ACS_003,Acoustic Startle and Pre-pulse Inhibition (PPI),decreased prepulse inhibition,removed,fully acoustic procedure
G3bp1,IMPC_CSD_003,Combined SHIRPA and Dysmorphology,abnormal skin coloration,kept,non-acoustic MP term from mixed procedure
Gtpbp10,JAXLA_CSD_003,Combined SHIRPA and Dysmorphology,abnormal vibrissa morphology,kept,non-acoustic MP term from mixed procedure
Usp12,ESLIM_008_001,Modified SHIRPA,abnormal urination,kept,non-acoustic MP term from mixed procedure
Nup153,IMPC_CSD_001,Combined SHIRPA and Dysmorphology,absent vibrissae,kept,non-acoustic MP term from mixed procedure
Crybg1,IMPC_ACS_003,Acoustic Startle and Pre-pulse Inhibition (PPI),decreased prepulse inhibition,removed,fully acoustic procedure
Kynu,JAXLA_CSD_003,Combined SHIRPA and Dysmorphology,abnormal coat/hair pigmentation,kept,non-acoustic MP term from mixed procedure
Krtap17-1,IMPC_CSD_003,Combined SHIRPA and Dysmorphology,abnormal coat appearance,kept,non-acoustic MP term from mixed procedure
Alms1,IMPC_CSD_003,Combined SHIRPA and Dysmorphology,abnormal locomotor behavior,kept,non-acoustic MP term from mixed procedure
Mcidas,IMPC_ABR_002,Auditory Brain Stem Response,abnormal auditory brainstem response,removed,fully acoustic procedure
Nedd4l,IMPC_ABR_002,Auditory Brain Stem Response,abnormal auditory brainstem response,removed,fully acoustic procedure
Klhl5,IMPC_CSD_003,Combined SHIRPA and Dysmorphology,abnormal coat/hair pigmentation,kept,non-acoustic MP term from mixed procedure
Ash2l,IMPC_CSD_003,Combined SHIRPA and Dysmorphology,abnormal skin coloration,kept,non-acoustic MP term from mixed procedure
Clu,IMPC_CSD_003,Combined SHIRPA and Dysmorphology,increased aggression,kept,non-acoustic MP term from mixed procedure
Mcidas,IMPC_ABR_002,Auditory Brain Stem Response,abnormal auditory brainstem response,removed,fully acoustic procedure
Abcd3,JAXLA_CSD_003,Combined SHIRPA and Dysmorphology,abnormal coat/ hair morphology,kept,non-acoustic MP term from mixed procedure
Pi4ka,IMPC_CSD_003,Combined SHIRPA and Dysmorphology,limb grasping,kept,non-acoustic MP term from mixed procedure
Zfp706,JAXLA_CSD_003,Combined SHIRPA and Dysmorphology,limb grasping,kept,non-acoustic MP term from mixed procedure
Pptc7,IMPC_CSD_003,Combined SHIRPA and Dysmorphology,abnormal coat appearance,kept,non-acoustic MP term from mixed procedure
Nek1,IMPC_ACS_003,Acoustic Startle and Pre-pulse Inhibition (PPI),decreased prepulse inhibition,removed,fully acoustic procedure
Sox21,IMPC_CSD_003,Combined SHIRPA and Dysmorphology,abnormal coat/ hair morphology,kept,non-acoustic MP term from mixed procedure
Caskin1,IMPC_ACS_003,Acoustic Startle and Pre-pulse Inhibition (PPI),decreased prepulse inhibition,removed,fully acoustic procedure
Cib2,IMPC_ACS_003,Acoustic Startle and Pre-pulse Inhibition (PPI),decreased prepulse inhibition,removed,fully acoustic procedure
Slc6a20b,IMPC_CSD_001,Combined SHIRPA and Dysmorphology,abnormal coat/ hair morphology,kept,non-acoustic MP term from mixed procedure
Atp9b,IMPC_CSD_001,Combined SHIRPA and Dysmorphology,abnormal coat/hair pigmentation,kept,non-acoustic MP term from mixed procedure
Lbr,IMPC_CSD_003,Combined SHIRPA and Dysmorphology,abnormal digit morphology,kept,non-acoustic MP term from mixed procedure
Dock4,IMPC_CSD_002,Combined SHIRPA and Dysmorphology,abnormal startle reflex,removed,acoustic MP term from mixed procedure
Klc2,IMPC_ABR_001,Auditory Brain Stem Response,abnormal auditory brainstem response,removed,fully acoustic procedure
Ndufs3,ESLIM_011_001,Acoustic Startle&PPI,increased startle reflex,removed,fully acoustic procedure
Osbpl8,IMPC_ABR_002,Auditory Brain Stem Response,abnormal auditory brainstem response,removed,fully acoustic procedure
Aqp1,HRWLLA_CSD_003,Combined SHIRPA and Dysmorphology,decreased exploration in new environment,kept,non-acoustic MP term from mixed procedure
Mtmr6,IMPC_ABR_002,Auditory Brain Stem Response,abnormal auditory brainstem response,removed,fully acoustic procedure
U2af1,IMPC_ABR_002,Auditory Brain Stem Response,abnormal auditory brainstem response,removed,fully acoustic procedure
Elmod1,ESLIM_011_001,Acoustic Startle&PPI,increased startle reflex,removed,fully acoustic procedure
Lmod3,IMPC_ACS_003,Acoustic Startle and Pre-pulse Inhibition (PPI),decreased prepulse inhibition,removed,fully acoustic procedure
Stat1,IMPC_CSD_003,Combined SHIRPA and Dysmorphology,impaired righting response,kept,non-acoustic MP term from mixed procedure
Ttc7,IMPC_CSD_001,Combined SHIRPA and Dysmorphology,abnormal coat/hair pigmentation,kept,non-acoustic MP term from mixed procedure
Rhno1,IMPC_CSD_003,Combined SHIRPA and Dysmorphology,abnormal vocalization,kept,non-acoustic MP term from mixed procedure
Mettl16,IMPC_CSD_001,Combined SHIRPA and Dysmorphology,abnormal coat/hair pigmentation,kept,non-acoustic MP term from mixed procedure
Ubqln4,IMPC_ACS_003,Acoustic Startle and Pre-pulse Inhibition (PPI),decreased prepulse inhibition,removed,fully acoustic procedure
Fbn2,IMPC_CSD_003,Combined SHIRPA and Dysmorphology,abnormal digit morphology,kept,non-acoustic MP term from mixed procedure
Leng8,IMPC_CSD_002,Combined SHIRPA and Dysmorphology,abnormal coat/ hair morphology,kept,non-acoustic MP term from mixed procedure
Ephx1,ESLIM_011_001,Acoustic Startle&PPI,increased startle reflex,removed,fully acoustic procedure
Atp7a,IMPC_CSD_001,Combined SHIRPA and Dysmorphology,abnormal vocalization,kept,non-acoustic MP term from mixed procedure
Cpb2,IMPC_CSD_003,Combined SHIRPA and Dysmorphology,absent vibrissae,kept,non-acoustic MP term from mixed procedure
Gdf5,IMPC_CSD_003,Combined SHIRPA and Dysmorphology,abnormal gait,kept,non-acoustic MP term from mixed procedure
Grxcr1,IMPC_ABR_002,Auditory Brain Stem Response,abnormal auditory brainstem response,removed,fully acoustic procedure
Idua,IMPC_ABR_002,Auditory Brain Stem Response,abnormal auditory brainstem response,removed,fully acoustic procedure
Carmil2,IMPC_CSD_003,Combined SHIRPA and Dysmorphology,abnormal coat/hair pigmentation,kept,non-acoustic MP term from mixed procedure
Fam83g,ESLIM_011_001,Acoustic Startle&PPI,increased startle reflex,removed,fully acoustic procedure
Tox,IMPC_ACS_003,Acoustic Startle and Pre-pulse Inhibition (PPI),decreased prepulse inhibition,removed,fully acoustic procedure
Thtpa,IMPC_ACS_003,Acoustic Startle and Pre-pulse Inhibition (PPI),decreased prepulse inhibition,removed,fully acoustic procedure
Elmod1,ESLIM_008_001,Modified SHIRPA,abnormal response to tactile stimuli,kept,non-acoustic MP term from mixed procedure
Prpf40a,IMPC_ACS_003,Acoustic Startle and Pre-pulse Inhibition (PPI),increased startle reflex,removed,fully acoustic procedure
Myo10,MGP_CSD_001,Combined SHIRPA and Dysmorphology,abnormal digit morphology,kept,non-acoustic MP term from mixed procedure
Grid1,IMPC_ACS_003,Acoustic Startle and Pre-pulse Inhibition (PPI),increased prepulse inhibition,removed,fully acoustic procedure
Zmym2,IMPC_ACS_003,Acoustic Startle and Pre-pulse Inhibition (PPI),increased startle reflex,removed,fully acoustic procedure
Dusp7,IMPC_CSD_002,Combined SHIRPA and Dysmorphology,abnormal coat/hair pigmentation,kept,non-acoustic MP term from mixed procedure
Ppp2r5c,IMPC_CSD_003,Combined SHIRPA and Dysmorphology,decreased exploration in new environment,kept,non-acoustic MP term from mixed procedure
Faf1,HRWLLA_CSD_003,Combined SHIRPA and Dysmorphology,tremors,kept,non-acoustic MP term from mixed procedure
Rbm6,IMPC_CSD_001,Combined SHIRPA and Dysmorphology,abnormal locomotor behavior,kept,non-acoustic MP term from mixed procedure
Marveld2,IMPC_ACS_003,Acoustic Startle and Pre-pulse Inhibition (PPI),decreased prepulse inhibition,removed,fully acoustic procedure
Kpna4,IMPC_CSD_001,Combined SHIRPA and Dysmorphology,abnormal vocalization,kept,non-acoustic MP term from mixed procedure
Hdac7,IMPC_CSD_003,Combined SHIRPA and Dysmorphology,abnormal coat/hair pigmentation,kept,non-acoustic MP term from mixed procedure
Rnf34,IMPC_CSD_003,Combined SHIRPA and Dysmorphology,abnormal coat/hair pigmentation,kept,non-acoustic MP term from mixed procedure
Plod2,JAXLA_CSD_003,Combined SHIRPA and Dysmorphology,limb grasping,kept,non-acoustic MP term from mixed procedure
Tmem79,IMPC_CSD_001,Combined SHIRPA and Dysmorphology,abnormal coat appearance,kept,non-acoustic MP term from mixed procedure
Gnptg,IMPC_ACS_003,Acoustic Startle and Pre-pulse Inhibition (PPI),increased startle reflex,removed,fully acoustic procedure
Ino80,IMPC_CSD_003,Combined SHIRPA and Dysmorphology,increased aggression,kept,non-acoustic MP term from mixed procedure
Acadsb,JAXLA_CSD_003,Combined SHIRPA and Dysmorphology,abnormal mouth morphology,kept,non-acoustic MP term from mixed procedure
Ccn5,IMPC_ABR_002,Auditory Brain Stem Response,abnormal auditory brainstem response,removed,fully acoustic procedure
Nop14,IMPC_CSD_003,Combined SHIRPA and Dysmorphology,abnormal vocalization,kept,non-acoustic MP term from mixed procedure
Amelx,IMPC_CSD_003,Combined SHIRPA and Dysmorphology,absent teeth,kept,non-acoustic MP term from mixed procedure
Nrgn,IMPC_CSD_003,Combined SHIRPA and Dysmorphology,abnormal locomotor behavior,kept,non-acoustic MP term from mixed procedure
Mpdz,IMPC_ABR_002,Auditory Brain Stem Response,abnormal auditory brainstem response,removed,fully acoustic procedure
Cib2,IMPC_ABR_002,Auditory Brain Stem Response,abnormal auditory brainstem response,removed,fully acoustic procedure
Tle4,IMPC_ABR_002,Auditory Brain Stem Response,abnormal auditory brainstem response,removed,fully acoustic procedure
P4ha2,IMPC_ACS_003,Acoustic Startle and Pre-pulse Inhibition (PPI),decreased prepulse inhibition,removed,fully acoustic procedure
Hmx2,IMPC_ACS_003,Acoustic Startle and Pre-pulse Inhibition (PPI),decreased prepulse inhibition,removed,fully acoustic procedure
Timm8a2,IMPC_CSD_003,Combined SHIRPA and Dysmorphology,tremors,kept,non-acoustic MP term from mixed procedure
Cluap1,M-G-P_008_001,Modified SHIRPA,abnormal response to tactile stimuli,kept,non-acoustic MP term from mixed procedure
Plod2,JAXLA_CSD_003,Combined SHIRPA and Dysmorphology,abnormal coat/hair pigmentation,kept,non-acoustic MP term from mixed procedure
Mapk15,JAXLA_CSD_003,Combined SHIRPA and Dysmorphology,abnormal coat/hair pigmentation,kept,non-acoustic MP term from mixed procedure
Rasal2,MGP_CSD_001,Combined SHIRPA and Dysmorphology,abnormal hair growth,kept,non-acoustic MP term from mixed procedure
Cacng3,IMPC_ABR_002,Auditory Brain Stem Response,abnormal auditory brainstem response,removed,fully acoustic procedure
Gdf5,IMPC_CSD_003,Combined SHIRPA and Dysmorphology,abnormal autopod morphology,kept,non-acoustic MP term from mixed procedure
Hnrnph2,IMPC_CSD_001,Combined SHIRPA and Dysmorphology,abnormal coat/ hair morphology,kept,non-acoustic MP term from mixed procedure
Tchp,MGP_CSD_001,Combined SHIRPA and Dysmorphology,abnormal incisor morphology,kept,non-acoustic MP term from mixed procedure
Vnn1,ESLIM_008_001,Modified SHIRPA,abnormal tail movements,kept,non-acoustic MP term from mixed procedure
Gipc3,IMPC_ABR_002,Auditory Brain Stem Response,abnormal auditory brainstem response,removed,fully acoustic procedure
Timp2,HMGULA_SHI_001,SHIRPA,abnormal startle reflex,removed,acoustic MP term from mixed procedure
Leprotl1,IMPC_CSD_003,Combined SHIRPA and Dysmorphology,limb grasping,kept,non-acoustic MP term from mixed procedure
Pdik1l,UCDIP_CSD_003,Combined SHIRPA and Dysmorphology,abnormal coat appearance,kept,non-acoustic MP term from mixed procedure
Gnas,ESLIM_011_001,Acoustic Startle&PPI,increased startle reflex,removed,fully acoustic procedure
C1qc,JAXLA_CSD_003,Combined SHIRPA and Dysmorphology,abnormal startle reflex,removed,acoustic MP term from mixed procedure
Ldaf1,KMPCLA_CSD_003,Combined SHIRPA and Dysmorphology,abnormal coat/hair pigmentation,kept,non-acoustic MP term from mixed procedure
Nptn,IMPC_ABR_001,Auditory Brain Stem Response,abnormal auditory brainstem response,removed,fully acoustic procedure
Rhbdf2,MGP_CSD_001,Combined SHIRPA and Dysmorphology,abnormal coat appearance,kept,non-acoustic MP term from mixed procedure
Ahsg,IMPC_ABR_002,Auditory Brain Stem Response,abnormal auditory brainstem response,removed,fully acoustic procedure
H2-M3,IMPC_ACS_003,Acoustic Startle and Pre-pulse Inhibition (PPI),decreased prepulse inhibition,removed,fully acoustic procedure
Unc45a,IMPC_CSD_002,Combined SHIRPA and Dysmorphology,decreased exploration in new environment,kept,non-acoustic MP term from mixed procedure
Trim44,IMPC_CSD_003,Combined SHIRPA and Dysmorphology,tremors,kept,non-acoustic MP term from mixed procedure
Tmem51,IMPC_ABR_002,Auditory Brain Stem Response,abnormal auditory brainstem response,removed,fully acoustic procedure
Mon1a,JAXLA_CSD_003,Combined SHIRPA and Dysmorphology,abnormal startle reflex,removed,acoustic MP term from mixed procedure
Acap2,IMPC_CSD_001,Combined SHIRPA and Dysmorphology,abnormal vocalization,kept,non-acoustic MP term from mixed procedure
Arrdc1,IMPC_ACS_003,Acoustic Startle and Pre-pulse Inhibition (PPI),decreased startle reflex,removed,fully acoustic procedure
Dpp9,IMPC_CSD_003,Combined SHIRPA and Dysmorphology,decreased exploration in new environment,kept,non-acoustic MP term from mixed procedure
Wdr47,M-G-P_008_001,Modified SHIRPA,absent pinna reflex,removed,acoustic MP term from mixed procedure
Anapc13,IMPC_CSD_003,Combined SHIRPA and Dysmorphology,abnormal coat appearance,kept,non-acoustic MP term from mixed procedure
Gdap2,MGP_CSD_001,Combined SHIRPA and Dysmorphology,absent pinna reflex,removed,acoustic MP term from mixed procedure
Spmap2l,IMPC_CSD_003,Combined SHIRPA and Dysmorphology,tremors,kept,non-acoustic MP term from mixed procedure
Hr,IMPC_CSD_003,Combined SHIRPA and Dysmorphology,abnormal coat/ hair morphology,kept,non-acoustic MP term from mixed procedure
Myh1,IMPC_ABR_002,Auditory Brain Stem Response,abnormal auditory brainstem response,removed,fully acoustic procedure
Maea,IMPC_CSD_002,Combined SHIRPA and Dysmorphology,abnormal coat appearance,kept,non-acoustic MP term from mixed procedure
Micu1,IMPC_CSD_003,Combined SHIRPA and Dysmorphology,abnormal gait,kept,non-acoustic MP term from mixed procedure
Cpa6,IMPC_CSD_003,Combined SHIRPA and Dysmorphology,abnormal startle reflex,removed,acoustic MP term from mixed procedure
Ctnnb1,ESLIM_011_001,Acoustic Startle&PPI,increased startle reflex,removed,fully acoustic procedure
Nt5dc2,JAXLA_CSD_003,Combined SHIRPA and Dysmorphology,impaired righting response,kept,non-acoustic MP term from mixed procedure
Cep85l,IMPC_ABR_002,Auditory Brain Stem Response,abnormal auditory brainstem response,removed,fully acoustic procedure
Tmem163,IMPC_CSD_003,Combined SHIRPA and Dysmorphology,abnormal skin coloration,kept,non-acoustic MP term from mixed procedure
Mat2a,ESLIM_011_001,Acoustic Startle&PPI,increased startle reflex,removed,fully acoustic procedure
Mag,IMPC_ABR_002,Auditory Brain Stem Response,abnormal auditory brainstem response,removed,fully acoustic procedure
Nxn,IMPC_CSD_003,Combined SHIRPA and Dysmorphology,abnormal snout morphology,kept,non-acoustic MP term from mixed procedure
Iqgap2,IMPC_ACS_003,Acoustic Startle and Pre-pulse Inhibition (PPI),increased startle reflex,removed,fully acoustic procedure
Ccr2,IMPC_CSD_003,Combined SHIRPA and Dysmorphology,abnormal gait,kept,non-acoustic MP term from mixed procedure
Adgrv1,IMPC_ABR_002,Auditory Brain Stem Response,abnormal auditory brainstem response,removed,fully acoustic procedure
AU040320,JAXLA_CSD_003,Combined SHIRPA and Dysmorphology,abnormal coat/hair pigmentation,kept,non-acoustic MP term from mixed procedure
Tprn,IMPC_ACS_003,Acoustic Startle and Pre-pulse Inhibition (PPI),decreased startle reflex,removed,fully acoustic procedure
Prkd2,IMPC_ACS_003,Acoustic Startle and Pre-pulse Inhibition (PPI),decreased prepulse inhibition,removed,fully acoustic procedure
Kcne1,IMPC_CSD_003,Combined SHIRPA and Dysmorphology,tremors,kept,non-acoustic MP term from mixed procedure
Homer2,IMPC_ABR_002,Auditory Brain Stem Response,abnormal auditory brainstem response,removed,fully acoustic procedure
Mfsd8,IMPC_CSD_003,Combined SHIRPA and Dysmorphology,abnormal coat/hair pigmentation,kept,non-acoustic MP term from mixed procedure
Otoa,IMPC_ACS_003,Acoustic Startle and Pre-pulse Inhibition (PPI),decreased prepulse inhibition,removed,fully acoustic procedure
Tanc2,IMPC_CSD_002,Combined SHIRPA and Dysmorphology,increased exploration in new environment,kept,non-acoustic MP term from mixed procedure
Hnrnpab,IMPC_ACS_003,Acoustic Startle and Pre-pulse Inhibition (PPI),decreased prepulse inhibition,removed,fully acoustic procedure
Irgm2,JAXLA_CSD_003,Combined SHIRPA and Dysmorphology,abnormal skin morphology,kept,non-acoustic MP term from mixed procedure
Dnase1l2,IMPC_CSD_003,Combined SHIRPA and Dysmorphology,abnormal digit morphology,kept,non-acoustic MP term from mixed procedure
Rgs2,IMPC_CSD_003,Combined SHIRPA and Dysmorphology,abnormal tooth morphology,kept,non-acoustic MP term from mixed procedure
Gpr108,IMPC_ABR_002,Auditory Brain Stem Response,abnormal auditory brainstem response,removed,fully acoustic procedure
Cdk7,IMPC_CSD_003,Combined SHIRPA and Dysmorphology,abnormal coat/ hair morphology,kept,non-acoustic MP term from mixed procedure
Utp4,JAXLA_CSD_003,Combined SHIRPA and Dysmorphology,absent vibrissae,kept,non-acoustic MP term from mixed procedure
Krt71,IMPC_CSD_003,Combined SHIRPA and Dysmorphology,abnormal coat/hair pigmentation,kept,non-acoustic MP term from mixed procedure
Ppp1r11,IMPC_ABR_002,Auditory Brain Stem Response,abnormal auditory brainstem response,removed,fully acoustic procedure
Itch,IMPC_CSD_003,Combined SHIRPA and Dysmorphology,abnormal tooth morphology,kept,non-acoustic MP term from mixed procedure
Sfr1,IMPC_CSD_003,Combined SHIRPA and Dysmorphology,abnormal snout morphology,kept,non-acoustic MP term from mixed procedure
Wdr38,IMPC_CSD_003,Combined SHIRPA and Dysmorphology,abnormal vibrissa morphology,kept,non-acoustic MP term from mixed procedure
Mir100,IMPC_CSD_003,Combined SHIRPA and Dysmorphology,abnormal skin coloration,kept,non-acoustic MP term from mixed procedure
Ubox5,IMPC_ACS_003,Acoustic Startle and Pre-pulse Inhibition (PPI),decreased prepulse inhibition,removed,fully acoustic procedure
Agbl1,JAXLA_CSD_003,Combined SHIRPA and Dysmorphology,abnormal coat/hair pigmentation,kept,non-acoustic MP term from mixed procedure
Usp29,IMPC_CSD_003,Combined SHIRPA and Dysmorphology,decreased exploration in new environment,kept,non-acoustic MP term from mixed procedure
Pcsk2,IMPC_CSD_003,Combined SHIRPA and Dysmorphology,abnormal locomotor behavior,kept,non-acoustic MP term from mixed procedure
Car8,IMPC_CSD_003,Combined SHIRPA and Dysmorphology,abnormal gait,kept,non-acoustic MP term from mixed procedure
Mysm1,ESLIM_008_001,Modified SHIRPA,abnormal response to new environment,kept,non-acoustic MP term from mixed procedure
Nfatc3,IMPC_ACS_003,Acoustic Startle and Pre-pulse Inhibition (PPI),increased startle reflex,removed,fully acoustic procedure
Zdhhc5,IMPC_ACS_003,Acoustic Startle and Pre-pulse Inhibition (PPI),decreased startle reflex,removed,fully acoustic procedure
Ubiad1,JAXLA_CSD_003,Combined SHIRPA and Dysmorphology,abnormal coat/hair pigmentation,kept,non-acoustic MP term from mixed procedure
Rab27a,IMPC_CSD_003,Combined SHIRPA and Dysmorphology,abnormal coat/hair pigmentation,kept,non-acoustic MP term from mixed procedure
Wdr33,IMPC_ACS_003,Acoustic Startle and Pre-pulse Inhibition (PPI),decreased prepulse inhibition,removed,fully acoustic procedure
Minar2,IMPC_ABR_001,Auditory Brain Stem Response,abnormal auditory brainstem response,removed,fully acoustic procedure
Edar,IMPC_ACS_003,Acoustic Startle and Pre-pulse Inhibition (PPI),decreased prepulse inhibition,removed,fully acoustic procedure
Pjvk,IMPC_ACS_003,Acoustic Startle and Pre-pulse Inhibition (PPI),decreased prepulse inhibition,removed,fully acoustic procedure
Axin2,IMPC_CSD_003,Combined SHIRPA and Dysmorphology,abnormal skin coloration,kept,non-acoustic MP term from mixed procedure
Kcnma1,IMPC_CSD_003,Combined SHIRPA and Dysmorphology,tremors,kept,non-acoustic MP term from mixed procedure
Fbxl21,IMPC_CSD_003,Combined SHIRPA and Dysmorphology,limb grasping,kept,non-acoustic MP term from mixed procedure
Fam83h,IMPC_CSD_003,Combined SHIRPA and Dysmorphology,abnormal coat appearance,kept,non-acoustic MP term from mixed procedure
Mon1b,IMPC_CSD_003,Combined SHIRPA and Dysmorphology,abnormal coat/hair pigmentation,kept,non-acoustic MP term from mixed procedure
Prrt2,IMPC_ACS_003,Acoustic Startle and Pre-pulse Inhibition (PPI),decreased startle reflex,removed,fully acoustic procedure
Abca13,IMPC_ACS_003,Acoustic Startle and Pre-pulse Inhibition (PPI),decreased prepulse inhibition,removed,fully acoustic procedure
Gpr176,HRWLLA_CSD_003,Combined SHIRPA and Dysmorphology,abnormal head morphology,kept,non-acoustic MP term from mixed procedure
Rnf214,IMPC_CSD_001,Combined SHIRPA and Dysmorphology,abnormal vocalization,kept,non-acoustic MP term from mixed procedure
Gfpt2,IMPC_CSD_002,Combined SHIRPA and Dysmorphology,abnormal vocalization,kept,non-acoustic MP term from mixed procedure
Mllt6,IMPC_ACS_003,Acoustic Startle and Pre-pulse Inhibition (PPI),decreased prepulse inhibition,removed,fully acoustic procedure
Ankrd52,IMPC_CSD_001,Combined SHIRPA and Dysmorphology,abnormal vocalization,kept,non-acoustic MP term from mixed procedure
Hoxa2,IMPC_CSD_002,Combined SHIRPA and Dysmorphology,abnormal snout morphology,kept,non-acoustic MP term from mixed procedure
Fbxl8,IMPC_ABR_002,Auditory Brain Stem Response,abnormal auditory brainstem response,removed,fully acoustic procedure
Spata21,IMPC_CSD_003,Combined SHIRPA and Dysmorphology,limb grasping,kept,non-acoustic MP term from mixed procedure
Elmod1,ESLIM_008_001,Modified SHIRPA,abnormal locomotor activation,kept,non-acoustic MP term from mixed procedure
Bod1,IMPC_ABR_002,Auditory Brain Stem Response,abnormal auditory brainstem response,removed,fully acoustic procedure
Hps5,IMPC_CSD_001,Combined SHIRPA and Dysmorphology,abnormal behavior,kept,non-acoustic MP term from mixed procedure
Scart2,IMPC_CSD_003,Combined SHIRPA and Dysmorphology,abnormal tail morphology,kept,non-acoustic MP term from mixed procedure
Svop,IMPC_CSD_003,Combined SHIRPA and Dysmorphology,abnormal gait,kept,non-acoustic MP term from mixed procedure
C2cd2l,IMPC_ABR_002,Auditory Brain Stem Response,abnormal auditory brainstem response,removed,fully acoustic procedure
Agbl1,JAXLA_CSD_003,Combined SHIRPA and Dysmorphology,limb grasping,kept,non-acoustic MP term from mixed procedure
Eefsec,IMPC_CSD_002,Combined SHIRPA and Dysmorphology,impaired righting response,kept,non-acoustic MP term from mixed procedure
Mtmr10,IMPC_ACS_003,Acoustic Startle and Pre-pulse Inhibition (PPI),decreased prepulse inhibition,removed,fully acoustic procedure
Tmem33,IMPC_CSD_001,Combined SHIRPA and Dysmorphology,abnormal coat/ hair morphology,kept,non-acoustic MP term from mixed procedure
Klf16,IMPC_CSD_001,Combined SHIRPA and Dysmorphology,absent vibrissae,kept,non-acoustic MP term from mixed procedure
Dusp16,IMPC_ACS_003,Acoustic Startle and Pre-pulse Inhibition (PPI),decreased prepulse inhibition,removed,fully acoustic procedure
Pacs2,ESLIM_011_001,Acoustic Startle&PPI,increased startle reflex,removed,fully acoustic procedure
Abcb4,ESLIM_011_001,Acoustic Startle&PPI,increased startle reflex,removed,fully acoustic procedure
Sec16b,M-G-P_008_001,Modified SHIRPA,abnormal tail movements,kept,non-acoustic MP term from mixed procedure
Rp9,IMPC_ACS_003,Acoustic Startle and Pre-pulse Inhibition (PPI),decreased prepulse inhibition,removed,fully acoustic procedure
Atn1,IMPC_CSD_003,Combined SHIRPA and Dysmorphology,abnormal gait,kept,non-acoustic MP term from mixed procedure
Cdh18,IMPC_CSD_003,Combined SHIRPA and Dysmorphology,decreased exploration in new environment,kept,non-acoustic MP term from mixed procedure
Twist1,RBRCLA_CSD_003,Combined SHIRPA and Dysmorphology,abnormal skin morphology,kept,non-acoustic MP term from mixed procedure
Cldn13,JAXLA_CSD_003,Combined SHIRPA and Dysmorphology,abnormal startle reflex,removed,acoustic MP term from mixed procedure
Tox,IMPC_ACS_003,Acoustic Startle and Pre-pulse Inhibition (PPI),decreased prepulse inhibition,removed,fully acoustic procedure
Epb41l1,IMPC_CSD_001,Combined SHIRPA and Dysmorphology,increased exploration in new environment,kept,non-acoustic MP term from mixed procedure
Smurf1,IMPC_CSD_003,Combined SHIRPA and Dysmorphology,trunk curl,kept,non-acoustic MP term from mixed procedure
Bltp2,IMPC_CSD_003,Combined SHIRPA and Dysmorphology,decreased exploration in new environment,kept,non-acoustic MP term from mixed procedure
Zswim5,IMPC_CSD_003,Combined SHIRPA and Dysmorphology,abnormal coat/hair pigmentation,kept,non-acoustic MP term from mixed procedure
BC048562,IMPC_CSD_003,Combined SHIRPA and Dysmorphology,abnormal locomotor behavior,kept,non-acoustic MP term from mixed procedure
Fam91a1,IMPC_CSD_003,Combined SHIRPA and Dysmorphology,abnormal autopod morphology,kept,non-acoustic MP term from mixed procedure
Mcidas,IMPC_ABR_002,Auditory Brain Stem Response,abnormal auditory brainstem response,removed,fully acoustic procedure
Acad11,IMPC_ABR_002,Auditory Brain Stem Response,abnormal auditory brainstem response,removed,fully acoustic procedure
Krtcap2,IMPC_ACS_003,Acoustic Startle and Pre-pulse Inhibition (PPI),decreased startle reflex,removed,fully acoustic procedure
Krtap17-1,IMPC_CSD_003,Combined SHIRPA and Dysmorphology,abnormal coat/ hair morphology,kept,non-acoustic MP term from mixed procedure
Tox3,IMPC_CSD_003,Combined SHIRPA and Dysmorphology,decreased exploration in new environment,kept,non-acoustic MP term from mixed procedure
Mecom,ESLIM_011_001,Acoustic Startle&PPI,decreased prepulse inhibition,removed,fully acoustic procedure
Fbxo11,ESLIM_008_001,Modified SHIRPA,abnormal locomotor activation,kept,non-acoustic MP term from mixed procedure
Hif1an,IMPC_ACS_003,Acoustic Startle and Pre-pulse Inhibition (PPI),increased startle reflex,removed,fully acoustic procedure
Slc24a3,KMPCLA_CSD_003,Combined SHIRPA and Dysmorphology,abnormal coat/hair pigmentation,kept,non-acoustic MP term from mixed procedure
Shh,ESLIM_008_001,Modified SHIRPA,limb grasping,kept,non-acoustic MP term from mixed procedure
Mplkip,IMPC_CSD_003,Combined SHIRPA and Dysmorphology,abnormal snout morphology,kept,non-acoustic MP term from mixed procedure
Dnase1l2,IMPC_CSD_003,Combined SHIRPA and Dysmorphology,abnormal tail morphology,kept,non-acoustic MP term from mixed procedure
Myo10,MGP_CSD_001,Combined SHIRPA and Dysmorphology,abnormal coat/hair pigmentation,kept,non-acoustic MP term from mixed procedure
Srsf5,IMPC_CSD_001,Combined SHIRPA and Dysmorphology,abnormal coat/hair pigmentation,kept,non-acoustic MP term from mixed procedure
Atp8b1,TCPLA_CSD_003,Combined SHIRPA and Dysmorphology,decreased exploration in new environment,kept,non-acoustic MP term from mixed procedure
Spred1,IMPC_CSD_003,Combined SHIRPA and Dysmorphology,abnormal head size,kept,non-acoustic MP term from mixed procedure
Ptchd1,IMPC_CSD_003,Combined SHIRPA and Dysmorphology,increased aggression,kept,non-acoustic MP term from mixed procedure
Aldh3a2,ESLIM_011_001,Acoustic Startle&PPI,increased startle reflex,removed,fully acoustic procedure
Fer,IMPC_ABR_002,Auditory Brain Stem Response,abnormal auditory brainstem response,removed,fully acoustic procedure
Sema3f,IMPC_CSD_003,Combined SHIRPA and Dysmorphology,limb grasping,kept,non-acoustic MP term from mixed procedure
Lep,IMPC_CSD_003,Combined SHIRPA and Dysmorphology,abnormal coat appearance,kept,non-acoustic MP term from mixed procedure
Nek1,IMPC_ACS_003,Acoustic Startle and Pre-pulse Inhibition (PPI),decreased prepulse inhibition,removed,fully acoustic procedure
Sik3,MGP_CSD_001,Combined SHIRPA and Dysmorphology,abnormal tail morphology,kept,non-acoustic MP term from mixed procedure
Oplah,IMPC_ACS_003,Acoustic Startle and Pre-pulse Inhibition (PPI),increased startle reflex,removed,fully acoustic procedure
Appbp2,IMPC_CSD_001,Combined SHIRPA and Dysmorphology,abnormal vocalization,kept,non-acoustic MP term from mixed procedure
Asap2,IMPC_ACS_003,Acoustic Startle and Pre-pulse Inhibition (PPI),decreased prepulse inhibition,removed,fully acoustic procedure
Slc5a5,JAXLA_CSD_003,Combined SHIRPA and Dysmorphology,abnormal gait,kept,non-acoustic MP term from mixed procedure
Zfp719,IMPC_ABR_001,Auditory Brain Stem Response,abnormal auditory brainstem response,removed,fully acoustic procedure
Pcdh1,MGP_CSD_001,Combined SHIRPA and Dysmorphology,abnormal hair growth,kept,non-acoustic MP term from mixed procedure
Scamp2,IMPC_ABR_002,Auditory Brain Stem Response,abnormal auditory brainstem response,removed,fully acoustic procedure
Tent2,IMPC_CSD_003,Combined SHIRPA and Dysmorphology,abnormal behavior,kept,non-acoustic MP term from mixed procedure
Furin,IMPC_CSD_003,Combined SHIRPA and Dysmorphology,abnormal vibrissa morphology,kept,non-acoustic MP term from mixed procedure
Mcidas,IMPC_ABR_002,Auditory Brain Stem Response,abnormal auditory brainstem response,removed,fully acoustic procedure
P4ha2,IMPC_ACS_003,Acoustic Startle and Pre-pulse Inhibition (PPI),decreased prepulse inhibition,removed,fully acoustic procedure
Wdr47,M-G-P_008_001,Modified SHIRPA,limb grasping,kept,non-acoustic MP term from mixed procedure
Fzd1,IMPC_CSD_003,Combined SHIRPA and Dysmorphology,decreased exploration in new environment,kept,non-acoustic MP term from mixed procedure
Marchf9,ESLIM_008_001,Modified SHIRPA,abnormal response to new environment,kept,non-acoustic MP term from mixed procedure
Stoml2,IMPC_ACS_003,Acoustic Startle and Pre-pulse Inhibition (PPI),decreased prepulse inhibition,removed,fully acoustic procedure
Aspn,IMPC_ABR_002,Auditory Brain Stem Response,abnormal auditory brainstem response,removed,fully acoustic procedure
Hipk3,IMPC_ACS_003,Acoustic Startle and Pre-pulse Inhibition (PPI),decreased prepulse inhibition,removed,fully acoustic procedure
Mta1,ESLIM_008_001,Modified SHIRPA,absent pinna reflex,removed,acoustic MP term from mixed procedure
C1qtnf1,UCDIP_CSD_003,Combined SHIRPA and Dysmorphology,abnormal startle reflex,removed,acoustic MP term from mixed procedure
Med12l,IMPC_CSD_001,Combined SHIRPA and Dysmorphology,abnormal vocalization,kept,non-acoustic MP term from mixed procedure
Rnmt,IMPC_CSD_003,Combined SHIRPA and Dysmorphology,limb grasping,kept,non-acoustic MP term from mixed procedure
Dnase1l2,IMPC_CSD_003,Combined SHIRPA and Dysmorphology,abnormal digit morphology,kept,non-acoustic MP term from mixed procedure
Slc30a4,TCPLA_CSD_003,Combined SHIRPA and Dysmorphology,tremors,kept,non-acoustic MP term from mixed procedure
Cox10,IMPC_CSD_003,Combined SHIRPA and Dysmorphology,abnormal vocalization,kept,non-acoustic MP term from mixed procedure
Tex36,IMPC_CSD_003,Combined SHIRPA and Dysmorphology,decreased exploration in new environment,kept,non-acoustic MP term from mixed procedure
Cabp2,IMPC_CSD_001,Combined SHIRPA and Dysmorphology,abnormal vocalization,kept,non-acoustic MP term from mixed procedure
Duox2,IMPC_ACS_003,Acoustic Startle and Pre-pulse Inhibition (PPI),decreased prepulse inhibition,removed,fully acoustic procedure
Gdf5,IMPC_CSD_003,Combined SHIRPA and Dysmorphology,abnormal hindlimb morphology,kept,non-acoustic MP term from mixed procedure
Sun1,IMPC_ACS_003,Acoustic Startle and Pre-pulse Inhibition (PPI),decreased prepulse inhibition,removed,fully acoustic procedure
Vdac1,IMPC_ACS_003,Acoustic Startle and Pre-pulse Inhibition (PPI),increased startle reflex,removed,fully acoustic procedure
Trpc3,ESLIM_008_001,Modified SHIRPA,abnormal gait,kept,non-acoustic MP term from mixed procedure
Tmem255b,ESLIM_011_001,Acoustic Startle&PPI,increased startle reflex,removed,fully acoustic procedure
Smoc1,IMPC_CSD_003,Combined SHIRPA and Dysmorphology,abnormal snout morphology,kept,non-acoustic MP term from mixed procedure
Myo10,MGP_CSD_001,Combined SHIRPA and Dysmorphology,fused phalanges,kept,non-acoustic MP term from mixed procedure
Acy1,JAXLA_CSD_003,Combined SHIRPA and Dysmorphology,abnormal gait,kept,non-acoustic MP term from mixed procedure
Zfp148,BCM_CSD_001,Combined SHIRPA and Dysmorphology,abnormal skin coloration,kept,non-acoustic MP term from mixed procedure
Klhl17,IMPC_CSD_003,Combined SHIRPA and Dysmorphology,abnormal snout morphology,kept,non-acoustic MP term from mixed procedure
Gria1,IMPC_CSD_003,Combined SHIRPA and Dysmorphology,abnormal gait,kept,non-acoustic MP term from mixed procedure
Bltp2,IMPC_CSD_003,Combined SHIRPA and Dysmorphology,abnormal locomotor behavior,kept,non-acoustic MP term from mixed procedure
Elmod1,IMPC_ACS_003,Acoustic Startle and Pre-pulse Inhibition (PPI),decreased prepulse inhibition,removed,fully acoustic procedure
Spin1,IMPC_ACS_003,Acoustic Startle and Pre-pulse Inhibition (PPI),increased startle reflex,removed,fully acoustic procedure
Slc39a10,IMPC_CSD_001,Combined SHIRPA and Dysmorphology,abnormal vocalization,kept,non-acoustic MP term from mixed procedure
Cep350,IMPC_CSD_001,Combined SHIRPA and Dysmorphology,abnormal vocalization,kept,non-acoustic MP term from mixed procedure
Anapc1,IMPC_ACS_003,Acoustic Startle and Pre-pulse Inhibition (PPI),increased startle reflex,removed,fully acoustic procedure
Trappc2l,IMPC_ACS_003,Acoustic Startle and Pre-pulse Inhibition (PPI),decreased prepulse inhibition,removed,fully acoustic procedure
Med25,IMPC_ABR_002,Auditory Brain Stem Response,abnormal auditory brainstem response,removed,fully acoustic procedure
Myh1,IMPC_ACS_003,Acoustic Startle and Pre-pulse Inhibition (PPI),decreased prepulse inhibition,removed,fully acoustic procedure
Frmd5,ESLIM_011_001,Acoustic Startle&PPI,decreased prepulse inhibition,removed,fully acoustic procedure
Smchd1,IMPC_ACS_003,Acoustic Startle and Pre-pulse Inhibition (PPI),decreased prepulse inhibition,removed,fully acoustic procedure
Hnrnph2,IMPC_CSD_001,Combined SHIRPA and Dysmorphology,abnormal vocalization,kept,non-acoustic MP term from mixed procedure
Zswim5,IMPC_CSD_003,Combined SHIRPA and Dysmorphology,abnormal coat/hair pigmentation,kept,non-acoustic MP term from mixed procedure
Duox2,IMPC_ACS_003,Acoustic Startle and Pre-pulse Inhibition (PPI),decreased prepulse inhibition,removed,fully acoustic procedure
Mtif3,IMPC_CSD_002,Combined SHIRPA and Dysmorphology,decreased exploration in new environment,kept,non-acoustic MP term from mixed procedure
Itga11,IMPC_CSD_003,Combined SHIRPA and Dysmorphology,abnormal tooth morphology,kept,non-acoustic MP term from mixed procedure
Ebf1,IMPC_ACS_003,Acoustic Startle and Pre-pulse Inhibition (PPI),decreased prepulse inhibition,removed,fully acoustic procedure
Rhbdf2,ESLIM_008_001,Modified SHIRPA,abnormal response to tactile stimuli,kept,non-acoustic MP term from mixed procedure
Gdf5,IMPC_CSD_003,Combined SHIRPA and Dysmorphology,decreased exploration in new environment,kept,non-acoustic MP term from mixed procedure
Tnfrsf11b,IMPC_ABR_002,Auditory Brain Stem Response,abnormal auditory brainstem response,removed,fully acoustic procedure
1600014C10Rik,IMPC_CSD_001,Combined SHIRPA and Dysmorphology,abnormal coat/hair pigmentation,kept,non-acoustic MP term from mixed procedure
Dnase1l2,IMPC_CSD_003,Combined SHIRPA and Dysmorphology,abnormal digit morphology,kept,non-acoustic MP term from mixed procedure
Cep170b,IMPC_ACS_003,Acoustic Startle and Pre-pulse Inhibition (PPI),decreased startle reflex,removed,fully acoustic procedure
Mpv17l2,IMPC_CSD_003,Combined SHIRPA and Dysmorphology,abnormal coat/hair pigmentation,kept,non-acoustic MP term from mixed procedure
Mmp2,IMPC_ACS_003,Acoustic Startle and Pre-pulse Inhibition (PPI),decreased prepulse inhibition,removed,fully acoustic procedure
Gm15551,IMPC_CSD_003,Combined SHIRPA and Dysmorphology,abnormal locomotor behavior,kept,non-acoustic MP term from mixed procedure
Bend3,IMPC_CSD_002,Combined SHIRPA and Dysmorphology,abnormal coat/hair pigmentation,kept,non-acoustic MP term from mixed procedure
Spns2,MGP_CSD_001,Combined SHIRPA and Dysmorphology,trunk curl,kept,non-acoustic MP term from mixed procedure
Six1,IMPC_ACS_003,Acoustic Startle and Pre-pulse Inhibition (PPI),decreased prepulse inhibition,removed,fully acoustic procedure
Eps8l2,IMPC_CSD_003,Combined SHIRPA and Dysmorphology,abnormal startle reflex,removed,acoustic MP term from mixed procedure
Tmprss6,IMPC_CSD_003,Combined SHIRPA and Dysmorphology,decreased exploration in new environment,kept,non-acoustic MP term from mixed procedure
Usp53,IMPC_CSD_003,Combined SHIRPA and Dysmorphology,abnormal startle reflex,removed,acoustic MP term from mixed procedure
Mir96,MGP_CSD_001,Combined SHIRPA and Dysmorphology,abnormal gait,kept,non-acoustic MP term from mixed procedure
Nedd4,IMPC_CSD_003,Combined SHIRPA and Dysmorphology,abnormal gait,kept,non-acoustic MP term from mixed procedure
Tent5a,IMPC_CSD_003,Combined SHIRPA and Dysmorphology,abnormal gait,kept,non-acoustic MP term from mixed procedure
Slc44a1,IMPC_ACS_003,Acoustic Startle and Pre-pulse Inhibition (PPI),decreased prepulse inhibition,removed,fully acoustic procedure
Ttll1,ESLIM_011_001,Acoustic Startle&PPI,increased startle reflex,removed,fully acoustic procedure
Il20rb,IMPC_ACS_003,Acoustic Startle and Pre-pulse Inhibition (PPI),decreased prepulse inhibition,removed,fully acoustic procedure
Trmt2a,IMPC_ACS_003,Acoustic Startle and Pre-pulse Inhibition (PPI),increased startle reflex,removed,fully acoustic procedure
Zbtb21,IMPC_ABR_002,Auditory Brain Stem Response,abnormal auditory brainstem response,removed,fully acoustic procedure
Slc9a4,IMPC_ACS_003,Acoustic Startle and Pre-pulse Inhibition (PPI),decreased startle reflex,removed,fully acoustic procedure
Tmem222,IMPC_ACS_003,Acoustic Startle and Pre-pulse Inhibition (PPI),decreased prepulse inhibition,removed,fully acoustic procedure
Lrrc63,IMPC_CSD_003,Combined SHIRPA and Dysmorphology,abnormal vibrissa morphology,kept,non-acoustic MP term from mixed procedure
Eya1,IMPC_ACS_003,Acoustic Startle and Pre-pulse Inhibition (PPI),decreased prepulse inhibition,removed,fully acoustic procedure
Sytl1,ESLIM_008_001,Modified SHIRPA,abnormal response to tactile stimuli,kept,non-acoustic MP term from mixed procedure
Smc5,IMPC_CSD_003,Combined SHIRPA and Dysmorphology,tremors,kept,non-acoustic MP term from mixed procedure
Myh1,IMPC_ABR_002,Auditory Brain Stem Response,abnormal auditory brainstem response,removed,fully acoustic procedure
Ngfr,IMPC_CSD_003,Combined SHIRPA and Dysmorphology,limb grasping,kept,non-acoustic MP term from mixed procedure
Mprip,IMPC_CSD_001,Combined SHIRPA and Dysmorphology,abnormal vocalization,kept,non-acoustic MP term from mixed procedure
Plaat1,IMPC_ABR_002,Auditory Brain Stem Response,abnormal auditory brainstem response,removed,fully acoustic procedure
Tomm20,IMPC_CSD_001,Combined SHIRPA and Dysmorphology,abnormal vocalization,kept,non-acoustic MP term from mixed procedure
Tuba8,JAXLA_CSD_003,Combined SHIRPA and Dysmorphology,abnormal vocalization,kept,non-acoustic MP term from mixed procedure
Ptchd1,IMPC_ABR_002,Auditory Brain Stem Response,abnormal auditory brainstem response,removed,fully acoustic procedure
Kcnb1,IMPC_CSD_003,Combined SHIRPA and Dysmorphology,abnormal locomotor behavior,kept,non-acoustic MP term from mixed procedure
Slc38a4,IMPC_CSD_002,Combined SHIRPA and Dysmorphology,abnormal snout morphology,kept,non-acoustic MP term from mixed procedure
Fbn2,IMPC_CSD_003,Combined SHIRPA and Dysmorphology,abnormal nail morphology,kept,non-acoustic MP term from mixed procedure
Fdxacb1,IMPC_CSD_001,Combined SHIRPA and Dysmorphology,trunk curl,kept,non-acoustic MP term from mixed procedure
Klc2,IMPC_ABR_001,Auditory Brain Stem Response,abnormal auditory brainstem response,removed,fully acoustic procedure
Ebf1,IMPC_ACS_003,Acoustic Startle and Pre-pulse Inhibition (PPI),decreased prepulse inhibition,removed,fully acoustic procedure
Idua,IMPC_ACS_003,Acoustic Startle and Pre-pulse Inhibition (PPI),decreased startle reflex,removed,fully acoustic procedure
Zfp438,IMPC_CSD_003,Combined SHIRPA and Dysmorphology,abnormal coat/hair pigmentation,kept,non-acoustic MP term from mixed procedure
Ezh1,IMPC_ACS_003,Acoustic Startle and Pre-pulse Inhibition (PPI),decreased prepulse inhibition,removed,fully acoustic procedure
Grxcr1,IMPC_ABR_002,Auditory Brain Stem Response,abnormal auditory brainstem response,removed,fully acoustic procedure
Endod1,IMPC_ACS_003,Acoustic Startle and Pre-pulse Inhibition (PPI),decreased prepulse inhibition,removed,fully acoustic procedure
Agap1,IMPC_ABR_001,Auditory Brain Stem Response,abnormal auditory brainstem response,removed,fully acoustic procedure
Dus1l,IMPC_ABR_002,Auditory Brain Stem Response,abnormal auditory brainstem response,removed,fully acoustic procedure
Smdt1,IMPC_CSD_003,Combined SHIRPA and Dysmorphology,tremors,kept,non-acoustic MP term from mixed procedure
Ankrd11,IMPC_CSD_003,Combined SHIRPA and Dysmorphology,abnormal startle reflex,removed,acoustic MP term from mixed procedure
Aph1a,IMPC_CSD_003,Combined SHIRPA and Dysmorphology,abnormal coat appearance,kept,non-acoustic MP term from mixed procedure
Wdr12,IMPC_CSD_001,Combined SHIRPA and Dysmorphology,abnormal coat/hair pigmentation,kept,non-acoustic MP term from mixed procedure
Slc20a2,IMPC_ABR_001,Auditory Brain Stem Response,abnormal auditory brainstem response,removed,fully acoustic procedure
Hps5,IMPC_CSD_001,Combined SHIRPA and Dysmorphology,abnormal coat/hair pigmentation,kept,non-acoustic MP term from mixed procedure
Epb41l1,IMPC_ACS_003,Acoustic Startle and Pre-pulse Inhibition (PPI),increased startle reflex,removed,fully acoustic procedure
Hoxa2,IMPC_ACS_003,Acoustic Startle and Pre-pulse Inhibition (PPI),decreased prepulse inhibition,removed,fully acoustic procedure
Chsy1,IMPC_ABR_002,Auditory Brain Stem Response,abnormal auditory brainstem response,removed,fully acoustic procedure
Bltp2,IMPC_CSD_003,Combined SHIRPA and Dysmorphology,absent vibrissae,kept,non-acoustic MP term from mixed procedure
Krt90,IMPC_CSD_001,Combined SHIRPA and Dysmorphology,abnormal gait,kept,non-acoustic MP term from mixed procedure
Pramel17,IMPC_ABR_002,Auditory Brain Stem Response,abnormal auditory brainstem response,removed,fully acoustic procedure
Tfec,IMPC_CSD_003,Combined SHIRPA and Dysmorphology,abnormal tail morphology,kept,non-acoustic MP term from mixed procedure
Ubald1,IMPC_CSD_003,Combined SHIRPA and Dysmorphology,head bobbing,kept,non-acoustic MP term from mixed procedure
Dcaf12,IMPC_CSD_003,Combined SHIRPA and Dysmorphology,increased aggression,kept,non-acoustic MP term from mixed procedure
Mecom,ESLIM_008_001,Modified SHIRPA,abnormal startle reflex,removed,acoustic MP term from mixed procedure
Cdcp3,IMPC_CSD_003,Combined SHIRPA and Dysmorphology,abnormal tail morphology,kept,non-acoustic MP term from mixed procedure
Zmym2,IMPC_ACS_003,Acoustic Startle and Pre-pulse Inhibition (PPI),increased startle reflex,removed,fully acoustic procedure
Sox13,ESLIM_011_001,Acoustic Startle&PPI,increased startle reflex,removed,fully acoustic procedure
Frrs1l,IMPC_CSD_003,Combined SHIRPA and Dysmorphology,abnormal gait,kept,non-acoustic MP term from mixed procedure
Ccdc88c,IMPC_ABR_002,Auditory Brain Stem Response,abnormal auditory brainstem response,removed,fully acoustic procedure
Plekhm1,IMPC_ACS_003,Acoustic Startle and Pre-pulse Inhibition (PPI),decreased prepulse inhibition,removed,fully acoustic procedure
Cdk12,TCPLA_CSD_003,Combined SHIRPA and Dysmorphology,decreased exploration in new environment,kept,non-acoustic MP term from mixed procedure
Snap25,IMPC_CSD_003,Combined SHIRPA and Dysmorphology,decreased exploration in new environment,kept,non-acoustic MP term from mixed procedure
Myo6,IMPC_ABR_002,Auditory Brain Stem Response,abnormal auditory brainstem response,removed,fully acoustic procedure
Entpd6,MGP_CSD_001,Combined SHIRPA and Dysmorphology,abnormal tail morphology,kept,non-acoustic MP term from mixed procedure
Tnfaip1,ESLIM_008_001,Modified SHIRPA,abnormal tail movements,kept,non-acoustic MP term from mixed procedure
Slc47a1,IMPC_CSD_002,Combined SHIRPA and Dysmorphology,abnormal vocalization,kept,non-acoustic MP term from mixed procedure
Pycr2,MGP_CSD_001,Combined SHIRPA and Dysmorphology,trunk curl,kept,non-acoustic MP term from mixed procedure
Spag7,IMPC_ACS_003,Acoustic Startle and Pre-pulse Inhibition (PPI),decreased prepulse inhibition,removed,fully acoustic procedure
Slc36a2,IMPC_CSD_001,Combined SHIRPA and Dysmorphology,abnormal autopod morphology,kept,non-acoustic MP term from mixed procedure
Polr1c,JAXLA_CSD_003,Combined SHIRPA and Dysmorphology,abnormal coat/hair pigmentation,kept,non-acoustic MP term from mixed procedure
Grid1,IMPC_ACS_003,Acoustic Startle and Pre-pulse Inhibition (PPI),increased prepulse inhibition,removed,fully acoustic procedure
Fam24b,IMPC_CSD_001,Combined SHIRPA and Dysmorphology,abnormal coat/hair pigmentation,kept,non-acoustic MP term from mixed procedure
Fbxo24,IMPC_ABR_002,Auditory Brain Stem Response,abnormal auditory brainstem response,removed,fully acoustic procedure
Dnase1l2,IMPC_CSD_002,Combined SHIRPA and Dysmorphology,abnormal tail morphology,kept,non-acoustic MP term from mixed procedure
Rabl2,IMPC_CSD_003,Combined SHIRPA and Dysmorphology,abnormal autopod morphology,kept,non-acoustic MP term from mixed procedure
Rbm6,IMPC_CSD_001,Combined SHIRPA and Dysmorphology,abnormal coat/hair pigmentation,kept,non-acoustic MP term from mixed procedure
Baiap2l2,IMPC_ABR_002,Auditory Brain Stem Response,abnormal auditory brainstem response,removed,fully acoustic procedure
Gal3st1,IMPC_CSD_003,Combined SHIRPA and Dysmorphology,abnormal gait,kept,non-acoustic MP term from mixed procedure
Il18rap,MGP_CSD_001,Combined SHIRPA and Dysmorphology,abnormal hair growth,kept,non-acoustic MP term from mixed procedure
Mllt6,IMPC_ACS_003,Acoustic Startle and Pre-pulse Inhibition (PPI),decreased prepulse inhibition,removed,fully acoustic procedure
Cib2,IMPC_ACS_003,Acoustic Startle and Pre-pulse Inhibition (PPI),decreased prepulse inhibition,removed,fully acoustic procedure
Strbp,IMPC_ACS_003,Acoustic Startle and Pre-pulse Inhibition (PPI),decreased prepulse inhibition,removed,fully acoustic procedure
Nedd4l,IMPC_ACS_003,Acoustic Startle and Pre-pulse Inhibition (PPI),decreased prepulse inhibition,removed,fully acoustic procedure
Gdf5,IMPC_CSD_003,Combined SHIRPA and Dysmorphology,abnormal autopod morphology,kept,non-acoustic MP term from mixed procedure
Prodh,IMPC_CSD_003,Combined SHIRPA and Dysmorphology,abnormal coat/hair pigmentation,kept,non-acoustic MP term from mixed procedure
Parp1,IMPC_ACS_003,Acoustic Startle and Pre-pulse Inhibition (PPI),increased prepulse inhibition,removed,fully acoustic procedure
Srbd1,JAXLA_CSD_003,Combined SHIRPA and Dysmorphology,abnormal coat/hair pigmentation,kept,non-acoustic MP term from mixed procedure
Slc24a5,IMPC_ACS_003,Acoustic Startle and Pre-pulse Inhibition (PPI),decreased prepulse inhibition,removed,fully acoustic procedure
Afg1l,KMPCIP_CSD_003,Combined SHIRPA and Dysmorphology,abnormal skin coloration,kept,non-acoustic MP term from mixed procedure
Vac14,IMPC_CSD_003,Combined SHIRPA and Dysmorphology,head bobbing,kept,non-acoustic MP term from mixed procedure
Dusp18,JAXLA_CSD_003,Combined SHIRPA and Dysmorphology,abnormal coat/hair pigmentation,kept,non-acoustic MP term from mixed procedure
Nt5dc1,JAXLA_CSD_003,Combined SHIRPA and Dysmorphology,abnormal coat/hair pigmentation,kept,non-acoustic MP term from mixed procedure
Clba1,IMPC_ABR_002,Auditory Brain Stem Response,abnormal auditory brainstem response,removed,fully acoustic procedure
Homer2,IMPC_ABR_002,Auditory Brain Stem Response,abnormal auditory brainstem response,removed,fully acoustic procedure
Dnajb2,JAXLA_CSD_003,Combined SHIRPA and Dysmorphology,abnormal coat/hair pigmentation,kept,non-acoustic MP term from mixed procedure
Hip1,IMPC_CSD_002,Combined SHIRPA and Dysmorphology,abnormal gait,kept,non-acoustic MP term from mixed procedure
Fbxo11,ESLIM_011_001,Acoustic Startle&PPI,decreased prepulse inhibition,removed,fully acoustic procedure
Zfp512,IMPC_CSD_001,Combined SHIRPA and Dysmorphology,abnormal coat/hair pigmentation,kept,non-acoustic MP term from mixed procedure
Pum1,IMPC_ACS_003,Acoustic Startle and Pre-pulse Inhibition (PPI),decreased prepulse inhibition,removed,fully acoustic procedure
Clmn,IMPC_ACS_003,Acoustic Startle and Pre-pulse Inhibition (PPI),decreased prepulse inhibition,removed,fully acoustic procedure
Frmd5,ESLIM_011_001,Acoustic Startle&PPI,decreased prepulse inhibition,removed,fully acoustic procedure
Rhbdf2,MGP_CSD_001,Combined SHIRPA and Dysmorphology,abnormal coat appearance,kept,non-acoustic MP term from mixed procedure
Fbxo10,JAXLA_CSD_003,Combined SHIRPA and Dysmorphology,abnormal coat/hair pigmentation,kept,non-acoustic MP term from mixed procedure
Frmd5,ESLIM_011_001,Acoustic Startle&PPI,decreased prepulse inhibition,removed,fully acoustic procedure
Rab11fip3,IMPC_CSD_001,Combined SHIRPA and Dysmorphology,abnormal startle reflex,removed,acoustic MP term from mixed procedure
AU040320,JAXLA_CSD_003,Combined SHIRPA and Dysmorphology,absent vibrissae,kept,non-acoustic MP term from mixed procedure
Tmem255b,ESLIM_011_001,Acoustic Startle&PPI,increased startle reflex,removed,fully acoustic procedure
Gpbp1,IMPC_CSD_002,Combined SHIRPA and Dysmorphology,abnormal gait,kept,non-acoustic MP term from mixed procedure
Atf7,IMPC_ACS_003,Acoustic Startle and Pre-pulse Inhibition (PPI),increased startle reflex,removed,fully acoustic procedure
Nrp1,IMPC_ABR_002,Auditory Brain Stem Response,abnormal auditory brainstem response,removed,fully acoustic procedure
Bach2,IMPC_CSD_002,Combined SHIRPA and Dysmorphology,limb grasping,kept,non-acoustic MP term from mixed procedure
Irag2,MGP_CSD_001,Combined SHIRPA and Dysmorphology,abnormal coat appearance,kept,non-acoustic MP term from mixed procedure
Npr2,IMPC_CSD_003,Combined SHIRPA and Dysmorphology,trunk curl,kept,non-acoustic MP term from mixed procedure
Car8,IMPC_CSD_003,Combined SHIRPA and Dysmorphology,abnormal gait,kept,non-acoustic MP term from mixed procedure
Tmie,IMPC_CSD_001,Combined SHIRPA and Dysmorphology,abnormal vocalization,kept,non-acoustic MP term from mixed procedure
Usp53,IMPC_CSD_003,Combined SHIRPA and Dysmorphology,abnormal startle reflex,removed,acoustic MP term from mixed procedure
Clk2,IMPC_ACS_003,Acoustic Startle and Pre-pulse Inhibition (PPI),increased startle reflex,removed,fully acoustic procedure
Klhl17,IMPC_CSD_003,Combined SHIRPA and Dysmorphology,abnormal hindlimb morphology,kept,non-acoustic MP term from mixed procedure
Rell1,IMPC_ACS_003,Acoustic Startle and Pre-pulse Inhibition (PPI),decreased prepulse inhibition,removed,fully acoustic procedure
Ctsj,IMPC_CSD_003,Combined SHIRPA and Dysmorphology,abnormal coat/hair pigmentation,kept,non-acoustic MP term from mixed procedure
Cldn13,JAXLA_CSD_003,Combined SHIRPA and Dysmorphology,abnormal coat/hair pigmentation,kept,non-acoustic MP term from mixed procedure
Klrc3,MGP_CSD_001,Combined SHIRPA and Dysmorphology,abnormal reproductive system morphology,kept,non-acoustic MP term from mixed procedure
Inhbb,IMPC_CSD_003,Combined SHIRPA and Dysmorphology,abnormal gait,kept,non-acoustic MP term from mixed procedure
Pkmyt1,IMPC_CSD_001,Combined SHIRPA and Dysmorphology,abnormal coat/ hair morphology,kept,non-acoustic MP term from mixed procedure
Mib2,ESLIM_008_001,Modified SHIRPA,abnormal tail movements,kept,non-acoustic MP term from mixed procedure
Asap2,IMPC_ACS_003,Acoustic Startle and Pre-pulse Inhibition (PPI),decreased prepulse inhibition,removed,fully acoustic procedure
Lrig3,IMPC_CSD_003,Combined SHIRPA and Dysmorphology,abnormal gait,kept,non-acoustic MP term from mixed procedure
Runx3,IMPC_CSD_003,Combined SHIRPA and Dysmorphology,abnormal locomotor behavior,kept,non-acoustic MP term from mixed procedure
Kcne1,IMPC_CSD_003,Combined SHIRPA and Dysmorphology,abnormal startle reflex,removed,acoustic MP term from mixed procedure
Mgrn1,IMPC_ABR_002,Auditory Brain Stem Response,abnormal auditory brainstem response,removed,fully acoustic procedure
Ddx19b,IMPC_CSD_003,Combined SHIRPA and Dysmorphology,abnormal male genitalia morphology,kept,non-acoustic MP term from mixed procedure
Ctsa,IMPC_CSD_003,Combined SHIRPA and Dysmorphology,abnormal forelimb morphology,kept,non-acoustic MP term from mixed procedure
Ackr3,IMPC_CSD_003,Combined SHIRPA and Dysmorphology,tremors,kept,non-acoustic MP term from mixed procedure
Fbxo11,ESLIM_011_001,Acoustic Startle&PPI,increased startle reflex,removed,fully acoustic procedure
Samd9l,IMPC_CSD_003,Combined SHIRPA and Dysmorphology,abnormal vocalization,kept,non-acoustic MP term from mixed procedure
Gipr,BCMLA_CSD_003,Combined SHIRPA and Dysmorphology,abnormal behavior,kept,non-acoustic MP term from mixed procedure
Pfas,IMPC_CSD_001,Combined SHIRPA and Dysmorphology,abnormal coat/hair pigmentation,kept,non-acoustic MP term from mixed procedure
Chp1,IMPC_CSD_003,Combined SHIRPA and Dysmorphology,abnormal coat/ hair morphology,kept,non-acoustic MP term from mixed procedure
Shisa7,IMPC_CSD_001,Combined SHIRPA and Dysmorphology,tremors,kept,non-acoustic MP term from mixed procedure
Fbxo11,ESLIM_011_001,Acoustic Startle&PPI,decreased prepulse inhibition,removed,fully acoustic procedure
Mysm1,ESLIM_008_001,Modified SHIRPA,abnormal gait,kept,non-acoustic MP term from mixed procedure
Ccdc112,IMPC_CSD_003,Combined SHIRPA and Dysmorphology,abnormal locomotor behavior,kept,non-acoustic MP term from mixed procedure
Crtc1,ESLIM_011_001,Acoustic Startle&PPI,decreased prepulse inhibition,removed,fully acoustic procedure
Tmprss6,IMPC_CSD_003,Combined SHIRPA and Dysmorphology,abnormal coat/hair pigmentation,kept,non-acoustic MP term from mixed procedure
Zdhhc20,IMPC_CSD_002,Combined SHIRPA and Dysmorphology,abnormal tooth morphology,kept,non-acoustic MP term from mixed procedure
Ccdc13,IMPC_ABR_002,Auditory Brain Stem Response,abnormal auditory brainstem response,removed,fully acoustic procedure
Ppil3,MGP_CSD_001,Combined SHIRPA and Dysmorphology,absent pinna reflex,removed,acoustic MP term from mixed procedure
Cdh12,IMPC_CSD_001,Combined SHIRPA and Dysmorphology,abnormal coat/ hair morphology,kept,non-acoustic MP term from mixed procedure
Gdf5,IMPC_CSD_003,Combined SHIRPA and Dysmorphology,abnormal autopod morphology,kept,non-acoustic MP term from mixed procedure
Sema5b,ESLIM_011_001,Acoustic Startle&PPI,increased startle reflex,removed,fully acoustic procedure
Sulf2,IMPC_ACS_003,Acoustic Startle and Pre-pulse Inhibition (PPI),decreased prepulse inhibition,removed,fully acoustic procedure
Rprd2,IMPC_CSD_003,Combined SHIRPA and Dysmorphology,abnormal locomotor behavior,kept,non-acoustic MP term from mixed procedure
Kcng1,IMPC_ACS_003,Acoustic Startle and Pre-pulse Inhibition (PPI),decreased prepulse inhibition,removed,fully acoustic procedure
Apmap,JAXLA_CSD_003,Combined SHIRPA and Dysmorphology,abnormal vibrissa morphology,kept,non-acoustic MP term from mixed procedure
Appbp2,IMPC_CSD_001,Combined SHIRPA and Dysmorphology,abnormal snout morphology,kept,non-acoustic MP term from mixed procedure
Klc2,IMPC_ABR_001,Auditory Brain Stem Response,abnormal auditory brainstem response,removed,fully acoustic procedure
Shisa9,IMPC_ACS_003,Acoustic Startle and Pre-pulse Inhibition (PPI),decreased prepulse inhibition,removed,fully acoustic procedure
Myo10,MGP_CSD_001,Combined SHIRPA and Dysmorphology,abnormal coat/hair pigmentation,kept,non-acoustic MP term from mixed procedure
Tmem163,IMPC_CSD_003,Combined SHIRPA and Dysmorphology,abnormal coat/hair pigmentation,kept,non-acoustic MP term from mixed procedure
Krtap17-1,IMPC_CSD_003,Combined SHIRPA and Dysmorphology,abnormal coat appearance,kept,non-acoustic MP term from mixed procedure
Prss3b,IMPC_ACS_003,Acoustic Startle and Pre-pulse Inhibition (PPI),decreased prepulse inhibition,removed,fully acoustic procedure
Cdca7l,IMPC_ACS_003,Acoustic Startle and Pre-pulse Inhibition (PPI),decreased prepulse inhibition,removed,fully acoustic procedure
Krt25,IMPC_CSD_001,Combined SHIRPA and Dysmorphology,abnormal vocalization,kept,non-acoustic MP term from mixed procedure
Sema3f,IMPC_CSD_003,Combined SHIRPA and Dysmorphology,tremors,kept,non-acoustic MP term from mixed procedure
Gnl1,IMPC_CSD_003,Combined SHIRPA and Dysmorphology,limb grasping,kept,non-acoustic MP term from mixed procedure
Cdkn1b,IMPC_CSD_003,Combined SHIRPA and Dysmorphology,abnormal startle reflex,removed,acoustic MP term from mixed procedure
Rap1gap2,IMPC_ABR_002,Auditory Brain Stem Response,abnormal auditory brainstem response,removed,fully acoustic procedure
Lpin2,IMPC_ACS_003,Acoustic Startle and Pre-pulse Inhibition (PPI),decreased prepulse inhibition,removed,fully acoustic procedure
Igfbp3,IMPC_CSD_003,Combined SHIRPA and Dysmorphology,abnormal coat/hair pigmentation,kept,non-acoustic MP term from mixed procedure
Tmtc4,IMPC_ABR_002,Auditory Brain Stem Response,abnormal auditory brainstem response,removed,fully acoustic procedure
Arf2,IMPC_CSD_001,Combined SHIRPA and Dysmorphology,abnormal coat/hair pigmentation,kept,non-acoustic MP term from mixed procedure
Xylb,ESLIM_008_001,Modified SHIRPA,abnormal startle reflex,removed,acoustic MP term from mixed procedure
Chrna9,ESLIM_011_001,Acoustic Startle&PPI,increased startle reflex,removed,fully acoustic procedure
Clic5,IMPC_ACS_003,Acoustic Startle and Pre-pulse Inhibition (PPI),decreased prepulse inhibition,removed,fully acoustic procedure
Tmprss6,IMPC_CSD_003,Combined SHIRPA and Dysmorphology,abnormal coat/hair pigmentation,kept,non-acoustic MP term from mixed procedure
Pmpca,IMPC_CSD_001,Combined SHIRPA and Dysmorphology,abnormal vocalization,kept,non-acoustic MP term from mixed procedure
Usp39,IMPC_ABR_002,Auditory Brain Stem Response,abnormal auditory brainstem response,removed,fully acoustic procedure
Hacd3,IMPC_ACS_003,Acoustic Startle and Pre-pulse Inhibition (PPI),decreased startle reflex,removed,fully acoustic procedure
Efna1,M-G-P_008_001,Modified SHIRPA,abnormal vocalization,kept,non-acoustic MP term from mixed procedure
Enpp1,IMPC_CSD_003,Combined SHIRPA and Dysmorphology,abnormal skin coloration,kept,non-acoustic MP term from mixed procedure
Ces1f,IMPC_ABR_002,Auditory Brain Stem Response,abnormal auditory brainstem response,removed,fully acoustic procedure
Rap1gap2,IMPC_CSD_003,Combined SHIRPA and Dysmorphology,increased aggression,kept,non-acoustic MP term from mixed procedure
Zfp451,IMPC_CSD_003,Combined SHIRPA and Dysmorphology,decreased exploration in new environment,kept,non-acoustic MP term from mixed procedure
Ephx1,ESLIM_011_001,Acoustic Startle&PPI,increased startle reflex,removed,fully acoustic procedure
Lmod3,IMPC_ACS_003,Acoustic Startle and Pre-pulse Inhibition (PPI),decreased prepulse inhibition,removed,fully acoustic procedure
Afap1l2,IMPC_ACS_003,Acoustic Startle and Pre-pulse Inhibition (PPI),increased startle reflex,removed,fully acoustic procedure
Vdr,IMPC_CSD_002,Combined SHIRPA and Dysmorphology,abnormal coat/ hair morphology,kept,non-acoustic MP term from mixed procedure
Nadk2,MGP_CSD_001,Combined SHIRPA and Dysmorphology,abnormal coat/hair pigmentation,kept,non-acoustic MP term from mixed procedure
Gal3st1,IMPC_ACS_003,Acoustic Startle and Pre-pulse Inhibition (PPI),decreased startle reflex,removed,fully acoustic procedure
Fbxo9,IMPC_CSD_003,Combined SHIRPA and Dysmorphology,decreased exploration in new environment,kept,non-acoustic MP term from mixed procedure
Stk32c,IMPC_CSD_003,Combined SHIRPA and Dysmorphology,abnormal locomotor behavior,kept,non-acoustic MP term from mixed procedure
Acbd5,MGP_CSD_001,Combined SHIRPA and Dysmorphology,limb grasping,kept,non-acoustic MP term from mixed procedure
Shh,ESLIM_011_001,Acoustic Startle&PPI,increased startle reflex,removed,fully acoustic procedure
Tbx22,IMPC_CSD_001,Combined SHIRPA and Dysmorphology,increased exploration in new environment,kept,non-acoustic MP term from mixed procedure
Ust,IMPC_CSD_001,Combined SHIRPA and Dysmorphology,abnormal startle reflex,removed,acoustic MP term from mixed procedure
Nab2,IMPC_CSD_003,Combined SHIRPA and Dysmorphology,abnormal gait,kept,non-acoustic MP term from mixed procedure
Ptp4a2,IMPC_ACS_003,Acoustic Startle and Pre-pulse Inhibition (PPI),decreased prepulse inhibition,removed,fully acoustic procedure
Chmp7,JAXLA_CSD_003,Combined SHIRPA and Dysmorphology,abnormal coat/hair pigmentation,kept,non-acoustic MP term from mixed procedure
Fpgs,ESLIM_011_001,Acoustic Startle&PPI,increased startle reflex,removed,fully acoustic procedure
Zfp422,IMPC_ACS_003,Acoustic Startle and Pre-pulse Inhibition (PPI),increased startle reflex,removed,fully acoustic procedure
Eno3,IMPC_CSD_003,Combined SHIRPA and Dysmorphology,limb grasping,kept,non-acoustic MP term from mixed procedure
Abcd4,ESLIM_008_001,Modified SHIRPA,abnormal response to tactile stimuli,kept,non-acoustic MP term from mixed procedure
Zfp39,IMPC_CSD_003,Combined SHIRPA and Dysmorphology,abnormal gait,kept,non-acoustic MP term from mixed procedure
Sik3,MGP_CSD_001,Combined SHIRPA and Dysmorphology,abnormal tail morphology,kept,non-acoustic MP term from mixed procedure
Riiad1,IMPC_CSD_003,Combined SHIRPA and Dysmorphology,absent vibrissae,kept,non-acoustic MP term from mixed procedure
Nek1,IMPC_ACS_003,Acoustic Startle and Pre-pulse Inhibition (PPI),decreased prepulse inhibition,removed,fully acoustic procedure
Boc,IMPC_ACS_003,Acoustic Startle and Pre-pulse Inhibition (PPI),increased startle reflex,removed,fully acoustic procedure
Nos1ap,IMPC_ACS_003,Acoustic Startle and Pre-pulse Inhibition (PPI),decreased prepulse inhibition,removed,fully acoustic procedure
Ldlrad1,IMPC_CSD_003,Combined SHIRPA and Dysmorphology,abnormal skin coloration,kept,non-acoustic MP term from mixed procedure
Arglu1,IMPC_CSD_003,Combined SHIRPA and Dysmorphology,abnormal locomotor behavior,kept,non-acoustic MP term from mixed procedure
Aspa,IMPC_ACS_003,Acoustic Startle and Pre-pulse Inhibition (PPI),decreased prepulse inhibition,removed,fully acoustic procedure
Mpped2,IMPC_ACS_003,Acoustic Startle and Pre-pulse Inhibition (PPI),increased startle reflex,removed,fully acoustic procedure
Coro2b,IMPC_CSD_001,Combined SHIRPA and Dysmorphology,abnormal coat/hair pigmentation,kept,non-acoustic MP term from mixed procedure
Nsun2,M-G-P_008_001,Modified SHIRPA,excessive tearing,kept,non-acoustic MP term from mixed procedure
Atp8a1,ESLIM_011_001,Acoustic Startle&PPI,increased startle reflex,removed,fully acoustic procedure
Fam8a1,IMPC_CSD_003,Combined SHIRPA and Dysmorphology,limb grasping,kept,non-acoustic MP term from mixed procedure
Grm7,IMPC_CSD_003,Combined SHIRPA and Dysmorphology,limb grasping,kept,non-acoustic MP term from mixed procedure
Spock1,IMPC_ACS_003,Acoustic Startle and Pre-pulse Inhibition (PPI),decreased prepulse inhibition,removed,fully acoustic procedure
Ndrg1,IMPC_CSD_003,Combined SHIRPA and Dysmorphology,abnormal gait,kept,non-acoustic MP term from mixed procedure
Tmem106a,IMPC_CSD_003,Combined SHIRPA and Dysmorphology,abnormal vocalization,kept,non-acoustic MP term from mixed procedure
Slc24a5,IMPC_CSD_001,Combined SHIRPA and Dysmorphology,abnormal coat/hair pigmentation,kept,non-acoustic MP term from mixed procedure
Endod1,IMPC_ABR_002,Auditory Brain Stem Response,abnormal auditory brainstem response,removed,fully acoustic procedure
Nsd3,IMPC_CSD_003,Combined SHIRPA and Dysmorphology,tremors,kept,non-acoustic MP term from mixed procedure
Rnf34,IMPC_CSD_003,Combined SHIRPA and Dysmorphology,abnormal skin coloration,kept,non-acoustic MP term from mixed procedure
Ppp1r11,IMPC_ABR_002,Auditory Brain Stem Response,abnormal auditory brainstem response,removed,fully acoustic procedure
Efr3b,IMPC_ACS_003,Acoustic Startle and Pre-pulse Inhibition (PPI),decreased prepulse inhibition,removed,fully acoustic procedure
Fer,IMPC_CSD_003,Combined SHIRPA and Dysmorphology,abnormal snout morphology,kept,non-acoustic MP term from mixed procedure
Brd4,IMPC_ACS_003,Acoustic Startle and Pre-pulse Inhibition (PPI),decreased prepulse inhibition,removed,fully acoustic procedure
Tspan11,IMPC_CSD_003,Combined SHIRPA and Dysmorphology,abnormal coat/ hair morphology,kept,non-acoustic MP term from mixed procedure
Muc5ac,IMPC_CSD_003,Combined SHIRPA and Dysmorphology,abnormal skin coloration,kept,non-acoustic MP term from mixed procedure
Trappc2l,IMPC_ACS_003,Acoustic Startle and Pre-pulse Inhibition (PPI),decreased prepulse inhibition,removed,fully acoustic procedure
Duoxa2,IMPC_ABR_001,Auditory Brain Stem Response,abnormal auditory brainstem response,removed,fully acoustic procedure
Kcnma1,IMPC_CSD_003,Combined SHIRPA and Dysmorphology,abnormal locomotor behavior,kept,non-acoustic MP term from mixed procedure
Wasf2,RBRCLA_CSD_003,Combined SHIRPA and Dysmorphology,abnormal behavior,kept,non-acoustic MP term from mixed procedure
Rtn4,IMPC_ACS_003,Acoustic Startle and Pre-pulse Inhibition (PPI),decreased prepulse inhibition,removed,fully acoustic procedure
Afg1l,KMPCLA_CSD_003,Combined SHIRPA and Dysmorphology,abnormal coat/hair pigmentation,kept,non-acoustic MP term from mixed procedure
Ap5b1,IMPC_ACS_003,Acoustic Startle and Pre-pulse Inhibition (PPI),increased startle reflex,removed,fully acoustic procedure
Rasl11b,IMPC_CSD_003,Combined SHIRPA and Dysmorphology,abnormal tooth morphology,kept,non-acoustic MP term from mixed procedure
Slc20a2,MGP_CSD_001,Combined SHIRPA and Dysmorphology,abnormal incisor color,kept,non-acoustic MP term from mixed procedure
Exoc3l2,MGP_CSD_001,Combined SHIRPA and Dysmorphology,abnormal incisor morphology,kept,non-acoustic MP term from mixed procedure
Fbn2,IMPC_CSD_003,Combined SHIRPA and Dysmorphology,abnormal autopod morphology,kept,non-acoustic MP term from mixed procedure
Cfap97d1,IMPC_ACS_003,Acoustic Startle and Pre-pulse Inhibition (PPI),decreased prepulse inhibition,removed,fully acoustic procedure
Gdpd5,IMPC_ACS_003,Acoustic Startle and Pre-pulse Inhibition (PPI),decreased prepulse inhibition,removed,fully acoustic procedure
Wdr6,IMPC_CSD_003,Combined SHIRPA and Dysmorphology,limb grasping,kept,non-acoustic MP term from mixed procedure
Atp6v1c1,IMPC_CSD_003,Combined SHIRPA and Dysmorphology,decreased exploration in new environment,kept,non-acoustic MP term from mixed procedure
Tmie,IMPC_CSD_001,Combined SHIRPA and Dysmorphology,head bobbing,kept,non-acoustic MP term from mixed procedure
Asic3,IMPC_ACS_003,Acoustic Startle and Pre-pulse Inhibition (PPI),decreased prepulse inhibition,removed,fully acoustic procedure
Zfp469,IMPC_ABR_002,Auditory Brain Stem Response,abnormal auditory brainstem response,removed,fully acoustic procedure
Zfp13,ESLIM_011_001,Acoustic Startle&PPI,decreased prepulse inhibition,removed,fully acoustic procedure
Hif1an,IMPC_ACS_003,Acoustic Startle and Pre-pulse Inhibition (PPI),decreased prepulse inhibition,removed,fully acoustic procedure
Gal3st1,IMPC_ACS_003,Acoustic Startle and Pre-pulse Inhibition (PPI),decreased prepulse inhibition,removed,fully acoustic procedure
Smoc1,IMPC_CSD_003,Combined SHIRPA and Dysmorphology,abnormal gait,kept,non-acoustic MP term from mixed procedure
Gp6,IMPC_ABR_002,Auditory Brain Stem Response,abnormal auditory brainstem response,removed,fully acoustic procedure
Igsf11,JAXLA_CSD_003,Combined SHIRPA and Dysmorphology,impaired righting response,kept,non-acoustic MP term from mixed procedure
Dgkk,IMPC_ACS_003,Acoustic Startle and Pre-pulse Inhibition (PPI),increased startle reflex,removed,fully acoustic procedure
Barx2,IMPC_CSD_003,Combined SHIRPA and Dysmorphology,abnormal tail morphology,kept,non-acoustic MP term from mixed procedure
Pfkfb4,IMPC_CSD_003,Combined SHIRPA and Dysmorphology,abnormal vocalization,kept,non-acoustic MP term from mixed procedure
Mat2a,ESLIM_011_001,Acoustic Startle&PPI,decreased prepulse inhibition,removed,fully acoustic procedure
Timmdc1,MGP_CSD_001,Combined SHIRPA and Dysmorphology,abnormal coat appearance,kept,non-acoustic MP term from mixed procedure
Herc3,ESLIM_008_001,Modified SHIRPA,abnormal tail movements,kept,non-acoustic MP term from mixed procedure
Spred1,IMPC_CSD_003,Combined SHIRPA and Dysmorphology,tremors,kept,non-acoustic MP term from mixed procedure
Yipf1,ESLIM_008_001,Modified SHIRPA,abnormal tail movements,kept,non-acoustic MP term from mixed procedure
Pbx3,ESLIM_008_001,Modified SHIRPA,abnormal response to new environment,kept,non-acoustic MP term from mixed procedure
Evc2,IMPC_ACS_003,Acoustic Startle and Pre-pulse Inhibition (PPI),decreased prepulse inhibition,removed,fully acoustic procedure
Gpr150,IMPC_CSD_001,Combined SHIRPA and Dysmorphology,abnormal coat appearance,kept,non-acoustic MP term from mixed procedure
Cdc42ep5,IMPC_CSD_002,Combined SHIRPA and Dysmorphology,abnormal coat/hair pigmentation,kept,non-acoustic MP term from mixed procedure
Afdn,IMPC_ACS_003,Acoustic Startle and Pre-pulse Inhibition (PPI),decreased prepulse inhibition,removed,fully acoustic procedure
Palmd,IMPC_CSD_001,Combined SHIRPA and Dysmorphology,abnormal coat/hair pigmentation,kept,non-acoustic MP term from mixed procedure
Tmem175,KMPCIP_CSD_003,Combined SHIRPA and Dysmorphology,abnormal coat/hair pigmentation,kept,non-acoustic MP term from mixed procedure
Myo10,MGP_CSD_001,Combined SHIRPA and Dysmorphology,abnormal coat/hair pigmentation,kept,non-acoustic MP term from mixed procedure
Pofut4,IMPC_ABR_002,Auditory Brain Stem Response,abnormal auditory brainstem response,removed,fully acoustic procedure
Lbr,IMPC_CSD_003,Combined SHIRPA and Dysmorphology,abnormal skin morphology,kept,non-acoustic MP term from mixed procedure
Rtn4rl2,IMPC_ABR_002,Auditory Brain Stem Response,abnormal auditory brainstem response,removed,fully acoustic procedure
Usp31,HRWLLA_CSD_003,Combined SHIRPA and Dysmorphology,decreased exploration in new environment,kept,non-acoustic MP term from mixed procedure
Prss56,IMPC_CSD_001,Combined SHIRPA and Dysmorphology,abnormal vocalization,kept,non-acoustic MP term from mixed procedure
Xylb,ESLIM_008_001,Modified SHIRPA,abnormal tail movements,kept,non-acoustic MP term from mixed procedure
Eif3d,IMPC_CSD_003,Combined SHIRPA and Dysmorphology,abnormal digit morphology,kept,non-acoustic MP term from mixed procedure
Hmgcs1,IMPC_ABR_002,Auditory Brain Stem Response,abnormal auditory brainstem response,removed,fully acoustic procedure
Zfp395,IMPC_CSD_003,Combined SHIRPA and Dysmorphology,abnormal coat appearance,kept,non-acoustic MP term from mixed procedure
Pde6a,IMPC_CSD_003,Combined SHIRPA and Dysmorphology,abnormal coat/ hair morphology,kept,non-acoustic MP term from mixed procedure
Slc24a3,KMPCLA_CSD_003,Combined SHIRPA and Dysmorphology,abnormal coat/hair pigmentation,kept,non-acoustic MP term from mixed procedure
Hoxc13,IMPC_CSD_003,Combined SHIRPA and Dysmorphology,abnormal coat appearance,kept,non-acoustic MP term from mixed procedure
Sp5,JAXLA_CSD_003,Combined SHIRPA and Dysmorphology,abnormal vibrissa morphology,kept,non-acoustic MP term from mixed procedure
A830031A19Rik,MGP_CSD_001,Combined SHIRPA and Dysmorphology,absent pinna reflex,removed,acoustic MP term from mixed procedure
Abi2,IMPC_ACS_003,Acoustic Startle and Pre-pulse Inhibition (PPI),decreased prepulse inhibition,removed,fully acoustic procedure
Fam81a,IMPC_ACS_003,Acoustic Startle and Pre-pulse Inhibition (PPI),decreased startle reflex,removed,fully acoustic procedure
Osbpl8,IMPC_ABR_002,Auditory Brain Stem Response,abnormal auditory brainstem response,removed,fully acoustic procedure
Tox,IMPC_ACS_003,Acoustic Startle and Pre-pulse Inhibition (PPI),decreased prepulse inhibition,removed,fully acoustic procedure
Tspan13,IMPC_ACS_003,Acoustic Startle and Pre-pulse Inhibition (PPI),decreased prepulse inhibition,removed,fully acoustic procedure
Dact2,IMPC_CSD_003,Combined SHIRPA and Dysmorphology,abnormal skin coloration,kept,non-acoustic MP term from mixed procedure
Aldh3a2,ESLIM_011_001,Acoustic Startle&PPI,increased startle reflex,removed,fully acoustic procedure
Idua,IMPC_ABR_002,Auditory Brain Stem Response,abnormal auditory brainstem response,removed,fully acoustic procedure
Kcng3,IMPC_CSD_003,Combined SHIRPA and Dysmorphology,abnormal coat/hair pigmentation,kept,non-acoustic MP term from mixed procedure
Adgra1,IMPC_CSD_003,Combined SHIRPA and Dysmorphology,limb grasping,kept,non-acoustic MP term from mixed procedure
Tmprss6,IMPC_ACS_003,Acoustic Startle and Pre-pulse Inhibition (PPI),decreased prepulse inhibition,removed,fully acoustic procedure
Lepr,IMPC_CSD_003,Combined SHIRPA and Dysmorphology,abnormal gait,kept,non-acoustic MP term from mixed procedure
Cep128,IMPC_ABR_002,Auditory Brain Stem Response,abnormal auditory brainstem response,removed,fully acoustic procedure
Tmprss6,IMPC_CSD_003,Combined SHIRPA and Dysmorphology,abnormal coat/hair pigmentation,kept,non-acoustic MP term from mixed procedure
Lama4,IMPC_CSD_003,Combined SHIRPA and Dysmorphology,abnormal coat/hair pigmentation,kept,non-acoustic MP term from mixed procedure
Rpe65,ESLIM_008_001,Modified SHIRPA,limb grasping,kept,non-acoustic MP term from mixed procedure
Cep63,IMPC_CSD_003,Combined SHIRPA and Dysmorphology,abnormal vocalization,kept,non-acoustic MP term from mixed procedure
Cramp1,IMPC_ACS_003,Acoustic Startle and Pre-pulse Inhibition (PPI),decreased prepulse inhibition,removed,fully acoustic procedure
Fgf23,IMPC_CSD_003,Combined SHIRPA and Dysmorphology,abnormal startle reflex,removed,acoustic MP term from mixed procedure
Mmgt2,IMPC_CSD_003,Combined SHIRPA and Dysmorphology,abnormal coat/hair pigmentation,kept,non-acoustic MP term from mixed procedure
Eps15l1,IMPC_CSD_001,Combined SHIRPA and Dysmorphology,abnormal vocalization,kept,non-acoustic MP term from mixed procedure
Arhgef11,IMPC_CSD_003,Combined SHIRPA and Dysmorphology,increased aggression,kept,non-acoustic MP term from mixed procedure
Nek1,IMPC_ACS_003,Acoustic Startle and Pre-pulse Inhibition (PPI),decreased prepulse inhibition,removed,fully acoustic procedure
Tprn,IMPC_ABR_002,Auditory Brain Stem Response,abnormal auditory brainstem response,removed,fully acoustic procedure
Nfic,IMPC_CSD_003,Combined SHIRPA and Dysmorphology,abnormal tooth morphology,kept,non-acoustic MP term from mixed procedure
Sec63,IMPC_CSD_003,Combined SHIRPA and Dysmorphology,absent vibrissae,kept,non-acoustic MP term from mixed procedure
Setd3,IMPC_ACS_003,Acoustic Startle and Pre-pulse Inhibition (PPI),decreased prepulse inhibition,removed,fully acoustic procedure
Pstpip2,IMPC_CSD_003,Combined SHIRPA and Dysmorphology,abnormal digit morphology,kept,non-acoustic MP term from mixed procedure
Pitx1,MGP_CSD_001,Combined SHIRPA and Dysmorphology,abnormal digit morphology,kept,non-acoustic MP term from mixed procedure
Ahrr,IMPC_ABR_002,Auditory Brain Stem Response,abnormal auditory brainstem response,removed,fully acoustic procedure
Jun,IMPC_ACS_003,Acoustic Startle and Pre-pulse Inhibition (PPI),increased prepulse inhibition,removed,fully acoustic procedure
Sik3,MGP_CSD_001,Combined SHIRPA and Dysmorphology,abnormal tail morphology,kept,non-acoustic MP term from mixed procedure
Pitx2,IMPC_CSD_003,Combined SHIRPA and Dysmorphology,abnormal tooth morphology,kept,non-acoustic MP term from mixed procedure
Eef1b2,JAXLA_CSD_001,Combined SHIRPA and Dysmorphology,impaired righting response,kept,non-acoustic MP term from mixed procedure
Rnf10,IMPC_ACS_003,Acoustic Startle and Pre-pulse Inhibition (PPI),decreased startle reflex,removed,fully acoustic procedure
Mroh4,MGP_CSD_001,Combined SHIRPA and Dysmorphology,abnormal coat appearance,kept,non-acoustic MP term from mixed procedure
Gde1,IMPC_CSD_002,Combined SHIRPA and Dysmorphology,abnormal behavior,kept,non-acoustic MP term from mixed procedure
Rrbp1,IMPC_ABR_002,Auditory Brain Stem Response,abnormal auditory brainstem response,removed,fully acoustic procedure
Crybg1,IMPC_ACS_003,Acoustic Startle and Pre-pulse Inhibition (PPI),decreased prepulse inhibition,removed,fully acoustic procedure
Dnajb14,IMPC_ABR_002,Auditory Brain Stem Response,abnormal auditory brainstem response,removed,fully acoustic procedure
Nptn,IMPC_ACS_003,Acoustic Startle and Pre-pulse Inhibition (PPI),decreased prepulse inhibition,removed,fully acoustic procedure
Pitx1,MGP_CSD_001,Combined SHIRPA and Dysmorphology,abnormal digit morphology,kept,non-acoustic MP term from mixed procedure
Plcb4,IMPC_CSD_003,Combined SHIRPA and Dysmorphology,abnormal locomotor behavior,kept,non-acoustic MP term from mixed procedure
Fam167a,IMPC_CSD_003,Combined SHIRPA and Dysmorphology,abnormal coat/ hair morphology,kept,non-acoustic MP term from mixed procedure
Ppfia1,IMPC_CSD_001,Combined SHIRPA and Dysmorphology,abnormal coat/hair pigmentation,kept,non-acoustic MP term from mixed procedure
Cdkn1b,IMPC_CSD_003,Combined SHIRPA and Dysmorphology,decreased exploration in new environment,kept,non-acoustic MP term from mixed procedure
Cimap1d,IMPC_ABR_002,Auditory Brain Stem Response,abnormal auditory brainstem response,removed,fully acoustic procedure
Hoxa2,IMPC_ABR_002,Auditory Brain Stem Response,abnormal auditory brainstem response,removed,fully acoustic procedure
Nfic,IMPC_ACS_003,Acoustic Startle and Pre-pulse Inhibition (PPI),decreased prepulse inhibition,removed,fully acoustic procedure
Rln3,IMPC_CSD_002,Combined SHIRPA and Dysmorphology,abnormal coat/hair pigmentation,kept,non-acoustic MP term from mixed procedure
Mfsd8,IMPC_CSD_003,Combined SHIRPA and Dysmorphology,abnormal coat/hair pigmentation,kept,non-acoustic MP term from mixed procedure
Jkamp,IMPC_CSD_003,Combined SHIRPA and Dysmorphology,abnormal behavior,kept,non-acoustic MP term from mixed procedure
Ephx1,ESLIM_011_001,Acoustic Startle&PPI,increased startle reflex,removed,fully acoustic procedure
Trim39,IMPC_CSD_003,Combined SHIRPA and Dysmorphology,abnormal gait,kept,non-acoustic MP term from mixed procedure
Eaf1,IMPC_CSD_003,Combined SHIRPA and Dysmorphology,tremors,kept,non-acoustic MP term from mixed procedure
Twist1,IMPC_CSD_003,Combined SHIRPA and Dysmorphology,abnormal nail morphology,kept,non-acoustic MP term from mixed procedure
Apobec1,IMPC_ACS_003,Acoustic Startle and Pre-pulse Inhibition (PPI),decreased startle reflex,removed,fully acoustic procedure
Snapc1,IMPC_CSD_003,Combined SHIRPA and Dysmorphology,abnormal gait,kept,non-acoustic MP term from mixed procedure
Ssu2,IMPC_CSD_003,Combined SHIRPA and Dysmorphology,abnormal behavior,kept,non-acoustic MP term from mixed procedure
Adarb2,IMPC_CSD_003,Combined SHIRPA and Dysmorphology,abnormal coat/ hair morphology,kept,non-acoustic MP term from mixed procedure
Twist1,RBRCLA_CSD_003,Combined SHIRPA and Dysmorphology,abnormal autopod morphology,kept,non-acoustic MP term from mixed procedure
Sgsh,IMPC_CSD_003,Combined SHIRPA and Dysmorphology,decreased exploration in new environment,kept,non-acoustic MP term from mixed procedure
Kynu,JAXLA_CSD_003,Combined SHIRPA and Dysmorphology,abnormal vocalization,kept,non-acoustic MP term from mixed procedure
AA986860,IMPC_ABR_002,Auditory Brain Stem Response,abnormal auditory brainstem response,removed,fully acoustic procedure
Slc17a8,IMPC_ABR_002,Auditory Brain Stem Response,abnormal auditory brainstem response,removed,fully acoustic procedure
Mettl23,IMPC_CSD_002,Combined SHIRPA and Dysmorphology,abnormal head size,kept,non-acoustic MP term from mixed procedure
Baiap2l2,IMPC_ABR_002,Auditory Brain Stem Response,abnormal auditory brainstem response,removed,fully acoustic procedure
Stradb,IMPC_ABR_002,Auditory Brain Stem Response,abnormal auditory brainstem response,removed,fully acoustic procedure
Fancl,IMPC_CSD_002,Combined SHIRPA and Dysmorphology,abnormal coat/hair pigmentation,kept,non-acoustic MP term from mixed procedure
Baiap2l2,IMPC_ABR_002,Auditory Brain Stem Response,abnormal auditory brainstem response,removed,fully acoustic procedure
Sbno1,IMPC_CSD_003,Combined SHIRPA and Dysmorphology,abnormal coat/hair pigmentation,kept,non-acoustic MP term from mixed procedure
Plxnb3,MGP_CSD_001,Combined SHIRPA and Dysmorphology,abnormal coat appearance,kept,non-acoustic MP term from mixed procedure
Twist1,IMPC_CSD_003,Combined SHIRPA and Dysmorphology,abnormal autopod morphology,kept,non-acoustic MP term from mixed procedure
Timmdc1,MGP_CSD_001,Combined SHIRPA and Dysmorphology,abnormal coat appearance,kept,non-acoustic MP term from mixed procedure
Ttc7,IMPC_CSD_001,Combined SHIRPA and Dysmorphology,abnormal vocalization,kept,non-acoustic MP term from mixed procedure
Wdr45,IMPC_ABR_002,Auditory Brain Stem Response,abnormal auditory brainstem response,removed,fully acoustic procedure
Zdhhc11,IMPC_ABR_002,Auditory Brain Stem Response,abnormal auditory brainstem response,removed,fully acoustic procedure
Hnrnph2,IMPC_CSD_001,Combined SHIRPA and Dysmorphology,absent vibrissae,kept,non-acoustic MP term from mixed procedure
Pjvk,IMPC_ACS_003,Acoustic Startle and Pre-pulse Inhibition (PPI),decreased startle reflex,removed,fully acoustic procedure
Rab28,IMPC_CSD_001,Combined SHIRPA and Dysmorphology,abnormal coat/hair pigmentation,kept,non-acoustic MP term from mixed procedure
Foxred2,IMPC_CSD_003,Combined SHIRPA and Dysmorphology,limb grasping,kept,non-acoustic MP term from mixed procedure
Panx2,IMPC_ACS_003,Acoustic Startle and Pre-pulse Inhibition (PPI),decreased prepulse inhibition,removed,fully acoustic procedure
Dnase1l2,IMPC_CSD_003,Combined SHIRPA and Dysmorphology,abnormal digit morphology,kept,non-acoustic MP term from mixed procedure
Trappc9,MGP_CSD_001,Combined SHIRPA and Dysmorphology,abnormal vibrissa morphology,kept,non-acoustic MP term from mixed procedure
Alpk2,IMPC_ACS_003,Acoustic Startle and Pre-pulse Inhibition (PPI),decreased prepulse inhibition,removed,fully acoustic procedure
Chn1,IMPC_CSD_003,Combined SHIRPA and Dysmorphology,impaired righting response,kept,non-acoustic MP term from mixed procedure
Pparg,IMPC_CSD_003,Combined SHIRPA and Dysmorphology,abnormal gait,kept,non-acoustic MP term from mixed procedure
Aak1,IMPC_ABR_002,Auditory Brain Stem Response,abnormal auditory brainstem response,removed,fully acoustic procedure
Kdm5b,MGP_CSD_001,Combined SHIRPA and Dysmorphology,absent pinna reflex,removed,acoustic MP term from mixed procedure
Nalf2,IMPC_CSD_003,Combined SHIRPA and Dysmorphology,tremors,kept,non-acoustic MP term from mixed procedure
Prss57,IMPC_ACS_003,Acoustic Startle and Pre-pulse Inhibition (PPI),increased prepulse inhibition,removed,fully acoustic procedure
Aldh3a2,ESLIM_011_001,Acoustic Startle&PPI,increased startle reflex,removed,fully acoustic procedure
Trim66,M-G-P_008_001,Modified SHIRPA,increased exploration in new environment,kept,non-acoustic MP term from mixed procedure
Aldh3a2,ESLIM_011_001,Acoustic Startle&PPI,decreased prepulse inhibition,removed,fully acoustic procedure
Ppfia1,IMPC_CSD_001,Combined SHIRPA and Dysmorphology,abnormal vocalization,kept,non-acoustic MP term from mixed procedure
Cog6,MGP_CSD_001,Combined SHIRPA and Dysmorphology,abnormal coat/hair pigmentation,kept,non-acoustic MP term from mixed procedure
Eml4,IMPC_CSD_001,Combined SHIRPA and Dysmorphology,abnormal coat/hair pigmentation,kept,non-acoustic MP term from mixed procedure
Mc1r,IMPC_CSD_003,Combined SHIRPA and Dysmorphology,abnormal coat/hair pigmentation,kept,non-acoustic MP term from mixed procedure
Rbm22,IMPC_ACS_003,Acoustic Startle and Pre-pulse Inhibition (PPI),decreased startle reflex,removed,fully acoustic procedure
Pak5,IMPC_CSD_003,Combined SHIRPA and Dysmorphology,limb grasping,kept,non-acoustic MP term from mixed procedure
Pacs2,ESLIM_011_001,Acoustic Startle&PPI,decreased prepulse inhibition,removed,fully acoustic procedure
Rab27a,IMPC_CSD_003,Combined SHIRPA and Dysmorphology,abnormal coat/hair pigmentation,kept,non-acoustic MP term from mixed procedure
Il1a,IMPC_ACS_003,Acoustic Startle and Pre-pulse Inhibition (PPI),increased startle reflex,removed,fully acoustic procedure
Abi2,IMPC_ACS_003,Acoustic Startle and Pre-pulse Inhibition (PPI),decreased prepulse inhibition,removed,fully acoustic procedure
Baiap2l2,IMPC_ACS_003,Acoustic Startle and Pre-pulse Inhibition (PPI),decreased prepulse inhibition,removed,fully acoustic procedure
Crtc1,ESLIM_011_001,Acoustic Startle&PPI,decreased prepulse inhibition,removed,fully acoustic procedure
Clrn2,IMPC_ABR_002,Auditory Brain Stem Response,abnormal auditory brainstem response,removed,fully acoustic procedure
Tubb4b,IMPC_CSD_001,Combined SHIRPA and Dysmorphology,abnormal coat appearance,kept,non-acoustic MP term from mixed procedure
Tmprss6,IMPC_CSD_003,Combined SHIRPA and Dysmorphology,abnormal coat/ hair morphology,kept,non-acoustic MP term from mixed procedure
Tmie,IMPC_CSD_001,Combined SHIRPA and Dysmorphology,abnormal behavior,kept,non-acoustic MP term from mixed procedure
Hsp90aa1,MGP_CSD_001,Combined SHIRPA and Dysmorphology,abnormal incisor morphology,kept,non-acoustic MP term from mixed procedure
Ubl7,IMPC_ACS_003,Acoustic Startle and Pre-pulse Inhibition (PPI),increased startle reflex,removed,fully acoustic procedure
Tmem131,IMPC_CSD_001,Combined SHIRPA and Dysmorphology,abnormal vocalization,kept,non-acoustic MP term from mixed procedure
Syncrip,IMPC_ACS_003,Acoustic Startle and Pre-pulse Inhibition (PPI),increased startle reflex,removed,fully acoustic procedure
Mphosph8,IMPC_ABR_002,Auditory Brain Stem Response,abnormal auditory brainstem response,removed,fully acoustic procedure
Cyb561,ESLIM_008_001,Modified SHIRPA,abnormal response to new environment,kept,non-acoustic MP term from mixed procedure
Hdac7,IMPC_CSD_003,Combined SHIRPA and Dysmorphology,abnormal coat/hair pigmentation,kept,non-acoustic MP term from mixed procedure
Kcnj6,IMPC_CSD_003,Combined SHIRPA and Dysmorphology,increased exploration in new environment,kept,non-acoustic MP term from mixed procedure
Scyl1,IMPC_CSD_003,Combined SHIRPA and Dysmorphology,abnormal gait,kept,non-acoustic MP term from mixed procedure
Cotl1,IMPC_CSD_002,Combined SHIRPA and Dysmorphology,abnormal coat/hair pigmentation,kept,non-acoustic MP term from mixed procedure
Tmtc4,IMPC_ABR_002,Auditory Brain Stem Response,abnormal auditory brainstem response,removed,fully acoustic procedure
Ifi44,IMPC_ACS_003,Acoustic Startle and Pre-pulse Inhibition (PPI),decreased prepulse inhibition,removed,fully acoustic procedure
Gipc3,IMPC_ABR_002,Auditory Brain Stem Response,abnormal auditory brainstem response,removed,fully acoustic procedure
Rabl2,IMPC_CSD_003,Combined SHIRPA and Dysmorphology,abnormal digit morphology,kept,non-acoustic MP term from mixed procedure
Krtap17-1,IMPC_CSD_003,Combined SHIRPA and Dysmorphology,abnormal coat appearance,kept,non-acoustic MP term from mixed procedure
Edem3,IMPC_CSD_003,Combined SHIRPA and Dysmorphology,abnormal coat/hair pigmentation,kept,non-acoustic MP term from mixed procedure
Ap4e1,IMPC_ACS_003,Acoustic Startle and Pre-pulse Inhibition (PPI),increased startle reflex,removed,fully acoustic procedure
Atf7,IMPC_ACS_003,Acoustic Startle and Pre-pulse Inhibition (PPI),decreased prepulse inhibition,removed,fully acoustic procedure
Sulf2,IMPC_ACS_003,Acoustic Startle and Pre-pulse Inhibition (PPI),decreased prepulse inhibition,removed,fully acoustic procedure
Elmod1,IMPC_CSD_003,Combined SHIRPA and Dysmorphology,abnormal locomotor behavior,kept,non-acoustic MP term from mixed procedure
Fbxo10,JAXLA_CSD_003,Combined SHIRPA and Dysmorphology,abnormal coat/hair pigmentation,kept,non-acoustic MP term from mixed procedure
Brpf1,ESLIM_011_001,Acoustic Startle&PPI,increased startle reflex,removed,fully acoustic procedure
Pthlh,MGP_CSD_001,Combined SHIRPA and Dysmorphology,abnormal head morphology,kept,non-acoustic MP term from mixed procedure
Zfp462,IMPC_ACS_003,Acoustic Startle and Pre-pulse Inhibition (PPI),increased startle reflex,removed,fully acoustic procedure
Myo10,MGP_CSD_001,Combined SHIRPA and Dysmorphology,abnormal digit morphology,kept,non-acoustic MP term from mixed procedure
Ap4e1,IMPC_CSD_003,Combined SHIRPA and Dysmorphology,limb grasping,kept,non-acoustic MP term from mixed procedure
Vat1l,ESLIM_011_001,Acoustic Startle&PPI,increased startle reflex,removed,fully acoustic procedure
Ptpra,IMPC_ACS_003,Acoustic Startle and Pre-pulse Inhibition (PPI),increased startle reflex,removed,fully acoustic procedure
Sox14,IMPC_ACS_003,Acoustic Startle and Pre-pulse Inhibition (PPI),decreased startle reflex,removed,fully acoustic procedure
Tgoln1,IMPC_ABR_002,Auditory Brain Stem Response,abnormal auditory brainstem response,removed,fully acoustic procedure
Rab6b,IMPC_ACS_003,Acoustic Startle and Pre-pulse Inhibition (PPI),decreased prepulse inhibition,removed,fully acoustic procedure
Dnajc17,IMPC_ABR_002,Auditory Brain Stem Response,abnormal auditory brainstem response,removed,fully acoustic procedure
Apex2,IMPC_CSD_003,Combined SHIRPA and Dysmorphology,abnormal snout morphology,kept,non-acoustic MP term from mixed procedure
Foxo1,IMPC_CSD_001,Combined SHIRPA and Dysmorphology,increased aggression,kept,non-acoustic MP term from mixed procedure
Nin,IMPC_ABR_002,Auditory Brain Stem Response,abnormal auditory brainstem response,removed,fully acoustic procedure
Atp2b3,JAXLA_CSD_003,Combined SHIRPA and Dysmorphology,abnormal coat/hair pigmentation,kept,non-acoustic MP term from mixed procedure
Nctc1,MGP_CSD_001,Combined SHIRPA and Dysmorphology,abnormal coat appearance,kept,non-acoustic MP term from mixed procedure
Stk35,IMPC_CSD_001,Combined SHIRPA and Dysmorphology,abnormal vocalization,kept,non-acoustic MP term from mixed procedure
Hapln1,IMPC_CSD_001,Combined SHIRPA and Dysmorphology,impaired righting response,kept,non-acoustic MP term from mixed procedure
Ypel2,IMPC_ACS_003,Acoustic Startle and Pre-pulse Inhibition (PPI),decreased prepulse inhibition,removed,fully acoustic procedure
Marveld2,IMPC_ABR_002,Auditory Brain Stem Response,abnormal auditory brainstem response,removed,fully acoustic procedure
Gnas,ESLIM_011_001,Acoustic Startle&PPI,increased startle reflex,removed,fully acoustic procedure
Neurl2,IMPC_CSD_001,Combined SHIRPA and Dysmorphology,abnormal coat appearance,kept,non-acoustic MP term from mixed procedure
Nhlh1,IMPC_ACS_003,Acoustic Startle and Pre-pulse Inhibition (PPI),decreased prepulse inhibition,removed,fully acoustic procedure
Dnase1l2,IMPC_CSD_002,Combined SHIRPA and Dysmorphology,abnormal tail length,kept,non-acoustic MP term from mixed procedure
Tmprss6,IMPC_CSD_003,Combined SHIRPA and Dysmorphology,abnormal coat/hair pigmentation,kept,non-acoustic MP term from mixed procedure
Gal3st1,IMPC_ACS_003,Acoustic Startle and Pre-pulse Inhibition (PPI),decreased prepulse inhibition,removed,fully acoustic procedure
Kcnb1,IMPC_CSD_003,Combined SHIRPA and Dysmorphology,abnormal locomotor behavior,kept,non-acoustic MP term from mixed procedure
Capza1,IMPC_CSD_003,Combined SHIRPA and Dysmorphology,abnormal tail morphology,kept,non-acoustic MP term from mixed procedure
Bloc1s4,IMPC_CSD_003,Combined SHIRPA and Dysmorphology,abnormal coat/hair pigmentation,kept,non-acoustic MP term from mixed procedure
Tmem150b,IMPC_CSD_003,Combined SHIRPA and Dysmorphology,abnormal vibrissa morphology,kept,non-acoustic MP term from mixed procedure
Enpp1,IMPC_CSD_003,Combined SHIRPA and Dysmorphology,abnormal gait,kept,non-acoustic MP term from mixed procedure
Nmt2,IMPC_ACS_003,Acoustic Startle and Pre-pulse Inhibition (PPI),increased startle reflex,removed,fully acoustic procedure
Myo6,IMPC_CSD_003,Combined SHIRPA and Dysmorphology,abnormal gait,kept,non-acoustic MP term from mixed procedure
Cpe,IMPC_CSD_002,Combined SHIRPA and Dysmorphology,decreased exploration in new environment,kept,non-acoustic MP term from mixed procedure
Knstrn,IMPC_CSD_003,Combined SHIRPA and Dysmorphology,tremors,kept,non-acoustic MP term from mixed procedure
Ficd,IMPC_CSD_003,Combined SHIRPA and Dysmorphology,abnormal mouth morphology,kept,non-acoustic MP term from mixed procedure
Ebf1,IMPC_ACS_003,Acoustic Startle and Pre-pulse Inhibition (PPI),decreased prepulse inhibition,removed,fully acoustic procedure
Setd5,MGP_CSD_001,Combined SHIRPA and Dysmorphology,absent pinna reflex,removed,acoustic MP term from mixed procedure
Cstb,IMPC_ABR_002,Auditory Brain Stem Response,abnormal auditory brainstem response,removed,fully acoustic procedure
Cldn13,JAXLA_CSD_003,Combined SHIRPA and Dysmorphology,abnormal coat/hair pigmentation,kept,non-acoustic MP term from mixed procedure
Nedd4l,IMPC_ACS_003,Acoustic Startle and Pre-pulse Inhibition (PPI),decreased prepulse inhibition,removed,fully acoustic procedure
Tead1,IMPC_ACS_003,Acoustic Startle and Pre-pulse Inhibition (PPI),decreased prepulse inhibition,removed,fully acoustic procedure
Dok6,IMPC_CSD_003,Combined SHIRPA and Dysmorphology,absent vibrissae,kept,non-acoustic MP term from mixed procedure
Mtmr6,IMPC_CSD_003,Combined SHIRPA and Dysmorphology,abnormal coat/hair pigmentation,kept,non-acoustic MP term from mixed procedure
Ikzf2,HRWLIP_CSD_003,Combined SHIRPA and Dysmorphology,abnormal startle reflex,removed,acoustic MP term from mixed procedure
Zfp719,IMPC_ABR_001,Auditory Brain Stem Response,abnormal auditory brainstem response,removed,fully acoustic procedure
Shisa9,IMPC_ACS_003,Acoustic Startle and Pre-pulse Inhibition (PPI),decreased prepulse inhibition,removed,fully acoustic procedure
Wdr33,IMPC_ACS_003,Acoustic Startle and Pre-pulse Inhibition (PPI),decreased prepulse inhibition,removed,fully acoustic procedure
Obp2a,IMPC_CSD_003,Combined SHIRPA and Dysmorphology,abnormal coat/hair pigmentation,kept,non-acoustic MP term from mixed procedure
Stard10,IMPC_ACS_003,Acoustic Startle and Pre-pulse Inhibition (PPI),decreased prepulse inhibition,removed,fully acoustic procedure
Zbtb16,IMPC_ACS_003,Acoustic Startle and Pre-pulse Inhibition (PPI),decreased prepulse inhibition,removed,fully acoustic procedure
Trim44,IMPC_CSD_003,Combined SHIRPA and Dysmorphology,abnormal vocalization,kept,non-acoustic MP term from mixed procedure
Hr,IMPC_CSD_003,Combined SHIRPA and Dysmorphology,abnormal coat/ hair morphology,kept,non-acoustic MP term from mixed procedure
Trib1,IMPC_CSD_003,Combined SHIRPA and Dysmorphology,abnormal skin coloration,kept,non-acoustic MP term from mixed procedure
Cast,IMPC_CSD_001,Combined SHIRPA and Dysmorphology,abnormal nail morphology,kept,non-acoustic MP term from mixed procedure
Snx14,IMPC_CSD_003,Combined SHIRPA and Dysmorphology,increased exploration in new environment,kept,non-acoustic MP term from mixed procedure
Mypn,IMPC_CSD_001,Combined SHIRPA and Dysmorphology,abnormal vocalization,kept,non-acoustic MP term from mixed procedure
Dlat,IMPC_ACS_003,Acoustic Startle and Pre-pulse Inhibition (PPI),decreased prepulse inhibition,removed,fully acoustic procedure
Cib2,IMPC_CSD_003,Combined SHIRPA and Dysmorphology,limb grasping,kept,non-acoustic MP term from mixed procedure
Nek1,IMPC_ACS_003,Acoustic Startle and Pre-pulse Inhibition (PPI),decreased prepulse inhibition,removed,fully acoustic procedure
Ppfibp2,TCPLA_CSD_003,Combined SHIRPA and Dysmorphology,abnormal vocalization,kept,non-acoustic MP term from mixed procedure
Rnf214,IMPC_CSD_001,Combined SHIRPA and Dysmorphology,abnormal vocalization,kept,non-acoustic MP term from mixed procedure
Mir96,MGP_CSD_001,Combined SHIRPA and Dysmorphology,abnormal gait,kept,non-acoustic MP term from mixed procedure
Grxcr1,IMPC_CSD_003,Combined SHIRPA and Dysmorphology,head bobbing,kept,non-acoustic MP term from mixed procedure
Neurod2,IMPC_ACS_003,Acoustic Startle and Pre-pulse Inhibition (PPI),decreased startle reflex,removed,fully acoustic procedure
Mroh4,MGP_CSD_001,Combined SHIRPA and Dysmorphology,abnormal coat appearance,kept,non-acoustic MP term from mixed procedure
Prrc2c,IMPC_CSD_001,Combined SHIRPA and Dysmorphology,abnormal coat/ hair morphology,kept,non-acoustic MP term from mixed procedure
Lpgat1,JAXLA_CSD_003,Combined SHIRPA and Dysmorphology,abnormal coat/hair pigmentation,kept,non-acoustic MP term from mixed procedure
Mipol1,IMPC_ACS_003,Acoustic Startle and Pre-pulse Inhibition (PPI),decreased prepulse inhibition,removed,fully acoustic procedure
Hnrnph2,IMPC_CSD_001,Combined SHIRPA and Dysmorphology,abnormal vocalization,kept,non-acoustic MP term from mixed procedure
Ssc4d,IMPC_ACS_003,Acoustic Startle and Pre-pulse Inhibition (PPI),decreased prepulse inhibition,removed,fully acoustic procedure
Nptn,IMPC_ABR_001,Auditory Brain Stem Response,abnormal auditory brainstem response,removed,fully acoustic procedure
Klhl35,IMPC_ABR_002,Auditory Brain Stem Response,abnormal auditory brainstem response,removed,fully acoustic procedure
Nrxn2,IMPC_CSD_003,Combined SHIRPA and Dysmorphology,trunk curl,kept,non-acoustic MP term from mixed procedure
Crtac1,IMPC_CSD_003,Combined SHIRPA and Dysmorphology,abnormal locomotor behavior,kept,non-acoustic MP term from mixed procedure
Bltp2,IMPC_CSD_003,Combined SHIRPA and Dysmorphology,abnormal locomotor behavior,kept,non-acoustic MP term from mixed procedure
Atp9b,IMPC_CSD_001,Combined SHIRPA and Dysmorphology,abnormal vocalization,kept,non-acoustic MP term from mixed procedure
Prss2,JAXLA_CSD_003,Combined SHIRPA and Dysmorphology,limb grasping,kept,non-acoustic MP term from mixed procedure
Ldhal6b,IMPC_ABR_002,Auditory Brain Stem Response,abnormal auditory brainstem response,removed,fully acoustic procedure
Usp53,IMPC_ACS_003,Acoustic Startle and Pre-pulse Inhibition (PPI),decreased startle reflex,removed,fully acoustic procedure
Tex29,IMPC_CSD_003,Combined SHIRPA and Dysmorphology,limb grasping,kept,non-acoustic MP term from mixed procedure
Abca8a,IMPC_CSD_001,Combined SHIRPA and Dysmorphology,abnormal vibrissa morphology,kept,non-acoustic MP term from mixed procedure
AU040320,JAXLA_CSD_003,Combined SHIRPA and Dysmorphology,impaired righting response,kept,non-acoustic MP term from mixed procedure
Chst14,IMPC_CSD_003,Combined SHIRPA and Dysmorphology,decreased exploration in new environment,kept,non-acoustic MP term from mixed procedure
Mcidas,IMPC_ABR_002,Auditory Brain Stem Response,abnormal auditory brainstem response,removed,fully acoustic procedure
Elmod1,IMPC_ACS_003,Acoustic Startle and Pre-pulse Inhibition (PPI),decreased prepulse inhibition,removed,fully acoustic procedure
Krtap17-1,IMPC_CSD_003,Combined SHIRPA and Dysmorphology,abnormal coat/ hair morphology,kept,non-acoustic MP term from mixed procedure
Osbpl8,IMPC_ABR_002,Auditory Brain Stem Response,abnormal auditory brainstem response,removed,fully acoustic procedure
Hcn1,IMPC_CSD_003,Combined SHIRPA and Dysmorphology,abnormal gait,kept,non-acoustic MP term from mixed procedure
Nedd4l,IMPC_ACS_003,Acoustic Startle and Pre-pulse Inhibition (PPI),decreased startle reflex,removed,fully acoustic procedure
Kmt5b,M-G-P_008_001,Modified SHIRPA,abnormal tail movements,kept,non-acoustic MP term from mixed procedure
Atf7,IMPC_ACS_003,Acoustic Startle and Pre-pulse Inhibition (PPI),decreased prepulse inhibition,removed,fully acoustic procedure
Bloc1s6,IMPC_CSD_003,Combined SHIRPA and Dysmorphology,abnormal coat/hair pigmentation,kept,non-acoustic MP term from mixed procedure
Drg2,ESLIM_008_001,Modified SHIRPA,abnormal locomotor activation,kept,non-acoustic MP term from mixed procedure
Lbr,IMPC_CSD_003,Combined SHIRPA and Dysmorphology,abnormal coat/ hair morphology,kept,non-acoustic MP term from mixed procedure
Otoa,IMPC_ACS_003,Acoustic Startle and Pre-pulse Inhibition (PPI),increased startle reflex,removed,fully acoustic procedure
Nctc1,MGP_CSD_001,Combined SHIRPA and Dysmorphology,abnormal coat appearance,kept,non-acoustic MP term from mixed procedure
Trip13,IMPC_CSD_001,Combined SHIRPA and Dysmorphology,abnormal tail morphology,kept,non-acoustic MP term from mixed procedure
Plscr5,IMPC_ABR_002,Auditory Brain Stem Response,abnormal auditory brainstem response,removed,fully acoustic procedure
Chsy1,IMPC_ABR_002,Auditory Brain Stem Response,abnormal auditory brainstem response,removed,fully acoustic procedure
Chfr,IMPC_CSD_003,Combined SHIRPA and Dysmorphology,abnormal coat/hair pigmentation,kept,non-acoustic MP term from mixed procedure
Lingo3,IMPC_CSD_002,Combined SHIRPA and Dysmorphology,abnormal gait,kept,non-acoustic MP term from mixed procedure
Trank1,IMPC_CSD_001,Combined SHIRPA and Dysmorphology,abnormal vocalization,kept,non-acoustic MP term from mixed procedure
Gne,IMPC_ACS_003,Acoustic Startle and Pre-pulse Inhibition (PPI),decreased prepulse inhibition,removed,fully acoustic procedure
Ndufs7,IMPC_CSD_003,Combined SHIRPA and Dysmorphology,abnormal coat/ hair morphology,kept,non-acoustic MP term from mixed procedure
Prrc2c,IMPC_CSD_001,Combined SHIRPA and Dysmorphology,abnormal vocalization,kept,non-acoustic MP term from mixed procedure
Tmprss6,IMPC_CSD_003,Combined SHIRPA and Dysmorphology,abnormal coat/ hair morphology,kept,non-acoustic MP term from mixed procedure
Fads1,IMPC_CSD_003,Combined SHIRPA and Dysmorphology,decreased exploration in new environment,kept,non-acoustic MP term from mixed procedure
Iqsec3,IMPC_ACS_003,Acoustic Startle and Pre-pulse Inhibition (PPI),decreased prepulse inhibition,removed,fully acoustic procedure
Gde1,IMPC_ACS_003,Acoustic Startle and Pre-pulse Inhibition (PPI),decreased startle reflex,removed,fully acoustic procedure
Tex2,JAXLA_CSD_003,Combined SHIRPA and Dysmorphology,abnormal startle reflex,removed,acoustic MP term from mixed procedure
Tmie,IMPC_CSD_001,Combined SHIRPA and Dysmorphology,abnormal coat/hair pigmentation,kept,non-acoustic MP term from mixed procedure
Kcne1,IMPC_ACS_003,Acoustic Startle and Pre-pulse Inhibition (PPI),decreased prepulse inhibition,removed,fully acoustic procedure
Edem3,IMPC_CSD_003,Combined SHIRPA and Dysmorphology,abnormal coat/hair pigmentation,kept,non-acoustic MP term from mixed procedure
Mak16,IMPC_CSD_001,Combined SHIRPA and Dysmorphology,abnormal vocalization,kept,non-acoustic MP term from mixed procedure
Rab18,ESLIM_008_001,Modified SHIRPA,limb grasping,kept,non-acoustic MP term from mixed procedure
Palm3,IMPC_ACS_003,Acoustic Startle and Pre-pulse Inhibition (PPI),decreased prepulse inhibition,removed,fully acoustic procedure
Wdr81,JAXLA_CSD_003,Combined SHIRPA and Dysmorphology,abnormal vocalization,kept,non-acoustic MP term from mixed procedure
Setd3,IMPC_ACS_003,Acoustic Startle and Pre-pulse Inhibition (PPI),decreased prepulse inhibition,removed,fully acoustic procedure
Carmil2,IMPC_CSD_003,Combined SHIRPA and Dysmorphology,abnormal coat/hair pigmentation,kept,non-acoustic MP term from mixed procedure
Jup,IMPC_CSD_003,Combined SHIRPA and Dysmorphology,impaired righting response,kept,non-acoustic MP term from mixed procedure
Camk2b,IMPC_ACS_003,Acoustic Startle and Pre-pulse Inhibition (PPI),decreased prepulse inhibition,removed,fully acoustic procedure
Gdf5,IMPC_CSD_003,Combined SHIRPA and Dysmorphology,abnormal autopod morphology,kept,non-acoustic MP term from mixed procedure
Gtf2ird1,IMPC_ACS_003,Acoustic Startle and Pre-pulse Inhibition (PPI),decreased prepulse inhibition,removed,fully acoustic procedure
F2,IMPC_CSD_003,Combined SHIRPA and Dysmorphology,decreased exploration in new environment,kept,non-acoustic MP term from mixed procedure
Cldn11,IMPC_ACS_003,Acoustic Startle and Pre-pulse Inhibition (PPI),increased startle reflex,removed,fully acoustic procedure
Fbxw18,IMPC_ACS_003,Acoustic Startle and Pre-pulse Inhibition (PPI),increased prepulse inhibition,removed,fully acoustic procedure
Il15,IMPC_CSD_003,Combined SHIRPA and Dysmorphology,limb grasping,kept,non-acoustic MP term from mixed procedure
Efhb,IMPC_ABR_002,Auditory Brain Stem Response,abnormal auditory brainstem response,removed,fully acoustic procedure
Fgf20,IMPC_ACS_003,Acoustic Startle and Pre-pulse Inhibition (PPI),decreased prepulse inhibition,removed,fully acoustic procedure
Mmp11,IMPC_CSD_003,Combined SHIRPA and Dysmorphology,abnormal tail morphology,kept,non-acoustic MP term from mixed procedure
Rabl2,IMPC_CSD_003,Combined SHIRPA and Dysmorphology,abnormal digit morphology,kept,non-acoustic MP term from mixed procedure
Krtap17-1,IMPC_CSD_003,Combined SHIRPA and Dysmorphology,abnormal coat/ hair morphology,kept,non-acoustic MP term from mixed procedure
Garin1a,IMPC_ACS_003,Acoustic Startle and Pre-pulse Inhibition (PPI),decreased startle reflex,removed,fully acoustic procedure
Iqgap1,IMPC_CSD_003,Combined SHIRPA and Dysmorphology,decreased exploration in new environment,kept,non-acoustic MP term from mixed procedure
Crybg1,IMPC_ACS_003,Acoustic Startle and Pre-pulse Inhibition (PPI),decreased prepulse inhibition,removed,fully acoustic procedure
Arvcf,IMPC_ACS_003,Acoustic Startle and Pre-pulse Inhibition (PPI),increased startle reflex,removed,fully acoustic procedure
Abcb4,ESLIM_011_001,Acoustic Startle&PPI,increased startle reflex,removed,fully acoustic procedure
Sox14,IMPC_CSD_003,Combined SHIRPA and Dysmorphology,trunk curl,kept,non-acoustic MP term from mixed procedure
Prodh,IMPC_CSD_003,Combined SHIRPA and Dysmorphology,abnormal coat/hair pigmentation,kept,non-acoustic MP term from mixed procedure
Ryr2,IMPC_ACS_003,Acoustic Startle and Pre-pulse Inhibition (PPI),increased startle reflex,removed,fully acoustic procedure
Uck2,IMPC_CSD_001,Combined SHIRPA and Dysmorphology,abnormal skin morphology,kept,non-acoustic MP term from mixed procedure
Sox13,ESLIM_011_001,Acoustic Startle&PPI,increased startle reflex,removed,fully acoustic procedure
Adat2,IMPC_CSD_003,Combined SHIRPA and Dysmorphology,abnormal coat/hair pigmentation,kept,non-acoustic MP term from mixed procedure
Pjvk,IMPC_CSD_003,Combined SHIRPA and Dysmorphology,head bobbing,kept,non-acoustic MP term from mixed procedure
Lmod3,IMPC_CSD_003,Combined SHIRPA and Dysmorphology,abnormal vocalization,kept,non-acoustic MP term from mixed procedure
Elmod1,IMPC_ABR_001,Auditory Brain Stem Response,abnormal auditory brainstem response,removed,fully acoustic procedure
Aldh3a2,ESLIM_011_001,Acoustic Startle&PPI,increased startle reflex,removed,fully acoustic procedure
Cib2,IMPC_ACS_003,Acoustic Startle and Pre-pulse Inhibition (PPI),decreased startle reflex,removed,fully acoustic procedure
Baz1b,ESLIM_008_001,Modified SHIRPA,abnormal startle reflex,removed,acoustic MP term from mixed procedure
Vdac3,IMPC_CSD_002,Combined SHIRPA and Dysmorphology,abnormal coat appearance,kept,non-acoustic MP term from mixed procedure
Mogs,BCM_CSD_001,Combined SHIRPA and Dysmorphology,abnormal skin coloration,kept,non-acoustic MP term from mixed procedure
Bicral,IMPC_ACS_003,Acoustic Startle and Pre-pulse Inhibition (PPI),increased startle reflex,removed,fully acoustic procedure
Agap1,IMPC_ABR_001,Auditory Brain Stem Response,abnormal auditory brainstem response,removed,fully acoustic procedure
Fam91a1,IMPC_CSD_003,Combined SHIRPA and Dysmorphology,abnormal hindlimb morphology,kept,non-acoustic MP term from mixed procedure
Smim22,IMPC_ABR_002,Auditory Brain Stem Response,abnormal auditory brainstem response,removed,fully acoustic procedure
Tnfrsf1b,ESLIM_011_001,Acoustic Startle&PPI,decreased prepulse inhibition,removed,fully acoustic procedure
Lbr,IMPC_CSD_003,Combined SHIRPA and Dysmorphology,abnormal coat/ hair morphology,kept,non-acoustic MP term from mixed procedure
Ddx59,IMPC_CSD_001,Combined SHIRPA and Dysmorphology,abnormal coat/hair pigmentation,kept,non-acoustic MP term from mixed procedure
Fbxo21,IMPC_CSD_001,Combined SHIRPA and Dysmorphology,abnormal vocalization,kept,non-acoustic MP term from mixed procedure
Tuba8,JAXLA_CSD_003,Combined SHIRPA and Dysmorphology,abnormal vocalization,kept,non-acoustic MP term from mixed procedure
Slc35d1,BCM_CSD_001,Combined SHIRPA and Dysmorphology,abnormal coat appearance,kept,non-acoustic MP term from mixed procedure
Idua,IMPC_ACS_003,Acoustic Startle and Pre-pulse Inhibition (PPI),decreased startle reflex,removed,fully acoustic procedure
Rab27a,IMPC_CSD_003,Combined SHIRPA and Dysmorphology,abnormal coat/hair pigmentation,kept,non-acoustic MP term from mixed procedure
Tox,IMPC_ACS_003,Acoustic Startle and Pre-pulse Inhibition (PPI),decreased prepulse inhibition,removed,fully acoustic procedure
Rasal2,MGP_CSD_001,Combined SHIRPA and Dysmorphology,abnormal coat appearance,kept,non-acoustic MP term from mixed procedure
Bach2,IMPC_ACS_003,Acoustic Startle and Pre-pulse Inhibition (PPI),decreased prepulse inhibition,removed,fully acoustic procedure
Npr2,IMPC_CSD_003,Combined SHIRPA and Dysmorphology,abnormal head morphology,kept,non-acoustic MP term from mixed procedure
Marveld2,IMPC_ACS_003,Acoustic Startle and Pre-pulse Inhibition (PPI),decreased prepulse inhibition,removed,fully acoustic procedure
Bacc1,IMPC_ACS_003,Acoustic Startle and Pre-pulse Inhibition (PPI),increased startle reflex,removed,fully acoustic procedure
Cib3,HRWLLA_CSD_003,Combined SHIRPA and Dysmorphology,trunk curl,kept,non-acoustic MP term from mixed procedure
Tbc1d30,IMPC_CSD_001,Combined SHIRPA and Dysmorphology,abnormal coat/ hair morphology,kept,non-acoustic MP term from mixed procedure
Prom2,IMPC_CSD_001,Combined SHIRPA and Dysmorphology,abnormal nail morphology,kept,non-acoustic MP term from mixed procedure
Rhbdf2,MGP_CSD_001,Combined SHIRPA and Dysmorphology,abnormal hair growth,kept,non-acoustic MP term from mixed procedure
Adarb2,IMPC_CSD_003,Combined SHIRPA and Dysmorphology,limb grasping,kept,non-acoustic MP term from mixed procedure
Afg1l,KMPCLA_CSD_003,Combined SHIRPA and Dysmorphology,abnormal coat/ hair morphology,kept,non-acoustic MP term from mixed procedure
Fmnl2,IMPC_ACS_003,Acoustic Startle and Pre-pulse Inhibition (PPI),decreased prepulse inhibition,removed,fully acoustic procedure
Eif3f,IMPC_CSD_002,Combined SHIRPA and Dysmorphology,abnormal coat/hair pigmentation,kept,non-acoustic MP term from mixed procedure
Lrrk1,IMPC_CSD_003,Combined SHIRPA and Dysmorphology,absent teeth,kept,non-acoustic MP term from mixed procedure
Hint1,ESLIM_011_001,Acoustic Startle&PPI,increased startle reflex,removed,fully acoustic procedure
Dnase1l2,MGP_CSD_001,Combined SHIRPA and Dysmorphology,abnormal tail morphology,kept,non-acoustic MP term from mixed procedure
Nrxn1,IMPC_CSD_003,Combined SHIRPA and Dysmorphology,tremors,kept,non-acoustic MP term from mixed procedure
Mmaa,JAXLA_CSD_003,Combined SHIRPA and Dysmorphology,impaired righting response,kept,non-acoustic MP term from mixed procedure
Zc3h7a,IMPC_CSD_001,Combined SHIRPA and Dysmorphology,abnormal vocalization,kept,non-acoustic MP term from mixed procedure
Fbxo10,JAXLA_CSD_003,Combined SHIRPA and Dysmorphology,abnormal coat/hair pigmentation,kept,non-acoustic MP term from mixed procedure
Rnf10,IMPC_ACS_003,Acoustic Startle and Pre-pulse Inhibition (PPI),decreased prepulse inhibition,removed,fully acoustic procedure
Fam83h,IMPC_CSD_003,Combined SHIRPA and Dysmorphology,abnormal coat appearance,kept,non-acoustic MP term from mixed procedure
Kcnj10,IMPC_ACS_003,Acoustic Startle and Pre-pulse Inhibition (PPI),increased startle reflex,removed,fully acoustic procedure
Zfp719,IMPC_ABR_001,Auditory Brain Stem Response,abnormal auditory brainstem response,removed,fully acoustic procedure
Ccdc30,IMPC_ACS_003,Acoustic Startle and Pre-pulse Inhibition (PPI),decreased prepulse inhibition,removed,fully acoustic procedure
Asap3,IMPC_CSD_001,Combined SHIRPA and Dysmorphology,abnormal coat/hair pigmentation,kept,non-acoustic MP term from mixed procedure
Miga1,IMPC_ACS_003,Acoustic Startle and Pre-pulse Inhibition (PPI),increased startle reflex,removed,fully acoustic procedure
Zfp326,IMPC_ACS_003,Acoustic Startle and Pre-pulse Inhibition (PPI),decreased prepulse inhibition,removed,fully acoustic procedure
Fam91a1,IMPC_CSD_003,Combined SHIRPA and Dysmorphology,abnormal autopod morphology,kept,non-acoustic MP term from mixed procedure
Map3k1,ESLIM_008_001,Modified SHIRPA,abnormal startle reflex,removed,acoustic MP term from mixed procedure
Adamtsl4,JAXLA_CSD_003,Combined SHIRPA and Dysmorphology,absent vibrissae,kept,non-acoustic MP term from mixed procedure
Clrn1,IMPC_ABR_002,Auditory Brain Stem Response,abnormal auditory brainstem response,removed,fully acoustic procedure
Tmem145,IMPC_ABR_002,Auditory Brain Stem Response,abnormal auditory brainstem response,removed,fully acoustic procedure
Cldn9,IMPC_CSD_003,Combined SHIRPA and Dysmorphology,abnormal startle reflex,removed,acoustic MP term from mixed procedure
Nedd4l,IMPC_ACS_003,Acoustic Startle and Pre-pulse Inhibition (PPI),decreased prepulse inhibition,removed,fully acoustic procedure
Cabp5,HRWLIP_CSD_003,Combined SHIRPA and Dysmorphology,abnormal tooth morphology,kept,non-acoustic MP term from mixed procedure
Fads3,MGP_CSD_001,Combined SHIRPA and Dysmorphology,absent pinna reflex,removed,acoustic MP term from mixed procedure
Cldn13,JAXLA_CSD_003,Combined SHIRPA and Dysmorphology,abnormal coat/hair pigmentation,kept,non-acoustic MP term from mixed procedure
H2-M3,IMPC_ACS_003,Acoustic Startle and Pre-pulse Inhibition (PPI),decreased prepulse inhibition,removed,fully acoustic procedure
Twist1,IMPC_ACS_003,Acoustic Startle and Pre-pulse Inhibition (PPI),decreased prepulse inhibition,removed,fully acoustic procedure
Hps6,IMPC_CSD_003,Combined SHIRPA and Dysmorphology,abnormal coat/hair pigmentation,kept,non-acoustic MP term from mixed procedure
Tspan13,IMPC_ACS_003,Acoustic Startle and Pre-pulse Inhibition (PPI),decreased prepulse inhibition,removed,fully acoustic procedure
Rcc1l,ESLIM_011_001,Acoustic Startle&PPI,increased startle reflex,removed,fully acoustic procedure
Fam43a,IMPC_ACS_003,Acoustic Startle and Pre-pulse Inhibition (PPI),increased startle reflex,removed,fully acoustic procedure
Fezf2,IMPC_ACS_003,Acoustic Startle and Pre-pulse Inhibition (PPI),decreased prepulse inhibition,removed,fully acoustic procedure
Kcne1,IMPC_ACS_003,Acoustic Startle and Pre-pulse Inhibition (PPI),decreased prepulse inhibition,removed,fully acoustic procedure
Mon2,IMPC_CSD_001,Combined SHIRPA and Dysmorphology,abnormal coat/hair pigmentation,kept,non-acoustic MP term from mixed procedure
Slc6a2,IMPC_CSD_003,Combined SHIRPA and Dysmorphology,abnormal gait,kept,non-acoustic MP term from mixed procedure
Arpc5l,IMPC_CSD_003,Combined SHIRPA and Dysmorphology,abnormal gait,kept,non-acoustic MP term from mixed procedure
Trappc11,IMPC_ABR_002,Auditory Brain Stem Response,abnormal auditory brainstem response,removed,fully acoustic procedure
Slc17a8,IMPC_ACS_003,Acoustic Startle and Pre-pulse Inhibition (PPI),decreased startle reflex,removed,fully acoustic procedure
Hmx2,IMPC_ACS_003,Acoustic Startle and Pre-pulse Inhibition (PPI),decreased prepulse inhibition,removed,fully acoustic procedure
Hcn1,IMPC_ABR_002,Auditory Brain Stem Response,abnormal auditory brainstem response,removed,fully acoustic procedure
Utp4,JAXLA_CSD_003,Combined SHIRPA and Dysmorphology,impaired righting response,kept,non-acoustic MP term from mixed procedure
Adgrv1,IMPC_ACS_003,Acoustic Startle and Pre-pulse Inhibition (PPI),decreased prepulse inhibition,removed,fully acoustic procedure
Adgrv1,IMPC_ACS_003,Acoustic Startle and Pre-pulse Inhibition (PPI),decreased prepulse inhibition,removed,fully acoustic procedure
Lmo1,IMPC_ACS_003,Acoustic Startle and Pre-pulse Inhibition (PPI),decreased prepulse inhibition,removed,fully acoustic procedure
Endod1,IMPC_ACS_003,Acoustic Startle and Pre-pulse Inhibition (PPI),decreased startle reflex,removed,fully acoustic procedure
Slc17a8,IMPC_ACS_003,Acoustic Startle and Pre-pulse Inhibition (PPI),decreased startle reflex,removed,fully acoustic procedure
Myo6,IMPC_CSD_003,Combined SHIRPA and Dysmorphology,abnormal startle reflex,removed,acoustic MP term from mixed procedure
Cabp2,IMPC_ABR_002,Auditory Brain Stem Response,abnormal auditory brainstem response,removed,fully acoustic procedure
Timmdc1,MGP_CSD_001,Combined SHIRPA and Dysmorphology,abnormal coat appearance,kept,non-acoustic MP term from mixed procedure
Lef1,IMPC_ACS_003,Acoustic Startle and Pre-pulse Inhibition (PPI),decreased prepulse inhibition,removed,fully acoustic procedure
Tmem72,KMPCLA_CSD_003,Combined SHIRPA and Dysmorphology,abnormal coat/hair pigmentation,kept,non-acoustic MP term from mixed procedure
Sfrp2,ESLIM_011_001,Acoustic Startle&PPI,increased startle reflex,removed,fully acoustic procedure
Ifitm1,HRWLLA_CSD_003,Combined SHIRPA and Dysmorphology,abnormal snout morphology,kept,non-acoustic MP term from mixed procedure
Hoxa2,IMPC_ACS_003,Acoustic Startle and Pre-pulse Inhibition (PPI),decreased prepulse inhibition,removed,fully acoustic procedure
Fastkd2,IMPC_CSD_003,Combined SHIRPA and Dysmorphology,abnormal coat appearance,kept,non-acoustic MP term from mixed procedure
C7,IMPC_CSD_001,Combined SHIRPA and Dysmorphology,abnormal coat/ hair morphology,kept,non-acoustic MP term from mixed procedure
Frrs1l,IMPC_CSD_003,Combined SHIRPA and Dysmorphology,limb grasping,kept,non-acoustic MP term from mixed procedure
Mcidas,IMPC_ABR_002,Auditory Brain Stem Response,abnormal auditory brainstem response,removed,fully acoustic procedure
Baiap2l2,IMPC_ACS_003,Acoustic Startle and Pre-pulse Inhibition (PPI),decreased prepulse inhibition,removed,fully acoustic procedure
Yipf5,IMPC_ACS_003,Acoustic Startle and Pre-pulse Inhibition (PPI),increased prepulse inhibition,removed,fully acoustic procedure
Slc5a5,JAXLA_CSD_003,Combined SHIRPA and Dysmorphology,abnormal coat appearance,kept,non-acoustic MP term from mixed procedure
Fbn2,IMPC_CSD_003,Combined SHIRPA and Dysmorphology,abnormal digit morphology,kept,non-acoustic MP term from mixed procedure
Klhdc8b,IMPC_ABR_002,Auditory Brain Stem Response,abnormal auditory brainstem response,removed,fully acoustic procedure
Marveld2,IMPC_ACS_003,Acoustic Startle and Pre-pulse Inhibition (PPI),decreased prepulse inhibition,removed,fully acoustic procedure
Thoc6,IMPC_CSD_003,Combined SHIRPA and Dysmorphology,decreased exploration in new environment,kept,non-acoustic MP term from mixed procedure
Vps26c,IMPC_CSD_003,Combined SHIRPA and Dysmorphology,abnormal coat/hair pigmentation,kept,non-acoustic MP term from mixed procedure
C7,JAXLA_CSD_003,Combined SHIRPA and Dysmorphology,abnormal head morphology,kept,non-acoustic MP term from mixed procedure
Gzf1,IMPC_ABR_002,Auditory Brain Stem Response,abnormal auditory brainstem response,removed,fully acoustic procedure
Ndufs7,IMPC_CSD_003,Combined SHIRPA and Dysmorphology,abnormal skin coloration,kept,non-acoustic MP term from mixed procedure
Tmem183a,ESLIM_008_001,Modified SHIRPA,abnormal startle reflex,removed,acoustic MP term from mixed procedure
Arvcf,IMPC_CSD_002,Combined SHIRPA and Dysmorphology,abnormal gait,kept,non-acoustic MP term from mixed procedure
Chfr,IMPC_CSD_003,Combined SHIRPA and Dysmorphology,abnormal coat/hair pigmentation,kept,non-acoustic MP term from mixed procedure
Gal3st1,IMPC_ACS_003,Acoustic Startle and Pre-pulse Inhibition (PPI),decreased prepulse inhibition,removed,fully acoustic procedure
Fbn2,IMPC_CSD_003,Combined SHIRPA and Dysmorphology,abnormal gait,kept,non-acoustic MP term from mixed procedure
Itsn1,IMPC_CSD_003,Combined SHIRPA and Dysmorphology,abnormal skin coloration,kept,non-acoustic MP term from mixed procedure
Slc29a3,IMPC_ACS_003,Acoustic Startle and Pre-pulse Inhibition (PPI),increased startle reflex,removed,fully acoustic procedure
Mro,ESLIM_008_001,Modified SHIRPA,abnormal tail movements,kept,non-acoustic MP term from mixed procedure
Smyd3,M-G-P_008_001,Modified SHIRPA,abnormal response to new environment,kept,non-acoustic MP term from mixed procedure
Cntnap2,IMPC_CSD_003,Combined SHIRPA and Dysmorphology,increased exploration in new environment,kept,non-acoustic MP term from mixed procedure
Kcng3,IMPC_CSD_003,Combined SHIRPA and Dysmorphology,abnormal coat/hair pigmentation,kept,non-acoustic MP term from mixed procedure
Mysm1,ESLIM_008_001,Modified SHIRPA,abnormal urination,kept,non-acoustic MP term from mixed procedure
Vdr,IMPC_CSD_002,Combined SHIRPA and Dysmorphology,abnormal coat/hair pigmentation,kept,non-acoustic MP term from mixed procedure
Pacs2,ESLIM_011_001,Acoustic Startle&PPI,increased startle reflex,removed,fully acoustic procedure
Mysm1,ESLIM_008_001,Modified SHIRPA,tremors,kept,non-acoustic MP term from mixed procedure
Stk3,IMPC_CSD_003,Combined SHIRPA and Dysmorphology,abnormal gait,kept,non-acoustic MP term from mixed procedure
Plag1,IMPC_CSD_002,Combined SHIRPA and Dysmorphology,abnormal snout morphology,kept,non-acoustic MP term from mixed procedure
Arhgef12,IMPC_ACS_003,Acoustic Startle and Pre-pulse Inhibition (PPI),increased prepulse inhibition,removed,fully acoustic procedure
Rbfox3,ESLIM_008_001,Modified SHIRPA,abnormal response to new environment,kept,non-acoustic MP term from mixed procedure
Ptbp2,IMPC_CSD_002,Combined SHIRPA and Dysmorphology,abnormal tooth morphology,kept,non-acoustic MP term from mixed procedure
Cdh23,MGP_CSD_001,Combined SHIRPA and Dysmorphology,absent pinna reflex,removed,acoustic MP term from mixed procedure
Kynu,JAXLA_CSD_003,Combined SHIRPA and Dysmorphology,abnormal vocalization,kept,non-acoustic MP term from mixed procedure
Lamb3,IMPC_CSD_003,Combined SHIRPA and Dysmorphology,abnormal tooth morphology,kept,non-acoustic MP term from mixed procedure
Samd11,IMPC_CSD_001,Combined SHIRPA and Dysmorphology,abnormal coat/hair pigmentation,kept,non-acoustic MP term from mixed procedure
Duoxa2,MGP_CSD_001,Combined SHIRPA and Dysmorphology,absent pinna reflex,removed,acoustic MP term from mixed procedure
Bach2,IMPC_ACS_003,Acoustic Startle and Pre-pulse Inhibition (PPI),decreased prepulse inhibition,removed,fully acoustic procedure
Slc24a5,IMPC_CSD_001,Combined SHIRPA and Dysmorphology,abnormal coat/hair pigmentation,kept,non-acoustic MP term from mixed procedure
Laptm4b,IMPC_ACS_003,Acoustic Startle and Pre-pulse Inhibition (PPI),decreased prepulse inhibition,removed,fully acoustic procedure
Arrb1,IMPC_ACS_003,Acoustic Startle and Pre-pulse Inhibition (PPI),decreased prepulse inhibition,removed,fully acoustic procedure
Nt5c2,IMPC_ACS_003,Acoustic Startle and Pre-pulse Inhibition (PPI),decreased startle reflex,removed,fully acoustic procedure
Dusp11,IMPC_CSD_003,Combined SHIRPA and Dysmorphology,abnormal locomotor behavior,kept,non-acoustic MP term from mixed procedure
Atp2b3,JAXLA_CSD_003,Combined SHIRPA and Dysmorphology,abnormal coat/hair pigmentation,kept,non-acoustic MP term from mixed procedure
Myo6,IMPC_ACS_003,Acoustic Startle and Pre-pulse Inhibition (PPI),decreased prepulse inhibition,removed,fully acoustic procedure
Tmem183a,ESLIM_008_001,Modified SHIRPA,abnormal defecation,kept,non-acoustic MP term from mixed procedure
Ptgr2,IMPC_CSD_003,Combined SHIRPA and Dysmorphology,abnormal startle reflex,removed,acoustic MP term from mixed procedure
Col9a2,IMPC_ABR_002,Auditory Brain Stem Response,abnormal auditory brainstem response,removed,fully acoustic procedure
Reg2,IMPC_ABR_002,Auditory Brain Stem Response,abnormal auditory brainstem response,removed,fully acoustic procedure
Ncald,IMPC_ACS_003,Acoustic Startle and Pre-pulse Inhibition (PPI),decreased prepulse inhibition,removed,fully acoustic procedure
Cyba,MGP_CSD_001,Combined SHIRPA and Dysmorphology,abnormal gait,kept,non-acoustic MP term from mixed procedure
Cldn11,IMPC_CSD_003,Combined SHIRPA and Dysmorphology,abnormal gait,kept,non-acoustic MP term from mixed procedure
Shank1,UCDLA_CSD_003,Combined SHIRPA and Dysmorphology,tremors,kept,non-acoustic MP term from mixed procedure
Daam2,IMPC_CSD_003,Combined SHIRPA and Dysmorphology,abnormal snout morphology,kept,non-acoustic MP term from mixed procedure
Gabrp,IMPC_CSD_003,Combined SHIRPA and Dysmorphology,tremors,kept,non-acoustic MP term from mixed procedure
Cdc27,IMPC_CSD_003,Combined SHIRPA and Dysmorphology,decreased exploration in new environment,kept,non-acoustic MP term from mixed procedure
Myo10,MGP_CSD_001,Combined SHIRPA and Dysmorphology,abnormal digit morphology,kept,non-acoustic MP term from mixed procedure
Rbm25,IMPC_ACS_003,Acoustic Startle and Pre-pulse Inhibition (PPI),decreased prepulse inhibition,removed,fully acoustic procedure
Ankle1,IMPC_CSD_002,Combined SHIRPA and Dysmorphology,abnormal coat/hair pigmentation,kept,non-acoustic MP term from mixed procedure
Prss53,MGP_CSD_001,Combined SHIRPA and Dysmorphology,abnormal hair growth,kept,non-acoustic MP term from mixed procedure
Zfp827,JAXLA_CSD_003,Combined SHIRPA and Dysmorphology,impaired righting response,kept,non-acoustic MP term from mixed procedure
Tlcd3b,IMPC_ACS_003,Acoustic Startle and Pre-pulse Inhibition (PPI),decreased prepulse inhibition,removed,fully acoustic procedure
Utp20,IMPC_CSD_001,Combined SHIRPA and Dysmorphology,abnormal coat/hair pigmentation,kept,non-acoustic MP term from mixed procedure
Slitrk1,IMPC_CSD_003,Combined SHIRPA and Dysmorphology,limb grasping,kept,non-acoustic MP term from mixed procedure
Homer2,IMPC_ABR_002,Auditory Brain Stem Response,abnormal auditory brainstem response,removed,fully acoustic procedure
Syt4,IMPC_CSD_003,Combined SHIRPA and Dysmorphology,abnormal gait,kept,non-acoustic MP term from mixed procedure
Irx6,KMPCLA_CSD_003,Combined SHIRPA and Dysmorphology,abnormal skin coloration,kept,non-acoustic MP term from mixed procedure
Gcdh,IMPC_CSD_003,Combined SHIRPA and Dysmorphology,abnormal coat appearance,kept,non-acoustic MP term from mixed procedure
Opa1,IMPC_ACS_003,Acoustic Startle and Pre-pulse Inhibition (PPI),decreased prepulse inhibition,removed,fully acoustic procedure
Cep350,IMPC_CSD_001,Combined SHIRPA and Dysmorphology,abnormal coat/hair pigmentation,kept,non-acoustic MP term from mixed procedure
Rtl10,JAXLA_CSD_003,Combined SHIRPA and Dysmorphology,abnormal vocalization,kept,non-acoustic MP term from mixed procedure
Acer1,MGP_CSD_001,Combined SHIRPA and Dysmorphology,abnormal hair growth,kept,non-acoustic MP term from mixed procedure
Atpaf1,IMPC_ABR_002,Auditory Brain Stem Response,abnormal auditory brainstem response,removed,fully acoustic procedure
Trim39,IMPC_ABR_002,Auditory Brain Stem Response,abnormal auditory brainstem response,removed,fully acoustic procedure
Brip1,JAXLA_CSD_003,Combined SHIRPA and Dysmorphology,abnormal coat/ hair morphology,kept,non-acoustic MP term from mixed procedure
Pcdhb9,IMPC_ABR_002,Auditory Brain Stem Response,abnormal auditory brainstem response,removed,fully acoustic procedure
Trip13,JAXLA_CSD_003,Combined SHIRPA and Dysmorphology,abnormal coat/hair pigmentation,kept,non-acoustic MP term from mixed procedure
Hip1r,IMPC_ACS_003,Acoustic Startle and Pre-pulse Inhibition (PPI),decreased prepulse inhibition,removed,fully acoustic procedure
Cabp2,IMPC_ABR_002,Auditory Brain Stem Response,abnormal auditory brainstem response,removed,fully acoustic procedure
Fbn2,IMPC_CSD_003,Combined SHIRPA and Dysmorphology,abnormal digit morphology,kept,non-acoustic MP term from mixed procedure
Mir96,IMPC_ABR_001,Auditory Brain Stem Response,abnormal auditory brainstem response,removed,fully acoustic procedure
Colgalt2,IMPC_CSD_002,Combined SHIRPA and Dysmorphology,abnormal skin morphology,kept,non-acoustic MP term from mixed procedure
Chchd3,IMPC_CSD_003,Combined SHIRPA and Dysmorphology,absent vibrissae,kept,non-acoustic MP term from mixed procedure
Cd5l,IMPC_CSD_003,Combined SHIRPA and Dysmorphology,decreased exploration in new environment,kept,non-acoustic MP term from mixed procedure
Mgrn1,IMPC_ABR_002,Auditory Brain Stem Response,abnormal auditory brainstem response,removed,fully acoustic procedure
Tlcd3b,IMPC_ACS_003,Acoustic Startle and Pre-pulse Inhibition (PPI),decreased prepulse inhibition,removed,fully acoustic procedure
Prdm4,IMPC_CSD_003,Combined SHIRPA and Dysmorphology,abnormal gait,kept,non-acoustic MP term from mixed procedure
Ttll1,ESLIM_008_001,Modified SHIRPA,abnormal tail movements,kept,non-acoustic MP term from mixed procedure
Bex2,IMPC_CSD_002,Combined SHIRPA and Dysmorphology,abnormal coat/hair pigmentation,kept,non-acoustic MP term from mixed procedure
Phkb,JAXLA_CSD_003,Combined SHIRPA and Dysmorphology,abnormal coat/hair pigmentation,kept,non-acoustic MP term from mixed procedure
Cep350,IMPC_CSD_001,Combined SHIRPA and Dysmorphology,abnormal coat/hair pigmentation,kept,non-acoustic MP term from mixed procedure
Pbrm1,IMPC_CSD_002,Combined SHIRPA and Dysmorphology,abnormal gait,kept,non-acoustic MP term from mixed procedure
Wnt3a,IMPC_CSD_003,Combined SHIRPA and Dysmorphology,abnormal coat appearance,kept,non-acoustic MP term from mixed procedure
Grxcr1,IMPC_ACS_003,Acoustic Startle and Pre-pulse Inhibition (PPI),decreased prepulse inhibition,removed,fully acoustic procedure
Mpdz,IMPC_ABR_002,Auditory Brain Stem Response,abnormal auditory brainstem response,removed,fully acoustic procedure
Rab27a,IMPC_CSD_003,Combined SHIRPA and Dysmorphology,abnormal coat/hair pigmentation,kept,non-acoustic MP term from mixed procedure
Dnajb2,JAXLA_CSD_003,Combined SHIRPA and Dysmorphology,abnormal vocalization,kept,non-acoustic MP term from mixed procedure
Krt26,KMPCLA_CSD_003,Combined SHIRPA and Dysmorphology,abnormal digit morphology,kept,non-acoustic MP term from mixed procedure
Naa10,UCDIP_CSD_003,Combined SHIRPA and Dysmorphology,abnormal coat/hair pigmentation,kept,non-acoustic MP term from mixed procedure
Rab36,IMPC_CSD_003,Combined SHIRPA and Dysmorphology,abnormal head morphology,kept,non-acoustic MP term from mixed procedure
Fam83d,IMPC_ACS_003,Acoustic Startle and Pre-pulse Inhibition (PPI),decreased prepulse inhibition,removed,fully acoustic procedure
Eef1b2,IMPC_ACS_003,Acoustic Startle and Pre-pulse Inhibition (PPI),decreased startle reflex,removed,fully acoustic procedure
Tmem51,IMPC_ABR_002,Auditory Brain Stem Response,abnormal auditory brainstem response,removed,fully acoustic procedure
Chd2,IMPC_ACS_003,Acoustic Startle and Pre-pulse Inhibition (PPI),decreased prepulse inhibition,removed,fully acoustic procedure
Elmod1,ESLIM_011_001,Acoustic Startle&PPI,increased startle reflex,removed,fully acoustic procedure
Espnl,IMPC_ABR_002,Auditory Brain Stem Response,abnormal auditory brainstem response,removed,fully acoustic procedure
Cntnap5b,IMPC_ABR_002,Auditory Brain Stem Response,abnormal auditory brainstem response,removed,fully acoustic procedure
Pax5,IMPC_ABR_002,Auditory Brain Stem Response,abnormal auditory brainstem response,removed,fully acoustic procedure
Slc8a3,IMPC_ACS_003,Acoustic Startle and Pre-pulse Inhibition (PPI),increased startle reflex,removed,fully acoustic procedure
Tram1,IMPC_ACS_003,Acoustic Startle and Pre-pulse Inhibition (PPI),decreased startle reflex,removed,fully acoustic procedure
Elmod1,IMPC_CSD_003,Combined SHIRPA and Dysmorphology,abnormal gait,kept,non-acoustic MP term from mixed procedure
Herc3,ESLIM_008_001,Modified SHIRPA,trunk curl,kept,non-acoustic MP term from mixed procedure
Daam2,IMPC_CSD_003,Combined SHIRPA and Dysmorphology,abnormal snout morphology,kept,non-acoustic MP term from mixed procedure
Ube2i,IMPC_CSD_001,Combined SHIRPA and Dysmorphology,abnormal vocalization,kept,non-acoustic MP term from mixed procedure
Uhrf1,ESLIM_008_001,Modified SHIRPA,abnormal gait,kept,non-acoustic MP term from mixed procedure
Ntrk2,IMPC_ACS_003,Acoustic Startle and Pre-pulse Inhibition (PPI),decreased prepulse inhibition,removed,fully acoustic procedure
Palm3,IMPC_CSD_002,Combined SHIRPA and Dysmorphology,abnormal startle reflex,removed,acoustic MP term from mixed procedure
Gdf5,IMPC_CSD_003,Combined SHIRPA and Dysmorphology,abnormal forelimb morphology,kept,non-acoustic MP term from mixed procedure
Myo3a,IMPC_ABR_002,Auditory Brain Stem Response,abnormal auditory brainstem response,removed,fully acoustic procedure
Nfic,IMPC_CSD_003,Combined SHIRPA and Dysmorphology,abnormal tooth morphology,kept,non-acoustic MP term from mixed procedure
Elmod1,IMPC_CSD_003,Combined SHIRPA and Dysmorphology,abnormal ear morphology,kept,non-acoustic MP term from mixed procedure
Tmem255b,ESLIM_011_001,Acoustic Startle&PPI,increased startle reflex,removed,fully acoustic procedure
Il2rb,IMPC_CSD_003,Combined SHIRPA and Dysmorphology,abnormal autopod morphology,kept,non-acoustic MP term from mixed procedure
Bnipl,IMPC_CSD_003,Combined SHIRPA and Dysmorphology,decreased exploration in new environment,kept,non-acoustic MP term from mixed procedure
Fgd5,IMPC_ACS_003,Acoustic Startle and Pre-pulse Inhibition (PPI),decreased prepulse inhibition,removed,fully acoustic procedure
Galnt12,IMPC_CSD_003,Combined SHIRPA and Dysmorphology,limb grasping,kept,non-acoustic MP term from mixed procedure
Tubb2a,JAXLA_CSD_003,Combined SHIRPA and Dysmorphology,abnormal gait,kept,non-acoustic MP term from mixed procedure
Minar2,IMPC_ABR_001,Auditory Brain Stem Response,abnormal auditory brainstem response,removed,fully acoustic procedure
Grxcr1,IMPC_CSD_003,Combined SHIRPA and Dysmorphology,abnormal startle reflex,removed,acoustic MP term from mixed procedure
Trf,JAXLA_CSD_003,Combined SHIRPA and Dysmorphology,abnormal locomotor behavior,kept,non-acoustic MP term from mixed procedure
Arvcf,ESLIM_011_001,Acoustic Startle&PPI,increased startle reflex,removed,fully acoustic procedure
Cct3,IMPC_CSD_003,Combined SHIRPA and Dysmorphology,decreased exploration in new environment,kept,non-acoustic MP term from mixed procedure
Cep85l,IMPC_ACS_003,Acoustic Startle and Pre-pulse Inhibition (PPI),decreased prepulse inhibition,removed,fully acoustic procedure
Marchf7,ESLIM_011_001,Acoustic Startle&PPI,increased prepulse inhibition,removed,fully acoustic procedure
Proser2,IMPC_ACS_003,Acoustic Startle and Pre-pulse Inhibition (PPI),decreased startle reflex,removed,fully acoustic procedure
Zfp706,JAXLA_CSD_003,Combined SHIRPA and Dysmorphology,impaired righting response,kept,non-acoustic MP term from mixed procedure
Jun,IMPC_ACS_003,Acoustic Startle and Pre-pulse Inhibition (PPI),increased prepulse inhibition,removed,fully acoustic procedure
Ypel2,IMPC_ACS_003,Acoustic Startle and Pre-pulse Inhibition (PPI),decreased prepulse inhibition,removed,fully acoustic procedure
Zfp60,IMPC_CSD_001,Combined SHIRPA and Dysmorphology,tremors,kept,non-acoustic MP term from mixed procedure
Zfp280d,IMPC_ACS_003,Acoustic Startle and Pre-pulse Inhibition (PPI),decreased startle reflex,removed,fully acoustic procedure
Wnt10a,IMPC_CSD_003,Combined SHIRPA and Dysmorphology,abnormal coat/hair pigmentation,kept,non-acoustic MP term from mixed procedure
Atp7a,JAXLA_CSD_003,Combined SHIRPA and Dysmorphology,abnormal coat/ hair morphology,kept,non-acoustic MP term from mixed procedure
Myo15a,MGP_CSD_001,Combined SHIRPA and Dysmorphology,absent pinna reflex,removed,acoustic MP term from mixed procedure
Zfp715,ESLIM_011_001,Acoustic Startle&PPI,increased startle reflex,removed,fully acoustic procedure
Lats1,IMPC_ACS_003,Acoustic Startle and Pre-pulse Inhibition (PPI),decreased prepulse inhibition,removed,fully acoustic procedure
Irgc,IMPC_ACS_003,Acoustic Startle and Pre-pulse Inhibition (PPI),decreased prepulse inhibition,removed,fully acoustic procedure
St7,IMPC_CSD_001,Combined SHIRPA and Dysmorphology,abnormal vocalization,kept,non-acoustic MP term from mixed procedure
Lgmn,IMPC_ACS_003,Acoustic Startle and Pre-pulse Inhibition (PPI),decreased prepulse inhibition,removed,fully acoustic procedure
Abce1,IMPC_ACS_003,Acoustic Startle and Pre-pulse Inhibition (PPI),decreased prepulse inhibition,removed,fully acoustic procedure
Ddx55,MGP_CSD_001,Combined SHIRPA and Dysmorphology,abnormal coat appearance,kept,non-acoustic MP term from mixed procedure
Lmcd1,IMPC_ACS_003,Acoustic Startle and Pre-pulse Inhibition (PPI),decreased prepulse inhibition,removed,fully acoustic procedure
Eif3d,IMPC_CSD_003,Combined SHIRPA and Dysmorphology,abnormal digit morphology,kept,non-acoustic MP term from mixed procedure
Slc5a5,IMPC_ABR_002,Auditory Brain Stem Response,abnormal auditory brainstem response,removed,fully acoustic procedure
Hspd1,IMPC_CSD_001,Combined SHIRPA and Dysmorphology,abnormal coat/hair pigmentation,kept,non-acoustic MP term from mixed procedure
Gsk3a,IMPC_ACS_003,Acoustic Startle and Pre-pulse Inhibition (PPI),decreased startle reflex,removed,fully acoustic procedure
Erf,IMPC_CSD_003,Combined SHIRPA and Dysmorphology,abnormal tooth morphology,kept,non-acoustic MP term from mixed procedure
Xylb,ESLIM_008_001,Modified SHIRPA,tremors,kept,non-acoustic MP term from mixed procedure
Gdf5,IMPC_CSD_003,Combined SHIRPA and Dysmorphology,abnormal digit morphology,kept,non-acoustic MP term from mixed procedure
Slc23a4,M-G-P_008_001,Modified SHIRPA,abnormal urination,kept,non-acoustic MP term from mixed procedure
Kat14,M-G-P_008_001,Modified SHIRPA,eyelids fail to open,kept,non-acoustic MP term from mixed procedure
Zbtb24,IMPC_ACS_003,Acoustic Startle and Pre-pulse Inhibition (PPI),increased startle reflex,removed,fully acoustic procedure
Myh1,IMPC_CSD_001,Combined SHIRPA and Dysmorphology,abnormal startle reflex,removed,acoustic MP term from mixed procedure
Tomt,IMPC_ABR_002,Auditory Brain Stem Response,abnormal auditory brainstem response,removed,fully acoustic procedure
Pcnx4,IMPC_CSD_001,Combined SHIRPA and Dysmorphology,impaired righting response,kept,non-acoustic MP term from mixed procedure
Tprn,IMPC_ABR_002,Auditory Brain Stem Response,abnormal auditory brainstem response,removed,fully acoustic procedure
Mphosph9,IMPC_ACS_003,Acoustic Startle and Pre-pulse Inhibition (PPI),increased prepulse inhibition,removed,fully acoustic procedure
Mgmt,IMPC_ACS_003,Acoustic Startle and Pre-pulse Inhibition (PPI),decreased prepulse inhibition,removed,fully acoustic procedure
Gpr173,IMPC_CSD_003,Combined SHIRPA and Dysmorphology,abnormal skin coloration,kept,non-acoustic MP term from mixed procedure
Atp6v1c1,IMPC_ACS_003,Acoustic Startle and Pre-pulse Inhibition (PPI),decreased prepulse inhibition,removed,fully acoustic procedure
Tpm1,ESLIM_011_001,Acoustic Startle&PPI,increased startle reflex,removed,fully acoustic procedure
Apmap,JAXLA_CSD_003,Combined SHIRPA and Dysmorphology,abnormal mouth morphology,kept,non-acoustic MP term from mixed procedure
Npc1,IMPC_CSD_003,Combined SHIRPA and Dysmorphology,decreased exploration in new environment,kept,non-acoustic MP term from mixed procedure
AI593442,IMPC_ACS_003,Acoustic Startle and Pre-pulse Inhibition (PPI),increased startle reflex,removed,fully acoustic procedure
Mettl5,IMPC_ABR_002,Auditory Brain Stem Response,abnormal auditory brainstem response,removed,fully acoustic procedure
B9d1,ESLIM_008_001,Modified SHIRPA,abnormal response to tactile stimuli,kept,non-acoustic MP term from mixed procedure
Ncald,IMPC_ACS_003,Acoustic Startle and Pre-pulse Inhibition (PPI),decreased prepulse inhibition,removed,fully acoustic procedure
Cimap1d,IMPC_ABR_002,Auditory Brain Stem Response,abnormal auditory brainstem response,removed,fully acoustic procedure
Zfp719,IMPC_ABR_001,Auditory Brain Stem Response,abnormal auditory brainstem response,removed,fully acoustic procedure
Ckb,IMPC_CSD_003,Combined SHIRPA and Dysmorphology,abnormal vibrissa morphology,kept,non-acoustic MP term from mixed procedure
E2f3,KMPCLA_ACS_003,Acoustic Startle and Pre-pulse Inhibition (PPI),increased startle reflex,removed,fully acoustic procedure
Yipf1,ESLIM_011_001,Acoustic Startle&PPI,increased startle reflex,removed,fully acoustic procedure
Rigi,IMPC_CSD_001,Combined SHIRPA and Dysmorphology,abnormal vocalization,kept,non-acoustic MP term from mixed procedure
Tmprss6,IMPC_ACS_003,Acoustic Startle and Pre-pulse Inhibition (PPI),decreased prepulse inhibition,removed,fully acoustic procedure
Muc5b,IMPC_ACS_003,Acoustic Startle and Pre-pulse Inhibition (PPI),decreased prepulse inhibition,removed,fully acoustic procedure
Ing5,IMPC_CSD_001,Combined SHIRPA and Dysmorphology,abnormal snout morphology,kept,non-acoustic MP term from mixed procedure
Cox10,IMPC_CSD_003,Combined SHIRPA and Dysmorphology,abnormal vocalization,kept,non-acoustic MP term from mixed procedure
Mpzl2,IMPC_CSD_003,Combined SHIRPA and Dysmorphology,abnormal coat/hair pigmentation,kept,non-acoustic MP term from mixed procedure
Adprm,IMPC_ACS_003,Acoustic Startle and Pre-pulse Inhibition (PPI),decreased startle reflex,removed,fully acoustic procedure
Tfrc,IMPC_CSD_003,Combined SHIRPA and Dysmorphology,abnormal gait,kept,non-acoustic MP term from mixed procedure
1700020L13Rik,IMPC_CSD_003,Combined SHIRPA and Dysmorphology,abnormal locomotor behavior,kept,non-acoustic MP term from mixed procedure
Npr2,IMPC_CSD_003,Combined SHIRPA and Dysmorphology,abnormal snout morphology,kept,non-acoustic MP term from mixed procedure
Duoxa2,MGP_CSD_001,Combined SHIRPA and Dysmorphology,abnormal snout morphology,kept,non-acoustic MP term from mixed procedure
Palm3,IMPC_ACS_003,Acoustic Startle and Pre-pulse Inhibition (PPI),decreased prepulse inhibition,removed,fully acoustic procedure
Tspyl1,IMPC_CSD_001,Combined SHIRPA and Dysmorphology,increased aggression,kept,non-acoustic MP term from mixed procedure
Mir100,IMPC_CSD_003,Combined SHIRPA and Dysmorphology,abnormal coat/hair pigmentation,kept,non-acoustic MP term from mixed procedure
Tnfaip8l1,UCDIP_CSD_003,Combined SHIRPA and Dysmorphology,abnormal startle reflex,removed,acoustic MP term from mixed procedure
Smarcb1,IMPC_CSD_003,Combined SHIRPA and Dysmorphology,abnormal skin coloration,kept,non-acoustic MP term from mixed procedure
Ankrd11,IMPC_ACS_003,Acoustic Startle and Pre-pulse Inhibition (PPI),decreased startle reflex,removed,fully acoustic procedure
Strbp,IMPC_ACS_003,Acoustic Startle and Pre-pulse Inhibition (PPI),decreased prepulse inhibition,removed,fully acoustic procedure
Ncor2,ESLIM_011_001,Acoustic Startle&PPI,increased prepulse inhibition,removed,fully acoustic procedure
Atxn7l1,IMPC_CSD_003,Combined SHIRPA and Dysmorphology,abnormal locomotor behavior,kept,non-acoustic MP term from mixed procedure
Cyp4b1,IMPC_CSD_002,Combined SHIRPA and Dysmorphology,increased exploration in new environment,kept,non-acoustic MP term from mixed procedure
Kif5a,IMPC_ABR_002,Auditory Brain Stem Response,abnormal auditory brainstem response,removed,fully acoustic procedure
Catsperz,JAXLA_CSD_003,Combined SHIRPA and Dysmorphology,limb grasping,kept,non-acoustic MP term from mixed procedure
Cep128,IMPC_ABR_002,Auditory Brain Stem Response,abnormal auditory brainstem response,removed,fully acoustic procedure
Cdk7,IMPC_CSD_003,Combined SHIRPA and Dysmorphology,abnormal coat appearance,kept,non-acoustic MP term from mixed procedure
Park7,IMPC_CSD_003,Combined SHIRPA and Dysmorphology,abnormal head morphology,kept,non-acoustic MP term from mixed procedure
Slc41a3,M-G-P_008_001,Modified SHIRPA,limb grasping,kept,non-acoustic MP term from mixed procedure
Mir100,IMPC_CSD_003,Combined SHIRPA and Dysmorphology,abnormal coat/hair pigmentation,kept,non-acoustic MP term from mixed procedure
Prss54,IMPC_ACS_003,Acoustic Startle and Pre-pulse Inhibition (PPI),decreased startle reflex,removed,fully acoustic procedure
Atf7,IMPC_ACS_003,Acoustic Startle and Pre-pulse Inhibition (PPI),decreased prepulse inhibition,removed,fully acoustic procedure
Tmem79,IMPC_CSD_001,Combined SHIRPA and Dysmorphology,abnormal coat appearance,kept,non-acoustic MP term from mixed procedure
Rap2b,IMPC_CSD_001,Combined SHIRPA and Dysmorphology,abnormal coat appearance,kept,non-acoustic MP term from mixed procedure
Ydjc,IMPC_CSD_003,Combined SHIRPA and Dysmorphology,impaired righting response,kept,non-acoustic MP term from mixed procedure
Nptn,IMPC_ACS_003,Acoustic Startle and Pre-pulse Inhibition (PPI),decreased prepulse inhibition,removed,fully acoustic procedure
Rab27a,IMPC_CSD_003,Combined SHIRPA and Dysmorphology,abnormal coat/hair pigmentation,kept,non-acoustic MP term from mixed procedure
Ankle1,IMPC_CSD_002,Combined SHIRPA and Dysmorphology,abnormal coat/hair pigmentation,kept,non-acoustic MP term from mixed procedure
Rxylt1,JAXLA_CSD_001,Combined SHIRPA and Dysmorphology,limb grasping,kept,non-acoustic MP term from mixed procedure
Cars2,IMPC_CSD_003,Combined SHIRPA and Dysmorphology,limb grasping,kept,non-acoustic MP term from mixed procedure
Snhg14,IMPC_CSD_003,Combined SHIRPA and Dysmorphology,decreased exploration in new environment,kept,non-acoustic MP term from mixed procedure
Cops4,ESLIM_008_001,Modified SHIRPA,decreased locomotor activity,kept,non-acoustic MP term from mixed procedure
Slc17a8,IMPC_ABR_002,Auditory Brain Stem Response,abnormal auditory brainstem response,removed,fully acoustic procedure
Myc,IMPC_ACS_003,Acoustic Startle and Pre-pulse Inhibition (PPI),increased startle reflex,removed,fully acoustic procedure
Gne,IMPC_ACS_003,Acoustic Startle and Pre-pulse Inhibition (PPI),decreased prepulse inhibition,removed,fully acoustic procedure
Cep170b,IMPC_CSD_002,Combined SHIRPA and Dysmorphology,impaired righting response,kept,non-acoustic MP term from mixed procedure
Stim2,IMPC_ACS_003,Acoustic Startle and Pre-pulse Inhibition (PPI),increased startle reflex,removed,fully acoustic procedure
Prdm5,IMPC_CSD_003,Combined SHIRPA and Dysmorphology,decreased exploration in new environment,kept,non-acoustic MP term from mixed procedure
Ube2i,IMPC_CSD_001,Combined SHIRPA and Dysmorphology,abnormal locomotor behavior,kept,non-acoustic MP term from mixed procedure
Iigp1c,HMGULA_SHI_001,SHIRPA,abnormal startle reflex,removed,acoustic MP term from mixed procedure
Lsm1,IMPC_ABR_002,Auditory Brain Stem Response,abnormal auditory brainstem response,removed,fully acoustic procedure
Lepr,IMPC_CSD_003,Combined SHIRPA and Dysmorphology,abnormal locomotor behavior,kept,non-acoustic MP term from mixed procedure
Rtn4,IMPC_ACS_003,Acoustic Startle and Pre-pulse Inhibition (PPI),decreased prepulse inhibition,removed,fully acoustic procedure
Cyp4f16,IMPC_CSD_003,Combined SHIRPA and Dysmorphology,limb grasping,kept,non-acoustic MP term from mixed procedure
Ftl1,IMPC_CSD_003,Combined SHIRPA and Dysmorphology,abnormal tooth morphology,kept,non-acoustic MP term from mixed procedure
Ube2l6,IMPC_CSD_002,Combined SHIRPA and Dysmorphology,impaired righting response,kept,non-acoustic MP term from mixed procedure
Arf2,IMPC_CSD_001,Combined SHIRPA and Dysmorphology,abnormal coat/hair pigmentation,kept,non-acoustic MP term from mixed procedure
Cabp2,IMPC_ABR_002,Auditory Brain Stem Response,abnormal auditory brainstem response,removed,fully acoustic procedure
Ttc28,IMPC_ACS_003,Acoustic Startle and Pre-pulse Inhibition (PPI),decreased prepulse inhibition,removed,fully acoustic procedure
Dact2,IMPC_CSD_003,Combined SHIRPA and Dysmorphology,abnormal coat/ hair morphology,kept,non-acoustic MP term from mixed procedure
Ap2a1,IMPC_CSD_001,Combined SHIRPA and Dysmorphology,abnormal coat/hair pigmentation,kept,non-acoustic MP term from mixed procedure
Marveld2,IMPC_ACS_003,Acoustic Startle and Pre-pulse Inhibition (PPI),decreased prepulse inhibition,removed,fully acoustic procedure
Slc5a5,IMPC_ABR_002,Auditory Brain Stem Response,abnormal auditory brainstem response,removed,fully acoustic procedure
Kcne1,IMPC_ABR_002,Auditory Brain Stem Response,abnormal auditory brainstem response,removed,fully acoustic procedure
Prss56,IMPC_CSD_001,Combined SHIRPA and Dysmorphology,abnormal coat/hair pigmentation,kept,non-acoustic MP term from mixed procedure
Bms1,IMPC_CSD_002,Combined SHIRPA and Dysmorphology,abnormal coat/hair pigmentation,kept,non-acoustic MP term from mixed procedure
2510009E07Rik,IMPC_CSD_003,Combined SHIRPA and Dysmorphology,abnormal coat/ hair morphology,kept,non-acoustic MP term from mixed procedure
Rnf10,IMPC_CSD_003,Combined SHIRPA and Dysmorphology,limb grasping,kept,non-acoustic MP term from mixed procedure
Adgrv1,IMPC_ACS_003,Acoustic Startle and Pre-pulse Inhibition (PPI),decreased prepulse inhibition,removed,fully acoustic procedure
Dnah1,IMPC_CSD_003,Combined SHIRPA and Dysmorphology,abnormal skin coloration,kept,non-acoustic MP term from mixed procedure
Crybg1,IMPC_ACS_003,Acoustic Startle and Pre-pulse Inhibition (PPI),decreased prepulse inhibition,removed,fully acoustic procedure
Hprt1,ESLIM_008_001,Modified SHIRPA,abnormal gait,kept,non-acoustic MP term from mixed procedure
Tox,IMPC_ACS_003,Acoustic Startle and Pre-pulse Inhibition (PPI),decreased prepulse inhibition,removed,fully acoustic procedure
Usp53,IMPC_ABR_002,Auditory Brain Stem Response,abnormal auditory brainstem response,removed,fully acoustic procedure
Tesk2,IMPC_CSD_001,Combined SHIRPA and Dysmorphology,abnormal coat/hair pigmentation,kept,non-acoustic MP term from mixed procedure
Eif4b,IMPC_ABR_002,Auditory Brain Stem Response,abnormal auditory brainstem response,removed,fully acoustic procedure
Mecom,ESLIM_011_001,Acoustic Startle&PPI,increased startle reflex,removed,fully acoustic procedure
Mecom,ESLIM_011_001,Acoustic Startle&PPI,decreased prepulse inhibition,removed,fully acoustic procedure
Nrp1,IMPC_ACS_003,Acoustic Startle and Pre-pulse Inhibition (PPI),decreased prepulse inhibition,removed,fully acoustic procedure
Npr2,IMPC_CSD_003,Combined SHIRPA and Dysmorphology,abnormal tail morphology,kept,non-acoustic MP term from mixed procedure
Tox2,IMPC_CSD_003,Combined SHIRPA and Dysmorphology,abnormal gait,kept,non-acoustic MP term from mixed procedure
Fbn2,IMPC_CSD_003,Combined SHIRPA and Dysmorphology,abnormal autopod morphology,kept,non-acoustic MP term from mixed procedure
Nedd4l,IMPC_CSD_003,Combined SHIRPA and Dysmorphology,abnormal startle reflex,removed,acoustic MP term from mixed procedure
Med12l,IMPC_CSD_001,Combined SHIRPA and Dysmorphology,abnormal coat/hair pigmentation,kept,non-acoustic MP term from mixed procedure
Fus,IMPC_ACS_003,Acoustic Startle and Pre-pulse Inhibition (PPI),increased prepulse inhibition,removed,fully acoustic procedure
Yeats2,JAXLA_CSD_003,Combined SHIRPA and Dysmorphology,limb grasping,kept,non-acoustic MP term from mixed procedure
Strbp,IMPC_CSD_002,Combined SHIRPA and Dysmorphology,trunk curl,kept,non-acoustic MP term from mixed procedure
Mysm1,ESLIM_008_001,Modified SHIRPA,abnormal vocalization,kept,non-acoustic MP term from mixed procedure
Capn5,ESLIM_011_001,Acoustic Startle&PPI,increased startle reflex,removed,fully acoustic procedure
Clrn2,IMPC_ACS_003,Acoustic Startle and Pre-pulse Inhibition (PPI),decreased prepulse inhibition,removed,fully acoustic procedure
Ncald,IMPC_ACS_003,Acoustic Startle and Pre-pulse Inhibition (PPI),decreased prepulse inhibition,removed,fully acoustic procedure
Clcn1,IMPC_CSD_003,Combined SHIRPA and Dysmorphology,decreased exploration in new environment,kept,non-acoustic MP term from mixed procedure
Tex36,IMPC_CSD_001,Combined SHIRPA and Dysmorphology,abnormal locomotor behavior,kept,non-acoustic MP term from mixed procedure
Wbp1l,IMPC_ACS_003,Acoustic Startle and Pre-pulse Inhibition (PPI),decreased prepulse inhibition,removed,fully acoustic procedure
Atn1,IMPC_CSD_003,Combined SHIRPA and Dysmorphology,limb grasping,kept,non-acoustic MP term from mixed procedure
Tuft1,MGP_CSD_001,Combined SHIRPA and Dysmorphology,abnormal coat appearance,kept,non-acoustic MP term from mixed procedure
Tubb4b,IMPC_CSD_001,Combined SHIRPA and Dysmorphology,abnormal coat appearance,kept,non-acoustic MP term from mixed procedure
Ky,IMPC_CSD_003,Combined SHIRPA and Dysmorphology,abnormal behavior,kept,non-acoustic MP term from mixed procedure
Mtarc2,ESLIM_011_001,Acoustic Startle&PPI,decreased prepulse inhibition,removed,fully acoustic procedure
Esd,IMPC_ACS_003,Acoustic Startle and Pre-pulse Inhibition (PPI),increased startle reflex,removed,fully acoustic procedure
Cav3,KMPCLA_CSD_003,Combined SHIRPA and Dysmorphology,abnormal skin coloration,kept,non-acoustic MP term from mixed procedure
Krt31,MGP_CSD_001,Combined SHIRPA and Dysmorphology,abnormal coat appearance,kept,non-acoustic MP term from mixed procedure
Elmod1,IMPC_CSD_003,Combined SHIRPA and Dysmorphology,trunk curl,kept,non-acoustic MP term from mixed procedure
Wbp2,M-G-P_008_001,Modified SHIRPA,absent pinna reflex,removed,acoustic MP term from mixed procedure
Acox2,IMPC_CSD_003,Combined SHIRPA and Dysmorphology,abnormal locomotor behavior,kept,non-acoustic MP term from mixed procedure
Otog,IMPC_ABR_002,Auditory Brain Stem Response,abnormal auditory brainstem response,removed,fully acoustic procedure
Stk38,IMPC_ABR_002,Auditory Brain Stem Response,abnormal auditory brainstem response,removed,fully acoustic procedure
Plscr5,IMPC_ABR_002,Auditory Brain Stem Response,abnormal auditory brainstem response,removed,fully acoustic procedure
Mir96,MGP_CSD_001,Combined SHIRPA and Dysmorphology,abnormal gait,kept,non-acoustic MP term from mixed procedure
Rps19bp1,IMPC_CSD_003,Combined SHIRPA and Dysmorphology,abnormal skin coloration,kept,non-acoustic MP term from mixed procedure
Tmeff1,IMPC_CSD_003,Combined SHIRPA and Dysmorphology,abnormal coat/hair pigmentation,kept,non-acoustic MP term from mixed procedure
Wfdc18,MGP_CSD_001,Combined SHIRPA and Dysmorphology,abnormal coat appearance,kept,non-acoustic MP term from mixed procedure
Chmp7,JAXLA_CSD_003,Combined SHIRPA and Dysmorphology,abnormal coat/hair pigmentation,kept,non-acoustic MP term from mixed procedure
Pdcd6ip,IMPC_CSD_002,Combined SHIRPA and Dysmorphology,increased exploration in new environment,kept,non-acoustic MP term from mixed procedure
Mir100,IMPC_CSD_003,Combined SHIRPA and Dysmorphology,abnormal skin coloration,kept,non-acoustic MP term from mixed procedure
Gatm,IMPC_ACS_003,Acoustic Startle and Pre-pulse Inhibition (PPI),decreased prepulse inhibition,removed,fully acoustic procedure
Sptssb,IMPC_CSD_001,Combined SHIRPA and Dysmorphology,abnormal coat appearance,kept,non-acoustic MP term from mixed procedure
Gtf2ird1,IMPC_ACS_003,Acoustic Startle and Pre-pulse Inhibition (PPI),decreased prepulse inhibition,removed,fully acoustic procedure
Cyp17a1,IMPC_CSD_002,Combined SHIRPA and Dysmorphology,abnormal vocalization,kept,non-acoustic MP term from mixed procedure
Prss53,MGP_CSD_001,Combined SHIRPA and Dysmorphology,abnormal hair growth,kept,non-acoustic MP term from mixed procedure
Stat1,IMPC_CSD_003,Combined SHIRPA and Dysmorphology,abnormal gait,kept,non-acoustic MP term from mixed procedure
Kcne1,IMPC_ACS_003,Acoustic Startle and Pre-pulse Inhibition (PPI),decreased prepulse inhibition,removed,fully acoustic procedure
Ubald1,IMPC_CSD_003,Combined SHIRPA and Dysmorphology,abnormal vocalization,kept,non-acoustic MP term from mixed procedure
Clic5,IMPC_ACS_003,Acoustic Startle and Pre-pulse Inhibition (PPI),decreased prepulse inhibition,removed,fully acoustic procedure
Ncoa7,IMPC_ACS_003,Acoustic Startle and Pre-pulse Inhibition (PPI),increased startle reflex,removed,fully acoustic procedure
Fbxo41,IMPC_ABR_002,Auditory Brain Stem Response,abnormal auditory brainstem response,removed,fully acoustic procedure
Elmod1,ESLIM_008_001,Modified SHIRPA,abnormal gait,kept,non-acoustic MP term from mixed procedure
Arv1,IMPC_ABR_002,Auditory Brain Stem Response,abnormal auditory brainstem response,removed,fully acoustic procedure
Tmtc4,IMPC_ABR_002,Auditory Brain Stem Response,abnormal auditory brainstem response,removed,fully acoustic procedure
Vdr,IMPC_CSD_002,Combined SHIRPA and Dysmorphology,abnormal coat/ hair morphology,kept,non-acoustic MP term from mixed procedure
Rln3,IMPC_CSD_002,Combined SHIRPA and Dysmorphology,abnormal coat/hair pigmentation,kept,non-acoustic MP term from mixed procedure
Plod1,IMPC_ACS_003,Acoustic Startle and Pre-pulse Inhibition (PPI),decreased prepulse inhibition,removed,fully acoustic procedure
Atp5mg,IMPC_CSD_003,Combined SHIRPA and Dysmorphology,abnormal gait,kept,non-acoustic MP term from mixed procedure
Ephb2,IMPC_CSD_003,Combined SHIRPA and Dysmorphology,increased exploration in new environment,kept,non-acoustic MP term from mixed procedure
Triobp,IMPC_ABR_002,Auditory Brain Stem Response,abnormal auditory brainstem response,removed,fully acoustic procedure
Krtcap2,IMPC_ABR_002,Auditory Brain Stem Response,abnormal auditory brainstem response,removed,fully acoustic procedure
Trank1,IMPC_CSD_001,Combined SHIRPA and Dysmorphology,abnormal coat/hair pigmentation,kept,non-acoustic MP term from mixed procedure
Patj,JAXLA_CSD_003,Combined SHIRPA and Dysmorphology,abnormal startle reflex,removed,acoustic MP term from mixed procedure
Eif3f,IMPC_CSD_002,Combined SHIRPA and Dysmorphology,abnormal coat/hair pigmentation,kept,non-acoustic MP term from mixed procedure
Usp53,IMPC_ACS_003,Acoustic Startle and Pre-pulse Inhibition (PPI),decreased prepulse inhibition,removed,fully acoustic procedure
Trh,IMPC_CSD_003,Combined SHIRPA and Dysmorphology,decreased exploration in new environment,kept,non-acoustic MP term from mixed procedure
Klhl17,IMPC_CSD_003,Combined SHIRPA and Dysmorphology,abnormal gait,kept,non-acoustic MP term from mixed procedure
Cfhr1,IMPC_CSD_003,Combined SHIRPA and Dysmorphology,limb grasping,kept,non-acoustic MP term from mixed procedure
Palmd,IMPC_CSD_001,Combined SHIRPA and Dysmorphology,abnormal coat/hair pigmentation,kept,non-acoustic MP term from mixed procedure
Naa10,UCDIP_CSD_003,Combined SHIRPA and Dysmorphology,abnormal coat/hair pigmentation,kept,non-acoustic MP term from mixed procedure
Spock1,IMPC_ACS_003,Acoustic Startle and Pre-pulse Inhibition (PPI),decreased prepulse inhibition,removed,fully acoustic procedure
Heatr4,IMPC_ABR_002,Auditory Brain Stem Response,abnormal auditory brainstem response,removed,fully acoustic procedure
Gabra2,HRWLLA_CSD_003,Combined SHIRPA and Dysmorphology,limb grasping,kept,non-acoustic MP term from mixed procedure
Wdr45,JAXLA_CSD_003,Combined SHIRPA and Dysmorphology,limb grasping,kept,non-acoustic MP term from mixed procedure
Rhbdf2,ESLIM_008_001,Modified SHIRPA,abnormal response to new environment,kept,non-acoustic MP term from mixed procedure
Acbd5,MGP_CSD_001,Combined SHIRPA and Dysmorphology,abnormal gait,kept,non-acoustic MP term from mixed procedure
Sccpdh,IMPC_CSD_001,Combined SHIRPA and Dysmorphology,abnormal vocalization,kept,non-acoustic MP term from mixed procedure
Tmem127,MGP_CSD_001,Combined SHIRPA and Dysmorphology,abnormal nail morphology,kept,non-acoustic MP term from mixed procedure
Zbtb16,IMPC_CSD_003,Combined SHIRPA and Dysmorphology,abnormal autopod morphology,kept,non-acoustic MP term from mixed procedure
Lrrc41,IMPC_CSD_001,Combined SHIRPA and Dysmorphology,abnormal vocalization,kept,non-acoustic MP term from mixed procedure
Mpz,IMPC_CSD_003,Combined SHIRPA and Dysmorphology,abnormal gait,kept,non-acoustic MP term from mixed procedure
Rgl3,IMPC_CSD_003,Combined SHIRPA and Dysmorphology,abnormal gait,kept,non-acoustic MP term from mixed procedure
Nt5dc2,JAXLA_CSD_003,Combined SHIRPA and Dysmorphology,limb grasping,kept,non-acoustic MP term from mixed procedure
Bloc1s5,IMPC_CSD_003,Combined SHIRPA and Dysmorphology,abnormal coat/hair pigmentation,kept,non-acoustic MP term from mixed procedure
Cacna1b,IMPC_CSD_003,Combined SHIRPA and Dysmorphology,abnormal gait,kept,non-acoustic MP term from mixed procedure
Kcne1,IMPC_ABR_002,Auditory Brain Stem Response,abnormal auditory brainstem response,removed,fully acoustic procedure
Limk2,ESLIM_011_001,Acoustic Startle&PPI,increased startle reflex,removed,fully acoustic procedure
Abi2,IMPC_ACS_003,Acoustic Startle and Pre-pulse Inhibition (PPI),decreased prepulse inhibition,removed,fully acoustic procedure
Gsk3a,ESLIM_008_001,Modified SHIRPA,abnormal gait,kept,non-acoustic MP term from mixed procedure
Tanc2,IMPC_CSD_002,Combined SHIRPA and Dysmorphology,abnormal locomotor behavior,kept,non-acoustic MP term from mixed procedure
Rhbdf2,MGP_CSD_001,Combined SHIRPA and Dysmorphology,abnormal coat appearance,kept,non-acoustic MP term from mixed procedure
Rnf34,IMPC_CSD_003,Combined SHIRPA and Dysmorphology,abnormal coat/hair pigmentation,kept,non-acoustic MP term from mixed procedure
Csmd3,IMPC_CSD_003,Combined SHIRPA and Dysmorphology,limb grasping,kept,non-acoustic MP term from mixed procedure
Dusp18,JAXLA_CSD_003,Combined SHIRPA and Dysmorphology,abnormal coat/hair pigmentation,kept,non-acoustic MP term from mixed procedure
Kansl1,IMPC_ACS_003,Acoustic Startle and Pre-pulse Inhibition (PPI),decreased startle reflex,removed,fully acoustic procedure
Rab3il1,IMPC_CSD_003,Combined SHIRPA and Dysmorphology,absent vibrissae,kept,non-acoustic MP term from mixed procedure
Slc38a4,IMPC_CSD_002,Combined SHIRPA and Dysmorphology,abnormal head size,kept,non-acoustic MP term from mixed procedure
Mindy1,ESLIM_008_001,Modified SHIRPA,abnormal locomotor activation,kept,non-acoustic MP term from mixed procedure
Caskin1,IMPC_CSD_003,Combined SHIRPA and Dysmorphology,abnormal coat/hair pigmentation,kept,non-acoustic MP term from mixed procedure
Hhatl,IMPC_CSD_003,Combined SHIRPA and Dysmorphology,abnormal gait,kept,non-acoustic MP term from mixed procedure
Phykpl,ESLIM_011_001,Acoustic Startle&PPI,increased startle reflex,removed,fully acoustic procedure
Ccdc9b,IMPC_ACS_003,Acoustic Startle and Pre-pulse Inhibition (PPI),decreased prepulse inhibition,removed,fully acoustic procedure
Srsf11,IMPC_ACS_003,Acoustic Startle and Pre-pulse Inhibition (PPI),decreased prepulse inhibition,removed,fully acoustic procedure
Fam118a,IMPC_CSD_003,Combined SHIRPA and Dysmorphology,abnormal skin coloration,kept,non-acoustic MP term from mixed procedure
Klc2,IMPC_ABR_001,Auditory Brain Stem Response,abnormal auditory brainstem response,removed,fully acoustic procedure
Hsp90aa1,MGP_CSD_001,Combined SHIRPA and Dysmorphology,abnormal snout morphology,kept,non-acoustic MP term from mixed procedure
Twist1,RBRCLA_CSD_003,Combined SHIRPA and Dysmorphology,abnormal nail morphology,kept,non-acoustic MP term from mixed procedure
Smarcb1,IMPC_CSD_003,Combined SHIRPA and Dysmorphology,abnormal coat appearance,kept,non-acoustic MP term from mixed procedure
Syce1,IMPC_CSD_001,Combined SHIRPA and Dysmorphology,abnormal startle reflex,removed,acoustic MP term from mixed procedure
Fancl,IMPC_CSD_002,Combined SHIRPA and Dysmorphology,abnormal coat/hair pigmentation,kept,non-acoustic MP term from mixed procedure
Lmod3,IMPC_ACS_003,Acoustic Startle and Pre-pulse Inhibition (PPI),decreased startle reflex,removed,fully acoustic procedure
Gbx1,IMPC_CSD_003,Combined SHIRPA and Dysmorphology,limb grasping,kept,non-acoustic MP term from mixed procedure
Setd5,IMPC_ABR_001,Auditory Brain Stem Response,abnormal auditory brainstem response,removed,fully acoustic procedure
Eno3,IMPC_CSD_003,Combined SHIRPA and Dysmorphology,limb grasping,kept,non-acoustic MP term from mixed procedure
Fancl,IMPC_CSD_002,Combined SHIRPA and Dysmorphology,abnormal coat/hair pigmentation,kept,non-acoustic MP term from mixed procedure
Hnrnph2,IMPC_CSD_001,Combined SHIRPA and Dysmorphology,abnormal coat/ hair morphology,kept,non-acoustic MP term from mixed procedure
Thra,IMPC_CSD_003,Combined SHIRPA and Dysmorphology,limb grasping,kept,non-acoustic MP term from mixed procedure
Cnih2,IMPC_CSD_001,Combined SHIRPA and Dysmorphology,increased exploration in new environment,kept,non-acoustic MP term from mixed procedure
Tap2,IMPC_CSD_003,Combined SHIRPA and Dysmorphology,absent vibrissae,kept,non-acoustic MP term from mixed procedure
Nadk2,MGP_CSD_001,Combined SHIRPA and Dysmorphology,abnormal coat/hair pigmentation,kept,non-acoustic MP term from mixed procedure
Fbxo11,ESLIM_008_001,Modified SHIRPA,abnormal startle reflex,removed,acoustic MP term from mixed procedure
Eya1,IMPC_ACS_003,Acoustic Startle and Pre-pulse Inhibition (PPI),decreased prepulse inhibition,removed,fully acoustic procedure
Wbp1l,IMPC_CSD_003,Combined SHIRPA and Dysmorphology,abnormal skin coloration,kept,non-acoustic MP term from mixed procedure
Caskin1,IMPC_CSD_003,Combined SHIRPA and Dysmorphology,abnormal coat/hair pigmentation,kept,non-acoustic MP term from mixed procedure
Srsf4,ESLIM_008_001,Modified SHIRPA,abnormal tail movements,kept,non-acoustic MP term from mixed procedure
Hdgfl3,TCPIP_CSD_003,Combined SHIRPA and Dysmorphology,increased exploration in new environment,kept,non-acoustic MP term from mixed procedure
Brd4,IMPC_ACS_003,Acoustic Startle and Pre-pulse Inhibition (PPI),decreased prepulse inhibition,removed,fully acoustic procedure
Hmgxb4,IMPC_ACS_003,Acoustic Startle and Pre-pulse Inhibition (PPI),decreased prepulse inhibition,removed,fully acoustic procedure
Atp8b1,IMPC_ABR_002,Auditory Brain Stem Response,abnormal auditory brainstem response,removed,fully acoustic procedure
Thra,ICSLA_ACS_003,Acoustic Startle and Pre-pulse Inhibition (PPI),decreased startle reflex,removed,fully acoustic procedure
Klc2,IMPC_ABR_001,Auditory Brain Stem Response,abnormal auditory brainstem response,removed,fully acoustic procedure
Cep250,IMPC_ABR_001,Auditory Brain Stem Response,abnormal auditory brainstem response,removed,fully acoustic procedure
Dtnbp1,IMPC_CSD_003,Combined SHIRPA and Dysmorphology,abnormal coat/hair pigmentation,kept,non-acoustic MP term from mixed procedure
Aspa,IMPC_ACS_003,Acoustic Startle and Pre-pulse Inhibition (PPI),decreased prepulse inhibition,removed,fully acoustic procedure
Zfp711,JAXLA_CSD_003,Combined SHIRPA and Dysmorphology,abnormal coat/ hair morphology,kept,non-acoustic MP term from mixed procedure
Nt5dc1,JAXLA_CSD_003,Combined SHIRPA and Dysmorphology,abnormal coat/hair pigmentation,kept,non-acoustic MP term from mixed procedure
Fkbp4,IMPC_CSD_003,Combined SHIRPA and Dysmorphology,abnormal male genitalia morphology,kept,non-acoustic MP term from mixed procedure
Bag2,IMPC_CSD_003,Combined SHIRPA and Dysmorphology,abnormal locomotor behavior,kept,non-acoustic MP term from mixed procedure
Alkal2,IMPC_CSD_003,Combined SHIRPA and Dysmorphology,abnormal skin morphology,kept,non-acoustic MP term from mixed procedure
Stard10,IMPC_ACS_003,Acoustic Startle and Pre-pulse Inhibition (PPI),decreased prepulse inhibition,removed,fully acoustic procedure
Rab18,ESLIM_008_001,Modified SHIRPA,limb grasping,kept,non-acoustic MP term from mixed procedure
Clrn1,IMPC_CSD_003,Combined SHIRPA and Dysmorphology,abnormal startle reflex,removed,acoustic MP term from mixed procedure
Qsox1,KMPCLA_CSD_003,Combined SHIRPA and Dysmorphology,abnormal skin coloration,kept,non-acoustic MP term from mixed procedure
Klkb1,IMPC_CSD_002,Combined SHIRPA and Dysmorphology,abnormal vocalization,kept,non-acoustic MP term from mixed procedure
Plag1,IMPC_ABR_002,Auditory Brain Stem Response,abnormal auditory brainstem response,removed,fully acoustic procedure
Gas2l2,MGP_CSD_001,Combined SHIRPA and Dysmorphology,absent pinna reflex,removed,acoustic MP term from mixed procedure
Usp53,IMPC_ACS_003,Acoustic Startle and Pre-pulse Inhibition (PPI),decreased prepulse inhibition,removed,fully acoustic procedure
Arvcf,IMPC_CSD_002,Combined SHIRPA and Dysmorphology,tremors,kept,non-acoustic MP term from mixed procedure
Ankrd24,IMPC_ABR_002,Auditory Brain Stem Response,abnormal auditory brainstem response,removed,fully acoustic procedure
Abce1,IMPC_ACS_003,Acoustic Startle and Pre-pulse Inhibition (PPI),decreased prepulse inhibition,removed,fully acoustic procedure
Rhbdf2,MGP_CSD_001,Combined SHIRPA and Dysmorphology,abnormal vibrissa morphology,kept,non-acoustic MP term from mixed procedure
Clic6,IMPC_CSD_003,Combined SHIRPA and Dysmorphology,abnormal startle reflex,removed,acoustic MP term from mixed procedure
Nolc1,IMPC_ACS_003,Acoustic Startle and Pre-pulse Inhibition (PPI),increased startle reflex,removed,fully acoustic procedure
Hoxc13,IMPC_CSD_003,Combined SHIRPA and Dysmorphology,abnormal coat/ hair morphology,kept,non-acoustic MP term from mixed procedure
Arhgap21,IMPC_CSD_001,Combined SHIRPA and Dysmorphology,abnormal vocalization,kept,non-acoustic MP term from mixed procedure
Gria1,HRWLIP_CSD_003,Combined SHIRPA and Dysmorphology,decreased exploration in new environment,kept,non-acoustic MP term from mixed procedure
Dlat,IMPC_ACS_003,Acoustic Startle and Pre-pulse Inhibition (PPI),decreased prepulse inhibition,removed,fully acoustic procedure
Tnfrsf1b,ESLIM_011_001,Acoustic Startle&PPI,decreased prepulse inhibition,removed,fully acoustic procedure
Otogl,IMPC_ABR_002,Auditory Brain Stem Response,abnormal auditory brainstem response,removed,fully acoustic procedure
Recql4,IMPC_CSD_003,Combined SHIRPA and Dysmorphology,abnormal coat/ hair morphology,kept,non-acoustic MP term from mixed procedure
Arid1b,IMPC_CSD_003,Combined SHIRPA and Dysmorphology,decreased exploration in new environment,kept,non-acoustic MP term from mixed procedure
Taok3,IMPC_CSD_001,Combined SHIRPA and Dysmorphology,abnormal coat/hair pigmentation,kept,non-acoustic MP term from mixed procedure
Erf,IMPC_CSD_003,Combined SHIRPA and Dysmorphology,abnormal snout morphology,kept,non-acoustic MP term from mixed procedure
Zfp13,ESLIM_011_001,Acoustic Startle&PPI,increased startle reflex,removed,fully acoustic procedure
Evc2,IMPC_ACS_003,Acoustic Startle and Pre-pulse Inhibition (PPI),decreased prepulse inhibition,removed,fully acoustic procedure
Lefty1,IMPC_CSD_003,Combined SHIRPA and Dysmorphology,abnormal gait,kept,non-acoustic MP term from mixed procedure
Abi2,IMPC_ACS_003,Acoustic Startle and Pre-pulse Inhibition (PPI),decreased prepulse inhibition,removed,fully acoustic procedure
Npr2,IMPC_CSD_003,Combined SHIRPA and Dysmorphology,abnormal hindlimb morphology,kept,non-acoustic MP term from mixed procedure
Spred1,IMPC_CSD_003,Combined SHIRPA and Dysmorphology,abnormal startle reflex,removed,acoustic MP term from mixed procedure
Chmp7,JAXLA_CSD_003,Combined SHIRPA and Dysmorphology,abnormal coat/hair pigmentation,kept,non-acoustic MP term from mixed procedure
Mettl5,IMPC_CSD_002,Combined SHIRPA and Dysmorphology,abnormal head morphology,kept,non-acoustic MP term from mixed procedure
Sbno1,IMPC_CSD_003,Combined SHIRPA and Dysmorphology,abnormal coat appearance,kept,non-acoustic MP term from mixed procedure
Tmprss6,IMPC_CSD_003,Combined SHIRPA and Dysmorphology,abnormal coat/hair pigmentation,kept,non-acoustic MP term from mixed procedure
Orc4,ESLIM_008_001,Modified SHIRPA,abnormal tail movements,kept,non-acoustic MP term from mixed procedure
Nalf2,IMPC_CSD_003,Combined SHIRPA and Dysmorphology,head bobbing,kept,non-acoustic MP term from mixed procedure
Gal3st1,IMPC_CSD_003,Combined SHIRPA and Dysmorphology,tremors,kept,non-acoustic MP term from mixed procedure
Ctsa,IMPC_CSD_003,Combined SHIRPA and Dysmorphology,abnormal hindlimb morphology,kept,non-acoustic MP term from mixed procedure
Slc5a5,IMPC_CSD_003,Combined SHIRPA and Dysmorphology,increased exploration in new environment,kept,non-acoustic MP term from mixed procedure
Mpz,IMPC_CSD_003,Combined SHIRPA and Dysmorphology,abnormal gait,kept,non-acoustic MP term from mixed procedure
Cdca5,IMPC_ABR_002,Auditory Brain Stem Response,abnormal auditory brainstem response,removed,fully acoustic procedure
Pjvk,IMPC_ABR_002,Auditory Brain Stem Response,abnormal auditory brainstem response,removed,fully acoustic procedure
Cyp2u1,IMPC_CSD_003,Combined SHIRPA and Dysmorphology,limb grasping,kept,non-acoustic MP term from mixed procedure
Mpdz,IMPC_ABR_002,Auditory Brain Stem Response,abnormal auditory brainstem response,removed,fully acoustic procedure
Rnf7,ESLIM_008_001,Modified SHIRPA,abnormal response to tactile stimuli,kept,non-acoustic MP term from mixed procedure
Epb41l5,ESLIM_011_001,Acoustic Startle&PPI,increased startle reflex,removed,fully acoustic procedure
Dym,IMPC_ACS_003,Acoustic Startle and Pre-pulse Inhibition (PPI),decreased prepulse inhibition,removed,fully acoustic procedure
Ak4,KMPCLA_CSD_003,Combined SHIRPA and Dysmorphology,abnormal coat/hair pigmentation,kept,non-acoustic MP term from mixed procedure
Osbpl8,IMPC_ABR_002,Auditory Brain Stem Response,abnormal auditory brainstem response,removed,fully acoustic procedure
Mogat2,IMPC_ACS_003,Acoustic Startle and Pre-pulse Inhibition (PPI),decreased prepulse inhibition,removed,fully acoustic procedure
Fbxo11,ESLIM_008_001,Modified SHIRPA,hyperactivity,kept,non-acoustic MP term from mixed procedure
Nup153,IMPC_CSD_001,Combined SHIRPA and Dysmorphology,abnormal vocalization,kept,non-acoustic MP term from mixed procedure
Tram1,IMPC_CSD_003,Combined SHIRPA and Dysmorphology,decreased exploration in new environment,kept,non-acoustic MP term from mixed procedure
Prkd2,IMPC_ACS_003,Acoustic Startle and Pre-pulse Inhibition (PPI),decreased prepulse inhibition,removed,fully acoustic procedure
Chfr,IMPC_CSD_003,Combined SHIRPA and Dysmorphology,abnormal skin coloration,kept,non-acoustic MP term from mixed procedure
Bltp1,IMPC_ACS_003,Acoustic Startle and Pre-pulse Inhibition (PPI),increased startle reflex,removed,fully acoustic procedure
Nr1h4,ESLIM_011_001,Acoustic Startle&PPI,increased startle reflex,removed,fully acoustic procedure
Ube2h,IMPC_ACS_003,Acoustic Startle and Pre-pulse Inhibition (PPI),increased startle reflex,removed,fully acoustic procedure
Il2rb,IMPC_CSD_003,Combined SHIRPA and Dysmorphology,abnormal autopod morphology,kept,non-acoustic MP term from mixed procedure
Fbxo30,IMPC_ACS_003,Acoustic Startle and Pre-pulse Inhibition (PPI),decreased startle reflex,removed,fully acoustic procedure
Ralgapa1,IMPC_CSD_003,Combined SHIRPA and Dysmorphology,abnormal locomotor behavior,kept,non-acoustic MP term from mixed procedure
Rab39b,TCPLA_CSD_003,Combined SHIRPA and Dysmorphology,tremors,kept,non-acoustic MP term from mixed procedure
Lbr,IMPC_CSD_003,Combined SHIRPA and Dysmorphology,decreased exploration in new environment,kept,non-acoustic MP term from mixed procedure
Hars2,IMPC_ABR_002,Auditory Brain Stem Response,abnormal auditory brainstem response,removed,fully acoustic procedure
Nin,IMPC_ACS_003,Acoustic Startle and Pre-pulse Inhibition (PPI),decreased startle reflex,removed,fully acoustic procedure
Vat1l,ESLIM_011_001,Acoustic Startle&PPI,increased startle reflex,removed,fully acoustic procedure
Bloc1s4,IMPC_CSD_003,Combined SHIRPA and Dysmorphology,abnormal coat/hair pigmentation,kept,non-acoustic MP term from mixed procedure
Spn,IMPC_CSD_003,Combined SHIRPA and Dysmorphology,abnormal behavior,kept,non-acoustic MP term from mixed procedure
Vgf,IMPC_CSD_003,Combined SHIRPA and Dysmorphology,abnormal locomotor behavior,kept,non-acoustic MP term from mixed procedure
Dhx9,IMPC_ACS_003,Acoustic Startle and Pre-pulse Inhibition (PPI),decreased prepulse inhibition,removed,fully acoustic procedure
Hmx3,ESLIM_011_001,Acoustic Startle&PPI,decreased prepulse inhibition,removed,fully acoustic procedure
Mllt10,IMPC_ABR_002,Auditory Brain Stem Response,abnormal auditory brainstem response,removed,fully acoustic procedure
Emilin2,IMPC_CSD_001,Combined SHIRPA and Dysmorphology,abnormal vocalization,kept,non-acoustic MP term from mixed procedure
Spred1,IMPC_CSD_003,Combined SHIRPA and Dysmorphology,abnormal head morphology,kept,non-acoustic MP term from mixed procedure
Mmaa,JAXLA_CSD_003,Combined SHIRPA and Dysmorphology,limb grasping,kept,non-acoustic MP term from mixed procedure
Gde1,IMPC_CSD_002,Combined SHIRPA and Dysmorphology,abnormal behavior,kept,non-acoustic MP term from mixed procedure
Baiap2l2,IMPC_ABR_002,Auditory Brain Stem Response,abnormal auditory brainstem response,removed,fully acoustic procedure
Knop1,IMPC_CSD_003,Combined SHIRPA and Dysmorphology,tremors,kept,non-acoustic MP term from mixed procedure
Otogl,JAXLA_CSD_003,Combined SHIRPA and Dysmorphology,abnormal coat/ hair morphology,kept,non-acoustic MP term from mixed procedure
Clrn2,IMPC_ABR_002,Auditory Brain Stem Response,abnormal auditory brainstem response,removed,fully acoustic procedure
Adgrv1,IMPC_ABR_002,Auditory Brain Stem Response,abnormal auditory brainstem response,removed,fully acoustic procedure
Scamp2,IMPC_ABR_002,Auditory Brain Stem Response,abnormal auditory brainstem response,removed,fully acoustic procedure
Fcrla,IMPC_CSD_003,Combined SHIRPA and Dysmorphology,abnormal coat/hair pigmentation,kept,non-acoustic MP term from mixed procedure
Ppp2r5e,IMPC_ABR_002,Auditory Brain Stem Response,abnormal auditory brainstem response,removed,fully acoustic procedure
Ftl1,RBRCLA_CSD_003,Combined SHIRPA and Dysmorphology,abnormal tooth morphology,kept,non-acoustic MP term from mixed procedure
Xkr5,IMPC_ACS_003,Acoustic Startle and Pre-pulse Inhibition (PPI),decreased prepulse inhibition,removed,fully acoustic procedure
Fgf11,ESLIM_008_001,Modified SHIRPA,abnormal defecation,kept,non-acoustic MP term from mixed procedure
Zfp629,IMPC_ACS_003,Acoustic Startle and Pre-pulse Inhibition (PPI),increased startle reflex,removed,fully acoustic procedure
Slc44a1,IMPC_ACS_003,Acoustic Startle and Pre-pulse Inhibition (PPI),decreased prepulse inhibition,removed,fully acoustic procedure
Zscan21,IMPC_CSD_003,Combined SHIRPA and Dysmorphology,abnormal skin coloration,kept,non-acoustic MP term from mixed procedure
Nek2,IMPC_ABR_002,Auditory Brain Stem Response,abnormal auditory brainstem response,removed,fully acoustic procedure
Tomm40,IMPC_CSD_001,Combined SHIRPA and Dysmorphology,abnormal startle reflex,removed,acoustic MP term from mixed procedure
Irgm2,JAXLA_CSD_003,Combined SHIRPA and Dysmorphology,absent vibrissae,kept,non-acoustic MP term from mixed procedure
Abcg8,IMPC_CSD_003,Combined SHIRPA and Dysmorphology,impaired righting response,kept,non-acoustic MP term from mixed procedure
Ky,IMPC_CSD_003,Combined SHIRPA and Dysmorphology,abnormal behavior,kept,non-acoustic MP term from mixed procedure
Dhrs7,IMPC_ABR_002,Auditory Brain Stem Response,abnormal auditory brainstem response,removed,fully acoustic procedure
Arvcf,ESLIM_008_001,Modified SHIRPA,abnormal gait,kept,non-acoustic MP term from mixed procedure
Pramel17,IMPC_CSD_003,Combined SHIRPA and Dysmorphology,abnormal tail morphology,kept,non-acoustic MP term from mixed procedure
Arvcf,ESLIM_011_001,Acoustic Startle&PPI,increased startle reflex,removed,fully acoustic procedure
Klhdc7b,IMPC_ABR_002,Auditory Brain Stem Response,abnormal auditory brainstem response,removed,fully acoustic procedure
Zfp719,MGP_CSD_001,Combined SHIRPA and Dysmorphology,absent pinna reflex,removed,acoustic MP term from mixed procedure
Tspyl1,IMPC_CSD_001,Combined SHIRPA and Dysmorphology,abnormal locomotor behavior,kept,non-acoustic MP term from mixed procedure
Slc52a2,IMPC_CSD_003,Combined SHIRPA and Dysmorphology,absent vibrissae,kept,non-acoustic MP term from mixed procedure
Cntnap5b,IMPC_ABR_002,Auditory Brain Stem Response,abnormal auditory brainstem response,removed,fully acoustic procedure
Ccnj,IMPC_ACS_003,Acoustic Startle and Pre-pulse Inhibition (PPI),increased startle reflex,removed,fully acoustic procedure
Sik3,MGP_CSD_001,Combined SHIRPA and Dysmorphology,abnormal tail morphology,kept,non-acoustic MP term from mixed procedure
Synj1,IMPC_CSD_003,Combined SHIRPA and Dysmorphology,tremors,kept,non-acoustic MP term from mixed procedure
Adnp2,IMPC_ACS_003,Acoustic Startle and Pre-pulse Inhibition (PPI),decreased prepulse inhibition,removed,fully acoustic procedure
Kcne1,IMPC_ABR_002,Auditory Brain Stem Response,abnormal auditory brainstem response,removed,fully acoustic procedure
Csnk1g2,IMPC_ABR_002,Auditory Brain Stem Response,abnormal auditory brainstem response,removed,fully acoustic procedure
Adam11,IMPC_CSD_003,Combined SHIRPA and Dysmorphology,abnormal locomotor behavior,kept,non-acoustic MP term from mixed procedure
Dnal4,IMPC_CSD_003,Combined SHIRPA and Dysmorphology,tremors,kept,non-acoustic MP term from mixed procedure
Cdh11,IMPC_CSD_003,Combined SHIRPA and Dysmorphology,abnormal snout morphology,kept,non-acoustic MP term from mixed procedure
Trim15,IMPC_CSD_003,Combined SHIRPA and Dysmorphology,abnormal vocalization,kept,non-acoustic MP term from mixed procedure
Tmco3,IMPC_ACS_003,Acoustic Startle and Pre-pulse Inhibition (PPI),increased startle reflex,removed,fully acoustic procedure
Baiap2l2,IMPC_ACS_003,Acoustic Startle and Pre-pulse Inhibition (PPI),decreased startle reflex,removed,fully acoustic procedure
Strbp,IMPC_CSD_002,Combined SHIRPA and Dysmorphology,abnormal behavior,kept,non-acoustic MP term from mixed procedure
Sirt4,IMPC_CSD_003,Combined SHIRPA and Dysmorphology,abnormal gait,kept,non-acoustic MP term from mixed procedure
Rnf217,IMPC_CSD_001,Combined SHIRPA and Dysmorphology,impaired righting response,kept,non-acoustic MP term from mixed procedure
Tmem175,KMPCLA_CSD_003,Combined SHIRPA and Dysmorphology,abnormal coat/hair pigmentation,kept,non-acoustic MP term from mixed procedure
St7,IMPC_CSD_001,Combined SHIRPA and Dysmorphology,abnormal coat/hair pigmentation,kept,non-acoustic MP term from mixed procedure
Ush1c,MGP_CSD_001,Combined SHIRPA and Dysmorphology,limb grasping,kept,non-acoustic MP term from mixed procedure
Gm12258,IMPC_ABR_002,Auditory Brain Stem Response,abnormal auditory brainstem response,removed,fully acoustic procedure
Rnf187,IMPC_ACS_003,Acoustic Startle and Pre-pulse Inhibition (PPI),increased startle reflex,removed,fully acoustic procedure
Zc3h4,IMPC_CSD_003,Combined SHIRPA and Dysmorphology,abnormal coat/hair pigmentation,kept,non-acoustic MP term from mixed procedure
Stac,IMPC_CSD_003,Combined SHIRPA and Dysmorphology,abnormal locomotor behavior,kept,non-acoustic MP term from mixed procedure
Fbxo33,IMPC_ABR_001,Auditory Brain Stem Response,abnormal auditory brainstem response,removed,fully acoustic procedure
Mier1,ESLIM_008_001,Modified SHIRPA,trunk curl,kept,non-acoustic MP term from mixed procedure
Ncor2,ESLIM_011_001,Acoustic Startle&PPI,increased startle reflex,removed,fully acoustic procedure
Entpd1,ESLIM_008_001,Modified SHIRPA,tremors,kept,non-acoustic MP term from mixed procedure
Pspc1,IMPC_CSD_003,Combined SHIRPA and Dysmorphology,decreased exploration in new environment,kept,non-acoustic MP term from mixed procedure
Colec12,IMPC_ACS_003,Acoustic Startle and Pre-pulse Inhibition (PPI),decreased prepulse inhibition,removed,fully acoustic procedure
Esyt1,IMPC_CSD_002,Combined SHIRPA and Dysmorphology,abnormal gait,kept,non-acoustic MP term from mixed procedure
Atpaf1,IMPC_CSD_003,Combined SHIRPA and Dysmorphology,increased exploration in new environment,kept,non-acoustic MP term from mixed procedure
Strbp,IMPC_CSD_002,Combined SHIRPA and Dysmorphology,abnormal locomotor behavior,kept,non-acoustic MP term from mixed procedure
Clrn1,IMPC_ABR_002,Auditory Brain Stem Response,abnormal auditory brainstem response,removed,fully acoustic procedure
Npy2r,IMPC_CSD_003,Combined SHIRPA and Dysmorphology,abnormal locomotor behavior,kept,non-acoustic MP term from mixed procedure
Nctc1,MGP_CSD_001,Combined SHIRPA and Dysmorphology,abnormal coat appearance,kept,non-acoustic MP term from mixed procedure
Arrb1,IMPC_ACS_003,Acoustic Startle and Pre-pulse Inhibition (PPI),decreased prepulse inhibition,removed,fully acoustic procedure
Sdc3,MGP_CSD_001,Combined SHIRPA and Dysmorphology,abnormal hair growth,kept,non-acoustic MP term from mixed procedure
Enpp1,IMPC_CSD_003,Combined SHIRPA and Dysmorphology,abnormal startle reflex,removed,acoustic MP term from mixed procedure
Kcnb1,IMPC_CSD_003,Combined SHIRPA and Dysmorphology,increased exploration in new environment,kept,non-acoustic MP term from mixed procedure
Tas2r131,IMPC_CSD_003,Combined SHIRPA and Dysmorphology,abnormal skin coloration,kept,non-acoustic MP term from mixed procedure
Immp2l,IMPC_ACS_003,Acoustic Startle and Pre-pulse Inhibition (PPI),decreased prepulse inhibition,removed,fully acoustic procedure
Atp7a,IMPC_CSD_001,Combined SHIRPA and Dysmorphology,abnormal coat/hair pigmentation,kept,non-acoustic MP term from mixed procedure
Adcy1,HRWLIP_CSD_003,Combined SHIRPA and Dysmorphology,abnormal coat/hair pigmentation,kept,non-acoustic MP term from mixed procedure
Areg,IMPC_CSD_003,Combined SHIRPA and Dysmorphology,decreased exploration in new environment,kept,non-acoustic MP term from mixed procedure
Lbr,IMPC_ACS_003,Acoustic Startle and Pre-pulse Inhibition (PPI),decreased prepulse inhibition,removed,fully acoustic procedure
Msl1,MGP_CSD_001,Combined SHIRPA and Dysmorphology,absent pinna reflex,removed,acoustic MP term from mixed procedure
Maml2,IMPC_ACS_003,Acoustic Startle and Pre-pulse Inhibition (PPI),decreased prepulse inhibition,removed,fully acoustic procedure
Mir96,MGP_CSD_001,Combined SHIRPA and Dysmorphology,absent pinna reflex,removed,acoustic MP term from mixed procedure
Bpifb6,IMPC_CSD_003,Combined SHIRPA and Dysmorphology,abnormal vibrissa morphology,kept,non-acoustic MP term from mixed procedure
Rell1,IMPC_ACS_003,Acoustic Startle and Pre-pulse Inhibition (PPI),increased startle reflex,removed,fully acoustic procedure
Mogat2,IMPC_ACS_003,Acoustic Startle and Pre-pulse Inhibition (PPI),decreased prepulse inhibition,removed,fully acoustic procedure
Tpm1,ESLIM_011_001,Acoustic Startle&PPI,increased startle reflex,removed,fully acoustic procedure
Fam83h,IMPC_CSD_003,Combined SHIRPA and Dysmorphology,abnormal coat/ hair morphology,kept,non-acoustic MP term from mixed procedure
Rhbdf2,MGP_CSD_001,Combined SHIRPA and Dysmorphology,abnormal coat appearance,kept,non-acoustic MP term from mixed procedure
Ephb4,IMPC_CSD_003,Combined SHIRPA and Dysmorphology,abnormal skin coloration,kept,non-acoustic MP term from mixed procedure
Ush1c,MGP_CSD_001,Combined SHIRPA and Dysmorphology,trunk curl,kept,non-acoustic MP term from mixed procedure
Grik4,IMPC_ACS_003,Acoustic Startle and Pre-pulse Inhibition (PPI),decreased prepulse inhibition,removed,fully acoustic procedure
Rnf10,IMPC_ACS_003,Acoustic Startle and Pre-pulse Inhibition (PPI),decreased prepulse inhibition,removed,fully acoustic procedure
Gga1,IMPC_ABR_002,Auditory Brain Stem Response,abnormal auditory brainstem response,removed,fully acoustic procedure
Sec61g,IMPC_CSD_003,Combined SHIRPA and Dysmorphology,abnormal coat/ hair morphology,kept,non-acoustic MP term from mixed procedure
Arvcf,ESLIM_011_001,Acoustic Startle&PPI,increased startle reflex,removed,fully acoustic procedure
Carmil2,IMPC_CSD_003,Combined SHIRPA and Dysmorphology,abnormal coat/hair pigmentation,kept,non-acoustic MP term from mixed procedure
Tmprss6,IMPC_CSD_003,Combined SHIRPA and Dysmorphology,abnormal coat/ hair morphology,kept,non-acoustic MP term from mixed procedure
Atxn7l1,IMPC_CSD_003,Combined SHIRPA and Dysmorphology,abnormal locomotor behavior,kept,non-acoustic MP term from mixed procedure
Nsd3,IMPC_CSD_003,Combined SHIRPA and Dysmorphology,abnormal snout morphology,kept,non-acoustic MP term from mixed procedure
Grm7,IMPC_CSD_003,Combined SHIRPA and Dysmorphology,limb grasping,kept,non-acoustic MP term from mixed procedure
Rasa3,IMPC_CSD_001,Combined SHIRPA and Dysmorphology,decreased exploration in new environment,kept,non-acoustic MP term from mixed procedure
Otoa,IMPC_ABR_002,Auditory Brain Stem Response,abnormal auditory brainstem response,removed,fully acoustic procedure
Dhx9,IMPC_CSD_002,Combined SHIRPA and Dysmorphology,abnormal behavior,kept,non-acoustic MP term from mixed procedure
Srsf5,IMPC_CSD_001,Combined SHIRPA and Dysmorphology,abnormal vocalization,kept,non-acoustic MP term from mixed procedure
Pkia,IMPC_ACS_003,Acoustic Startle and Pre-pulse Inhibition (PPI),increased startle reflex,removed,fully acoustic procedure
Ajuba,IMPC_CSD_003,Combined SHIRPA and Dysmorphology,abnormal digit morphology,kept,non-acoustic MP term from mixed procedure
Kcna6,IMPC_CSD_001,Combined SHIRPA and Dysmorphology,increased exploration in new environment,kept,non-acoustic MP term from mixed procedure
Camsap3,MGP_CSD_001,Combined SHIRPA and Dysmorphology,trunk curl,kept,non-acoustic MP term from mixed procedure
Fezf2,IMPC_ACS_003,Acoustic Startle and Pre-pulse Inhibition (PPI),decreased prepulse inhibition,removed,fully acoustic procedure
Usp31,IMPC_ACS_003,Acoustic Startle and Pre-pulse Inhibition (PPI),increased prepulse inhibition,removed,fully acoustic procedure
Rabl2,IMPC_CSD_003,Combined SHIRPA and Dysmorphology,abnormal nail morphology,kept,non-acoustic MP term from mixed procedure
Zfp719,IMPC_ABR_001,Auditory Brain Stem Response,abnormal auditory brainstem response,removed,fully acoustic procedure
Senp7,IMPC_CSD_002,Combined SHIRPA and Dysmorphology,abnormal coat/hair pigmentation,kept,non-acoustic MP term from mixed procedure
Acadsb,JAXLA_CSD_003,Combined SHIRPA and Dysmorphology,abnormal coat/hair pigmentation,kept,non-acoustic MP term from mixed procedure
Hspd1,IMPC_CSD_001,Combined SHIRPA and Dysmorphology,abnormal coat/hair pigmentation,kept,non-acoustic MP term from mixed procedure
Rph3a,IMPC_CSD_002,Combined SHIRPA and Dysmorphology,abnormal digit morphology,kept,non-acoustic MP term from mixed procedure
Gpr173,IMPC_CSD_003,Combined SHIRPA and Dysmorphology,abnormal coat appearance,kept,non-acoustic MP term from mixed procedure
Fam20a,IMPC_CSD_003,Combined SHIRPA and Dysmorphology,abnormal tooth morphology,kept,non-acoustic MP term from mixed procedure
Mmd,IMPC_ACS_003,Acoustic Startle and Pre-pulse Inhibition (PPI),decreased prepulse inhibition,removed,fully acoustic procedure
Nlk,IMPC_ABR_002,Auditory Brain Stem Response,abnormal auditory brainstem response,removed,fully acoustic procedure
Cops4,ESLIM_011_001,Acoustic Startle&PPI,increased startle reflex,removed,fully acoustic procedure
Zmym2,IMPC_ACS_003,Acoustic Startle and Pre-pulse Inhibition (PPI),decreased prepulse inhibition,removed,fully acoustic procedure
Ndrg4,IMPC_CSD_003,Combined SHIRPA and Dysmorphology,limb grasping,kept,non-acoustic MP term from mixed procedure
Elmod1,IMPC_ACS_003,Acoustic Startle and Pre-pulse Inhibition (PPI),decreased prepulse inhibition,removed,fully acoustic procedure
Mat2a,ESLIM_011_001,Acoustic Startle&PPI,increased startle reflex,removed,fully acoustic procedure
Rbm6,IMPC_ACS_003,Acoustic Startle and Pre-pulse Inhibition (PPI),increased startle reflex,removed,fully acoustic procedure
Psg26,MGP_CSD_001,Combined SHIRPA and Dysmorphology,abnormal coat/hair pigmentation,kept,non-acoustic MP term from mixed procedure
Trp53,IMPC_ACS_003,Acoustic Startle and Pre-pulse Inhibition (PPI),increased startle reflex,removed,fully acoustic procedure
Mecom,ESLIM_011_001,Acoustic Startle&PPI,decreased prepulse inhibition,removed,fully acoustic procedure
Myo7a,ESLIM_008_001,Modified SHIRPA,abnormal locomotor activation,kept,non-acoustic MP term from mixed procedure
Dnase1l2,IMPC_CSD_003,Combined SHIRPA and Dysmorphology,abnormal digit morphology,kept,non-acoustic MP term from mixed procedure
Otogl,IMPC_ABR_002,Auditory Brain Stem Response,abnormal auditory brainstem response,removed,fully acoustic procedure
Tmem145,IMPC_ACS_003,Acoustic Startle and Pre-pulse Inhibition (PPI),decreased prepulse inhibition,removed,fully acoustic procedure
Arhgap21,IMPC_ABR_002,Auditory Brain Stem Response,abnormal auditory brainstem response,removed,fully acoustic procedure
Plscr5,IMPC_ABR_002,Auditory Brain Stem Response,abnormal auditory brainstem response,removed,fully acoustic procedure
Dagla,IMPC_ACS_003,Acoustic Startle and Pre-pulse Inhibition (PPI),increased startle reflex,removed,fully acoustic procedure
Tmem72,KMPCLA_CSD_003,Combined SHIRPA and Dysmorphology,abnormal coat/hair pigmentation,kept,non-acoustic MP term from mixed procedure
Mtmr6,IMPC_CSD_003,Combined SHIRPA and Dysmorphology,abnormal skin coloration,kept,non-acoustic MP term from mixed procedure
Tmco6,IMPC_ABR_002,Auditory Brain Stem Response,abnormal auditory brainstem response,removed,fully acoustic procedure
Ear6,IMPC_CSD_003,Combined SHIRPA and Dysmorphology,abnormal startle reflex,removed,acoustic MP term from mixed procedure
Myo6,IMPC_ACS_003,Acoustic Startle and Pre-pulse Inhibition (PPI),decreased prepulse inhibition,removed,fully acoustic procedure
Tmtc4,IMPC_ACS_003,Acoustic Startle and Pre-pulse Inhibition (PPI),decreased startle reflex,removed,fully acoustic procedure
Nsun2,M-G-P_008_001,Modified SHIRPA,abnormal gait,kept,non-acoustic MP term from mixed procedure
Vti1a,IMPC_CSD_003,Combined SHIRPA and Dysmorphology,limb grasping,kept,non-acoustic MP term from mixed procedure
Septin8,ESLIM_008_001,Modified SHIRPA,abnormal startle reflex,removed,acoustic MP term from mixed procedure
Fam91a1,IMPC_CSD_003,Combined SHIRPA and Dysmorphology,abnormal snout morphology,kept,non-acoustic MP term from mixed procedure
Erf,IMPC_CSD_003,Combined SHIRPA and Dysmorphology,abnormal snout morphology,kept,non-acoustic MP term from mixed procedure
Nrxn1,IMPC_CSD_003,Combined SHIRPA and Dysmorphology,tremors,kept,non-acoustic MP term from mixed procedure
Neurl4,IMPC_ACS_003,Acoustic Startle and Pre-pulse Inhibition (PPI),decreased prepulse inhibition,removed,fully acoustic procedure
Ncor2,ESLIM_008_001,Modified SHIRPA,abnormal tail movements,kept,non-acoustic MP term from mixed procedure
Myh1,IMPC_ACS_003,Acoustic Startle and Pre-pulse Inhibition (PPI),decreased prepulse inhibition,removed,fully acoustic procedure
Hif1an,IMPC_CSD_003,Combined SHIRPA and Dysmorphology,decreased exploration in new environment,kept,non-acoustic MP term from mixed procedure
Myo10,MGP_CSD_001,Combined SHIRPA and Dysmorphology,fused phalanges,kept,non-acoustic MP term from mixed procedure
Rab1a,IMPC_CSD_003,Combined SHIRPA and Dysmorphology,abnormal vibrissa morphology,kept,non-acoustic MP term from mixed procedure
Mllt6,IMPC_ACS_003,Acoustic Startle and Pre-pulse Inhibition (PPI),decreased prepulse inhibition,removed,fully acoustic procedure
Msi2,IMPC_CSD_003,Combined SHIRPA and Dysmorphology,abnormal gait,kept,non-acoustic MP term from mixed procedure
Hmx2,IMPC_ABR_002,Auditory Brain Stem Response,abnormal auditory brainstem response,removed,fully acoustic procedure
Pacs2,ESLIM_011_001,Acoustic Startle&PPI,increased startle reflex,removed,fully acoustic procedure
Saxo4,IMPC_CSD_003,Combined SHIRPA and Dysmorphology,abnormal coat/hair pigmentation,kept,non-acoustic MP term from mixed procedure
Mat2a,ESLIM_011_001,Acoustic Startle&PPI,decreased prepulse inhibition,removed,fully acoustic procedure
Atp13a3,IMPC_CSD_003,Combined SHIRPA and Dysmorphology,abnormal skin coloration,kept,non-acoustic MP term from mixed procedure
Rhbdf2,MGP_CSD_001,Combined SHIRPA and Dysmorphology,abnormal vibrissa morphology,kept,non-acoustic MP term from mixed procedure
Cdh23,MGP_CSD_001,Combined SHIRPA and Dysmorphology,stereotypic behavior,kept,non-acoustic MP term from mixed procedure
Gm12695,IMPC_CSD_001,Combined SHIRPA and Dysmorphology,abnormal vocalization,kept,non-acoustic MP term from mixed procedure
Mecom,ESLIM_008_001,Modified SHIRPA,abnormal locomotor activation,kept,non-acoustic MP term from mixed procedure
Cib2,IMPC_ACS_003,Acoustic Startle and Pre-pulse Inhibition (PPI),decreased prepulse inhibition,removed,fully acoustic procedure
Mstn,IMPC_CSD_002,Combined SHIRPA and Dysmorphology,abnormal gait,kept,non-acoustic MP term from mixed procedure
Frmd5,ESLIM_011_001,Acoustic Startle&PPI,increased startle reflex,removed,fully acoustic procedure
Mtarc2,ESLIM_011_001,Acoustic Startle&PPI,increased startle reflex,removed,fully acoustic procedure
Cfap161,IMPC_CSD_003,Combined SHIRPA and Dysmorphology,abnormal mouth morphology,kept,non-acoustic MP term from mixed procedure
Micu1,IMPC_CSD_003,Combined SHIRPA and Dysmorphology,abnormal snout morphology,kept,non-acoustic MP term from mixed procedure
Atp6v1c1,IMPC_ACS_003,Acoustic Startle and Pre-pulse Inhibition (PPI),decreased prepulse inhibition,removed,fully acoustic procedure
Wbp1l,IMPC_ACS_003,Acoustic Startle and Pre-pulse Inhibition (PPI),decreased prepulse inhibition,removed,fully acoustic procedure
Kansl1,IMPC_CSD_003,Combined SHIRPA and Dysmorphology,abnormal coat/hair pigmentation,kept,non-acoustic MP term from mixed procedure
Dqx1,IMPC_ACS_003,Acoustic Startle and Pre-pulse Inhibition (PPI),decreased prepulse inhibition,removed,fully acoustic procedure
Eif4a2,IMPC_CSD_003,Combined SHIRPA and Dysmorphology,trunk curl,kept,non-acoustic MP term from mixed procedure
Zbtb16,IMPC_CSD_003,Combined SHIRPA and Dysmorphology,abnormal hindlimb morphology,kept,non-acoustic MP term from mixed procedure
Hoxc13,IMPC_CSD_003,Combined SHIRPA and Dysmorphology,abnormal coat appearance,kept,non-acoustic MP term from mixed procedure
Wnt10a,IMPC_CSD_003,Combined SHIRPA and Dysmorphology,abnormal coat/ hair morphology,kept,non-acoustic MP term from mixed procedure
Patl1,IMPC_ACS_003,Acoustic Startle and Pre-pulse Inhibition (PPI),decreased prepulse inhibition,removed,fully acoustic procedure
Wnt3a,IMPC_CSD_003,Combined SHIRPA and Dysmorphology,abnormal coat/ hair morphology,kept,non-acoustic MP term from mixed procedure
Trib1,IMPC_CSD_003,Combined SHIRPA and Dysmorphology,abnormal coat appearance,kept,non-acoustic MP term from mixed procedure
Adamtsl4,JAXLA_CSD_003,Combined SHIRPA and Dysmorphology,abnormal vibrissa morphology,kept,non-acoustic MP term from mixed procedure
Ftl1,IMPC_CSD_003,Combined SHIRPA and Dysmorphology,abnormal behavior,kept,non-acoustic MP term from mixed procedure
Ino80,IMPC_CSD_003,Combined SHIRPA and Dysmorphology,abnormal vocalization,kept,non-acoustic MP term from mixed procedure
Bloc1s6,IMPC_CSD_003,Combined SHIRPA and Dysmorphology,abnormal coat/hair pigmentation,kept,non-acoustic MP term from mixed procedure
Cyp4f14,IMPC_CSD_002,Combined SHIRPA and Dysmorphology,abnormal coat/hair pigmentation,kept,non-acoustic MP term from mixed procedure
Mms22l,M-G-P_008_001,Modified SHIRPA,absent pinna reflex,removed,acoustic MP term from mixed procedure
Vwa5a,JAXLA_CSD_003,Combined SHIRPA and Dysmorphology,abnormal vibrissa morphology,kept,non-acoustic MP term from mixed procedure
Bzw1,IMPC_ABR_002,Auditory Brain Stem Response,abnormal auditory brainstem response,removed,fully acoustic procedure
Fbxo30,IMPC_ACS_003,Acoustic Startle and Pre-pulse Inhibition (PPI),increased prepulse inhibition,removed,fully acoustic procedure
Eif4b,IMPC_CSD_003,Combined SHIRPA and Dysmorphology,abnormal locomotor behavior,kept,non-acoustic MP term from mixed procedure
Tmem51,HRWLIP_CSD_003,Combined SHIRPA and Dysmorphology,abnormal startle reflex,removed,acoustic MP term from mixed procedure
Clic5,IMPC_CSD_003,Combined SHIRPA and Dysmorphology,head bobbing,kept,non-acoustic MP term from mixed procedure
Ltbp3,IMPC_ACS_003,Acoustic Startle and Pre-pulse Inhibition (PPI),decreased prepulse inhibition,removed,fully acoustic procedure
Ifi44,IMPC_ACS_003,Acoustic Startle and Pre-pulse Inhibition (PPI),decreased prepulse inhibition,removed,fully acoustic procedure
Mysm1,ESLIM_008_001,Modified SHIRPA,tremors,kept,non-acoustic MP term from mixed procedure
Dyrk1b,IMPC_ABR_002,Auditory Brain Stem Response,abnormal auditory brainstem response,removed,fully acoustic procedure
Prpf6,IMPC_CSD_001,Combined SHIRPA and Dysmorphology,impaired righting response,kept,non-acoustic MP term from mixed procedure
Dcp2,IMPC_CSD_003,Combined SHIRPA and Dysmorphology,abnormal coat/hair pigmentation,kept,non-acoustic MP term from mixed procedure
Atf7,IMPC_ACS_003,Acoustic Startle and Pre-pulse Inhibition (PPI),decreased prepulse inhibition,removed,fully acoustic procedure
Tulp3,ESLIM_008_001,Modified SHIRPA,abnormal response to new environment,kept,non-acoustic MP term from mixed procedure
Npr2,IMPC_CSD_003,Combined SHIRPA and Dysmorphology,abnormal forelimb morphology,kept,non-acoustic MP term from mixed procedure
Tatdn1,IMPC_CSD_002,Combined SHIRPA and Dysmorphology,abnormal locomotor behavior,kept,non-acoustic MP term from mixed procedure
Ier3ip1,IMPC_CSD_001,Combined SHIRPA and Dysmorphology,abnormal vocalization,kept,non-acoustic MP term from mixed procedure
Smarcad1,IMPC_CSD_003,Combined SHIRPA and Dysmorphology,abnormal coat appearance,kept,non-acoustic MP term from mixed procedure
Adgrv1,IMPC_ACS_003,Acoustic Startle and Pre-pulse Inhibition (PPI),decreased prepulse inhibition,removed,fully acoustic procedure
Aak1,IMPC_ACS_003,Acoustic Startle and Pre-pulse Inhibition (PPI),increased prepulse inhibition,removed,fully acoustic procedure
Clrn2,IMPC_ACS_003,Acoustic Startle and Pre-pulse Inhibition (PPI),decreased startle reflex,removed,fully acoustic procedure
Spart,IMPC_CSD_002,Combined SHIRPA and Dysmorphology,decreased exploration in new environment,kept,non-acoustic MP term from mixed procedure
Rpl7l1,IMPC_CSD_003,Combined SHIRPA and Dysmorphology,abnormal coat/ hair morphology,kept,non-acoustic MP term from mixed procedure
Sprr1a,JAXLA_CSD_003,Combined SHIRPA and Dysmorphology,abnormal startle reflex,removed,acoustic MP term from mixed procedure
Yeats2,JAXLA_CSD_003,Combined SHIRPA and Dysmorphology,limb grasping,kept,non-acoustic MP term from mixed procedure
Gpr150,IMPC_CSD_001,Combined SHIRPA and Dysmorphology,abnormal vibrissa morphology,kept,non-acoustic MP term from mixed procedure
Mmp15,IMPC_CSD_003,Combined SHIRPA and Dysmorphology,abnormal skin coloration,kept,non-acoustic MP term from mixed procedure
Zfp706,JAXLA_CSD_003,Combined SHIRPA and Dysmorphology,impaired righting response,kept,non-acoustic MP term from mixed procedure
Myo6,IMPC_CSD_003,Combined SHIRPA and Dysmorphology,abnormal behavior,kept,non-acoustic MP term from mixed procedure
Jade2,IMPC_ACS_003,Acoustic Startle and Pre-pulse Inhibition (PPI),decreased prepulse inhibition,removed,fully acoustic procedure
Zc3h11a,UCDLA_CSD_003,Combined SHIRPA and Dysmorphology,abnormal coat/hair pigmentation,kept,non-acoustic MP term from mixed procedure
Idh3b,JAXLA_CSD_003,Combined SHIRPA and Dysmorphology,impaired righting response,kept,non-acoustic MP term from mixed procedure
Asap3,IMPC_CSD_001,Combined SHIRPA and Dysmorphology,abnormal coat/hair pigmentation,kept,non-acoustic MP term from mixed procedure
Lyst,IMPC_CSD_003,Combined SHIRPA and Dysmorphology,abnormal coat/hair pigmentation,kept,non-acoustic MP term from mixed procedure
Ap4e1,IMPC_ACS_003,Acoustic Startle and Pre-pulse Inhibition (PPI),increased startle reflex,removed,fully acoustic procedure
Gcdh,IMPC_CSD_003,Combined SHIRPA and Dysmorphology,abnormal coat appearance,kept,non-acoustic MP term from mixed procedure
Mcub,IMPC_CSD_003,Combined SHIRPA and Dysmorphology,absent vibrissae,kept,non-acoustic MP term from mixed procedure
Notch3,IMPC_ACS_003,Acoustic Startle and Pre-pulse Inhibition (PPI),decreased prepulse inhibition,removed,fully acoustic procedure
Strbp,IMPC_ACS_003,Acoustic Startle and Pre-pulse Inhibition (PPI),decreased startle reflex,removed,fully acoustic procedure
Otog,IMPC_ABR_002,Auditory Brain Stem Response,abnormal auditory brainstem response,removed,fully acoustic procedure
Slc24a5,IMPC_ACS_003,Acoustic Startle and Pre-pulse Inhibition (PPI),decreased prepulse inhibition,removed,fully acoustic procedure
Ndufs3,ESLIM_011_001,Acoustic Startle&PPI,increased startle reflex,removed,fully acoustic procedure
Spns2,M-G-P_008_001,Modified SHIRPA,excessive tearing,kept,non-acoustic MP term from mixed procedure
Ppy,IMPC_ACS_003,Acoustic Startle and Pre-pulse Inhibition (PPI),increased startle reflex,removed,fully acoustic procedure
Tprn,IMPC_ABR_002,Auditory Brain Stem Response,abnormal auditory brainstem response,removed,fully acoustic procedure
Lpgat1,JAXLA_CSD_003,Combined SHIRPA and Dysmorphology,limb grasping,kept,non-acoustic MP term from mixed procedure
Rtn4,IMPC_CSD_002,Combined SHIRPA and Dysmorphology,abnormal startle reflex,removed,acoustic MP term from mixed procedure
Myo6,IMPC_ACS_003,Acoustic Startle and Pre-pulse Inhibition (PPI),decreased prepulse inhibition,removed,fully acoustic procedure
Kcne1,IMPC_CSD_003,Combined SHIRPA and Dysmorphology,impaired righting response,kept,non-acoustic MP term from mixed procedure
Arv1,IMPC_ABR_002,Auditory Brain Stem Response,abnormal auditory brainstem response,removed,fully acoustic procedure
Cobll1,IMPC_CSD_003,Combined SHIRPA and Dysmorphology,abnormal vocalization,kept,non-acoustic MP term from mixed procedure
Rtbdn,MGP_CSD_001,Combined SHIRPA and Dysmorphology,abnormal hair growth,kept,non-acoustic MP term from mixed procedure
Camk2b,IMPC_ACS_003,Acoustic Startle and Pre-pulse Inhibition (PPI),decreased prepulse inhibition,removed,fully acoustic procedure
Fbxo11,ESLIM_008_001,Modified SHIRPA,abnormal defecation,kept,non-acoustic MP term from mixed procedure
Nhs,IMPC_ACS_003,Acoustic Startle and Pre-pulse Inhibition (PPI),increased startle reflex,removed,fully acoustic procedure
Far2,IMPC_CSD_001,Combined SHIRPA and Dysmorphology,abnormal coat appearance,kept,non-acoustic MP term from mixed procedure
Pfdn1,IMPC_CSD_003,Combined SHIRPA and Dysmorphology,decreased exploration in new environment,kept,non-acoustic MP term from mixed procedure
Adamtsl4,JAXLA_CSD_003,Combined SHIRPA and Dysmorphology,abnormal vibrissa morphology,kept,non-acoustic MP term from mixed procedure
Nfya,ESLIM_008_001,Modified SHIRPA,abnormal startle reflex,removed,acoustic MP term from mixed procedure
Gbx1,IMPC_CSD_003,Combined SHIRPA and Dysmorphology,decreased exploration in new environment,kept,non-acoustic MP term from mixed procedure
Slc17a8,IMPC_ACS_003,Acoustic Startle and Pre-pulse Inhibition (PPI),decreased prepulse inhibition,removed,fully acoustic procedure
Kcne1,IMPC_ACS_003,Acoustic Startle and Pre-pulse Inhibition (PPI),decreased prepulse inhibition,removed,fully acoustic procedure
Secisbp2l,IMPC_CSD_003,Combined SHIRPA and Dysmorphology,increased aggression,kept,non-acoustic MP term from mixed procedure
Carmil2,IMPC_CSD_003,Combined SHIRPA and Dysmorphology,abnormal coat/hair pigmentation,kept,non-acoustic MP term from mixed procedure
Nek2,IMPC_ABR_002,Auditory Brain Stem Response,abnormal auditory brainstem response,removed,fully acoustic procedure
Dnaja4,IMPC_ACS_003,Acoustic Startle and Pre-pulse Inhibition (PPI),decreased startle reflex,removed,fully acoustic procedure
Exoc3l2,MGP_CSD_001,Combined SHIRPA and Dysmorphology,abnormal snout morphology,kept,non-acoustic MP term from mixed procedure
Aldh4a1,IMPC_CSD_003,Combined SHIRPA and Dysmorphology,abnormal locomotor behavior,kept,non-acoustic MP term from mixed procedure
Gsto1,JAXLA_CSD_003,Combined SHIRPA and Dysmorphology,abnormal coat/hair pigmentation,kept,non-acoustic MP term from mixed procedure
Nr6a1,ESLIM_011_001,Acoustic Startle&PPI,increased startle reflex,removed,fully acoustic procedure
Tmem145,IMPC_ABR_002,Auditory Brain Stem Response,abnormal auditory brainstem response,removed,fully acoustic procedure
Blvrb,IMPC_ABR_002,Auditory Brain Stem Response,abnormal auditory brainstem response,removed,fully acoustic procedure
Rab15,MGP_CSD_001,Combined SHIRPA and Dysmorphology,limb grasping,kept,non-acoustic MP term from mixed procedure
Vcpkmt,IMPC_CSD_003,Combined SHIRPA and Dysmorphology,abnormal coat appearance,kept,non-acoustic MP term from mixed procedure
Zmat4,IMPC_ABR_002,Auditory Brain Stem Response,abnormal auditory brainstem response,removed,fully acoustic procedure
Lbr,IMPC_CSD_003,Combined SHIRPA and Dysmorphology,abnormal coat/ hair morphology,kept,non-acoustic MP term from mixed procedure
Tmem30b,IMPC_ABR_002,Auditory Brain Stem Response,abnormal auditory brainstem response,removed,fully acoustic procedure
Fa2h,IMPC_CSD_003,Combined SHIRPA and Dysmorphology,abnormal coat/ hair morphology,kept,non-acoustic MP term from mixed procedure
Safb2,IMPC_CSD_001,Combined SHIRPA and Dysmorphology,abnormal coat/hair pigmentation,kept,non-acoustic MP term from mixed procedure
Afg1l,KMPCIP_CSD_003,Combined SHIRPA and Dysmorphology,abnormal coat/hair pigmentation,kept,non-acoustic MP term from mixed procedure
Usp30,IMPC_ABR_002,Auditory Brain Stem Response,abnormal auditory brainstem response,removed,fully acoustic procedure
Twist1,RBRCLA_CSD_003,Combined SHIRPA and Dysmorphology,abnormal autopod morphology,kept,non-acoustic MP term from mixed procedure
Tmem108,IMPC_CSD_003,Combined SHIRPA and Dysmorphology,limb grasping,kept,non-acoustic MP term from mixed procedure
Pcdhgb1,IMPC_CSD_001,Combined SHIRPA and Dysmorphology,abnormal locomotor behavior,kept,non-acoustic MP term from mixed procedure
Dnajc14,IMPC_ABR_002,Auditory Brain Stem Response,abnormal auditory brainstem response,removed,fully acoustic procedure
Slc5a5,JAXLA_CSD_003,Combined SHIRPA and Dysmorphology,abnormal coat appearance,kept,non-acoustic MP term from mixed procedure
Eprs1,IMPC_ACS_003,Acoustic Startle and Pre-pulse Inhibition (PPI),decreased prepulse inhibition,removed,fully acoustic procedure
Hyls1,IMPC_ACS_003,Acoustic Startle and Pre-pulse Inhibition (PPI),decreased prepulse inhibition,removed,fully acoustic procedure
Ppara,IMPC_CSD_003,Combined SHIRPA and Dysmorphology,abnormal coat appearance,kept,non-acoustic MP term from mixed procedure
Map7,IMPC_ABR_002,Auditory Brain Stem Response,abnormal auditory brainstem response,removed,fully acoustic procedure
Gpr152,IMPC_ABR_001,Auditory Brain Stem Response,abnormal auditory brainstem response,removed,fully acoustic procedure
Pcm1,IMPC_ACS_003,Acoustic Startle and Pre-pulse Inhibition (PPI),increased startle reflex,removed,fully acoustic procedure
Mmp11,IMPC_CSD_003,Combined SHIRPA and Dysmorphology,abnormal skin coloration,kept,non-acoustic MP term from mixed procedure
Plxnb2,ESLIM_008_001,Modified SHIRPA,abnormal urination,kept,non-acoustic MP term from mixed procedure
Cib2,IMPC_CSD_003,Combined SHIRPA and Dysmorphology,abnormal startle reflex,removed,acoustic MP term from mixed procedure
Tmem183a,ESLIM_008_001,Modified SHIRPA,abnormal startle reflex,removed,acoustic MP term from mixed procedure
Twist1,IMPC_CSD_003,Combined SHIRPA and Dysmorphology,abnormal digit morphology,kept,non-acoustic MP term from mixed procedure
Mreg,KMPCLA_ACS_003,Acoustic Startle and Pre-pulse Inhibition (PPI),decreased prepulse inhibition,removed,fully acoustic procedure
Hook3,IMPC_ACS_003,Acoustic Startle and Pre-pulse Inhibition (PPI),decreased prepulse inhibition,removed,fully acoustic procedure
Cttn,IMPC_CSD_003,Combined SHIRPA and Dysmorphology,tremors,kept,non-acoustic MP term from mixed procedure
Nek9,MGP_CSD_001,Combined SHIRPA and Dysmorphology,abnormal skin appearance,kept,non-acoustic MP term from mixed procedure
Ddx59,IMPC_CSD_001,Combined SHIRPA and Dysmorphology,abnormal coat/hair pigmentation,kept,non-acoustic MP term from mixed procedure
Foxj3,IMPC_CSD_003,Combined SHIRPA and Dysmorphology,abnormal coat appearance,kept,non-acoustic MP term from mixed procedure
Slc24a4,IMPC_ACS_003,Acoustic Startle and Pre-pulse Inhibition (PPI),decreased prepulse inhibition,removed,fully acoustic procedure
Hps5,IMPC_CSD_001,Combined SHIRPA and Dysmorphology,abnormal coat/hair pigmentation,kept,non-acoustic MP term from mixed procedure
Foxj3,IMPC_CSD_003,Combined SHIRPA and Dysmorphology,abnormal skin coloration,kept,non-acoustic MP term from mixed procedure
Hoxc13,IMPC_CSD_003,Combined SHIRPA and Dysmorphology,abnormal coat/ hair morphology,kept,non-acoustic MP term from mixed procedure
Psd3,IMPC_CSD_003,Combined SHIRPA and Dysmorphology,tremors,kept,non-acoustic MP term from mixed procedure
Actl6b,IMPC_ABR_002,Auditory Brain Stem Response,abnormal auditory brainstem response,removed,fully acoustic procedure
Zbtb12,IMPC_ACS_003,Acoustic Startle and Pre-pulse Inhibition (PPI),increased startle reflex,removed,fully acoustic procedure
Krt71,IMPC_CSD_003,Combined SHIRPA and Dysmorphology,abnormal coat appearance,kept,non-acoustic MP term from mixed procedure
Abce1,IMPC_ACS_003,Acoustic Startle and Pre-pulse Inhibition (PPI),decreased prepulse inhibition,removed,fully acoustic procedure
Tmem175,KMPCLA_CSD_003,Combined SHIRPA and Dysmorphology,abnormal coat/hair pigmentation,kept,non-acoustic MP term from mixed procedure
Arl2bp,IMPC_CSD_001,Combined SHIRPA and Dysmorphology,abnormal snout morphology,kept,non-acoustic MP term from mixed procedure
Baiap2l2,IMPC_ABR_002,Auditory Brain Stem Response,abnormal auditory brainstem response,removed,fully acoustic procedure
Gabra2,HRWLIP_CSD_003,Combined SHIRPA and Dysmorphology,limb grasping,kept,non-acoustic MP term from mixed procedure
Palm3,IMPC_ACS_003,Acoustic Startle and Pre-pulse Inhibition (PPI),decreased prepulse inhibition,removed,fully acoustic procedure
Rell1,IMPC_ABR_002,Auditory Brain Stem Response,abnormal auditory brainstem response,removed,fully acoustic procedure
Kcnj3,IMPC_CSD_003,Combined SHIRPA and Dysmorphology,limb grasping,kept,non-acoustic MP term from mixed procedure
Dnase1l2,IMPC_CSD_002,Combined SHIRPA and Dysmorphology,abnormal digit morphology,kept,non-acoustic MP term from mixed procedure
Hnrnpc,IMPC_CSD_003,Combined SHIRPA and Dysmorphology,increased exploration in new environment,kept,non-acoustic MP term from mixed procedure
Pgc,IMPC_ACS_003,Acoustic Startle and Pre-pulse Inhibition (PPI),decreased prepulse inhibition,removed,fully acoustic procedure
Cyp7a1,IMPC_ACS_003,Acoustic Startle and Pre-pulse Inhibition (PPI),increased startle reflex,removed,fully acoustic procedure
Bap1,IMPC_ABR_002,Auditory Brain Stem Response,abnormal auditory brainstem response,removed,fully acoustic procedure
Ubl4b,IMPC_ACS_003,Acoustic Startle and Pre-pulse Inhibition (PPI),increased prepulse inhibition,removed,fully acoustic procedure
Tubb4b,IMPC_CSD_001,Combined SHIRPA and Dysmorphology,abnormal coat appearance,kept,non-acoustic MP term from mixed procedure
Mrgprb2,TCPIP_CSD_003,Combined SHIRPA and Dysmorphology,decreased exploration in new environment,kept,non-acoustic MP term from mixed procedure
Myo3a,IMPC_ABR_002,Auditory Brain Stem Response,abnormal auditory brainstem response,removed,fully acoustic procedure
Lepr,IMPC_CSD_003,Combined SHIRPA and Dysmorphology,impaired righting response,kept,non-acoustic MP term from mixed procedure
Lama4,IMPC_CSD_003,Combined SHIRPA and Dysmorphology,abnormal coat/hair pigmentation,kept,non-acoustic MP term from mixed procedure
Nptn,IMPC_CSD_003,Combined SHIRPA and Dysmorphology,abnormal ear morphology,kept,non-acoustic MP term from mixed procedure
Prpsap2,ESLIM_011_001,Acoustic Startle&PPI,increased startle reflex,removed,fully acoustic procedure
Tmprss6,IMPC_CSD_003,Combined SHIRPA and Dysmorphology,abnormal coat/hair pigmentation,kept,non-acoustic MP term from mixed procedure
Igfbp7,IMPC_CSD_003,Combined SHIRPA and Dysmorphology,abnormal skin coloration,kept,non-acoustic MP term from mixed procedure
Gmppa,IMPC_ACS_003,Acoustic Startle and Pre-pulse Inhibition (PPI),decreased prepulse inhibition,removed,fully acoustic procedure
Daam2,MGP_CSD_001,Combined SHIRPA and Dysmorphology,abnormal snout morphology,kept,non-acoustic MP term from mixed procedure
Cpe,IMPC_ACS_003,Acoustic Startle and Pre-pulse Inhibition (PPI),increased startle reflex,removed,fully acoustic procedure
Laptm4a,IMPC_ACS_003,Acoustic Startle and Pre-pulse Inhibition (PPI),increased prepulse inhibition,removed,fully acoustic procedure
Cdh11,IMPC_CSD_003,Combined SHIRPA and Dysmorphology,abnormal head morphology,kept,non-acoustic MP term from mixed procedure
Tmc4,IMPC_CSD_001,Combined SHIRPA and Dysmorphology,increased aggression,kept,non-acoustic MP term from mixed procedure
Bloc1s5,IMPC_CSD_003,Combined SHIRPA and Dysmorphology,abnormal coat/hair pigmentation,kept,non-acoustic MP term from mixed procedure
Mir96,MGP_CSD_001,Combined SHIRPA and Dysmorphology,stereotypic behavior,kept,non-acoustic MP term from mixed procedure
Mecr,ESLIM_008_001,Modified SHIRPA,abnormal response to tactile stimuli,kept,non-acoustic MP term from mixed procedure
Triobp,IMPC_ABR_002,Auditory Brain Stem Response,abnormal auditory brainstem response,removed,fully acoustic procedure
Lamtor5,IMPC_CSD_003,Combined SHIRPA and Dysmorphology,abnormal skin coloration,kept,non-acoustic MP term from mixed procedure
Shh,ESLIM_011_001,Acoustic Startle&PPI,increased startle reflex,removed,fully acoustic procedure
Plod1,IMPC_ACS_003,Acoustic Startle and Pre-pulse Inhibition (PPI),decreased prepulse inhibition,removed,fully acoustic procedure
Snx29,IMPC_ABR_002,Auditory Brain Stem Response,abnormal auditory brainstem response,removed,fully acoustic procedure
Trmt2a,IMPC_ACS_003,Acoustic Startle and Pre-pulse Inhibition (PPI),increased startle reflex,removed,fully acoustic procedure
Cd300a,IMPC_CSD_003,Combined SHIRPA and Dysmorphology,abnormal gait,kept,non-acoustic MP term from mixed procedure
Rap2b,IMPC_CSD_003,Combined SHIRPA and Dysmorphology,abnormal coat/hair pigmentation,kept,non-acoustic MP term from mixed procedure
Atg4b,IMPC_CSD_003,Combined SHIRPA and Dysmorphology,abnormal tooth morphology,kept,non-acoustic MP term from mixed procedure
Rcc2,IMPC_CSD_003,Combined SHIRPA and Dysmorphology,abnormal coat/hair pigmentation,kept,non-acoustic MP term from mixed procedure
Zfp260,IMPC_ACS_003,Acoustic Startle and Pre-pulse Inhibition (PPI),decreased prepulse inhibition,removed,fully acoustic procedure
Vat1l,ESLIM_011_001,Acoustic Startle&PPI,increased startle reflex,removed,fully acoustic procedure
Dis3,IMPC_ACS_003,Acoustic Startle and Pre-pulse Inhibition (PPI),increased startle reflex,removed,fully acoustic procedure
Fndc4,IMPC_CSD_003,Combined SHIRPA and Dysmorphology,limb grasping,kept,non-acoustic MP term from mixed procedure
Ikzf2,IMPC_CSD_003,Combined SHIRPA and Dysmorphology,abnormal ear morphology,kept,non-acoustic MP term from mixed procedure
Marco,IMPC_CSD_002,Combined SHIRPA and Dysmorphology,abnormal gait,kept,non-acoustic MP term from mixed procedure
Tnfrsf11b,IMPC_ABR_002,Auditory Brain Stem Response,abnormal auditory brainstem response,removed,fully acoustic procedure
Fer1l4,HRWLIP_CSD_003,Combined SHIRPA and Dysmorphology,absent vibrissae,kept,non-acoustic MP term from mixed procedure
Gria1,IMPC_ACS_003,Acoustic Startle and Pre-pulse Inhibition (PPI),decreased startle reflex,removed,fully acoustic procedure
Tap2,IMPC_CSD_003,Combined SHIRPA and Dysmorphology,abnormal vibrissa morphology,kept,non-acoustic MP term from mixed procedure
Sema3f,IMPC_CSD_003,Combined SHIRPA and Dysmorphology,abnormal nail morphology,kept,non-acoustic MP term from mixed procedure
Eef1d,IMPC_ABR_002,Auditory Brain Stem Response,abnormal auditory brainstem response,removed,fully acoustic procedure
Zfp13,ESLIM_008_001,Modified SHIRPA,abnormal tail movements,kept,non-acoustic MP term from mixed procedure
Ctdsp1,IMPC_CSD_003,Combined SHIRPA and Dysmorphology,abnormal snout morphology,kept,non-acoustic MP term from mixed procedure
P3h1,IMPC_CSD_003,Combined SHIRPA and Dysmorphology,abnormal limb position,kept,non-acoustic MP term from mixed procedure
Trpv4,IMPC_CSD_003,Combined SHIRPA and Dysmorphology,abnormal coat/hair pigmentation,kept,non-acoustic MP term from mixed procedure
Peds1,MGP_CSD_001,Combined SHIRPA and Dysmorphology,absent pinna reflex,removed,acoustic MP term from mixed procedure
Slc24a4,IMPC_ACS_003,Acoustic Startle and Pre-pulse Inhibition (PPI),decreased prepulse inhibition,removed,fully acoustic procedure
Abca13,IMPC_ACS_003,Acoustic Startle and Pre-pulse Inhibition (PPI),decreased prepulse inhibition,removed,fully acoustic procedure
Cpap,M-G-P_008_001,Modified SHIRPA,abnormal tail movements,kept,non-acoustic MP term from mixed procedure
Ap2a1,IMPC_CSD_001,Combined SHIRPA and Dysmorphology,abnormal vocalization,kept,non-acoustic MP term from mixed procedure
Cckbr,IMPC_CSD_003,Combined SHIRPA and Dysmorphology,abnormal autopod morphology,kept,non-acoustic MP term from mixed procedure
Wbp2,M-G-P_008_001,Modified SHIRPA,absent pinna reflex,removed,acoustic MP term from mixed procedure
Abcb6,MGP_CSD_001,Combined SHIRPA and Dysmorphology,abnormal vibrissa morphology,kept,non-acoustic MP term from mixed procedure
Fgd5,IMPC_ACS_003,Acoustic Startle and Pre-pulse Inhibition (PPI),decreased prepulse inhibition,removed,fully acoustic procedure
Tuft1,MGP_CSD_001,Combined SHIRPA and Dysmorphology,abnormal coat appearance,kept,non-acoustic MP term from mixed procedure
Casp14,IMPC_CSD_003,Combined SHIRPA and Dysmorphology,abnormal skin coloration,kept,non-acoustic MP term from mixed procedure
Elmod1,ESLIM_011_001,Acoustic Startle&PPI,increased startle reflex,removed,fully acoustic procedure
Bbox1,IMPC_ACS_003,Acoustic Startle and Pre-pulse Inhibition (PPI),decreased prepulse inhibition,removed,fully acoustic procedure
Otog,IMPC_ABR_002,Auditory Brain Stem Response,abnormal auditory brainstem response,removed,fully acoustic procedure
Maf,IMPC_ACS_003,Acoustic Startle and Pre-pulse Inhibition (PPI),decreased prepulse inhibition,removed,fully acoustic procedure
Tuba8,JAXLA_CSD_003,Combined SHIRPA and Dysmorphology,abnormal gait,kept,non-acoustic MP term from mixed procedure
Aars1,IMPC_CSD_003,Combined SHIRPA and Dysmorphology,abnormal tail length,kept,non-acoustic MP term from mixed procedure
Popdc1,IMPC_CSD_003,Combined SHIRPA and Dysmorphology,abnormal vocalization,kept,non-acoustic MP term from mixed procedure
Mpzl2,IMPC_CSD_003,Combined SHIRPA and Dysmorphology,abnormal gait,kept,non-acoustic MP term from mixed procedure
Dbndd2,IMPC_ACS_003,Acoustic Startle and Pre-pulse Inhibition (PPI),decreased prepulse inhibition,removed,fully acoustic procedure
Npepps,IMPC_CSD_002,Combined SHIRPA and Dysmorphology,abnormal tooth morphology,kept,non-acoustic MP term from mixed procedure
Ctsa,IMPC_CSD_003,Combined SHIRPA and Dysmorphology,abnormal locomotor behavior,kept,non-acoustic MP term from mixed procedure
Fitm2,IMPC_ACS_003,Acoustic Startle and Pre-pulse Inhibition (PPI),decreased prepulse inhibition,removed,fully acoustic procedure
Mir96,MGP_CSD_001,Combined SHIRPA and Dysmorphology,stereotypic behavior,kept,non-acoustic MP term from mixed procedure
Rybp,IMPC_CSD_003,Combined SHIRPA and Dysmorphology,abnormal locomotor behavior,kept,non-acoustic MP term from mixed procedure
Bex2,IMPC_CSD_002,Combined SHIRPA and Dysmorphology,abnormal coat/hair pigmentation,kept,non-acoustic MP term from mixed procedure
Klhdc7b,IMPC_ACS_003,Acoustic Startle and Pre-pulse Inhibition (PPI),decreased prepulse inhibition,removed,fully acoustic procedure
Zfp219,IMPC_CSD_001,Combined SHIRPA and Dysmorphology,decreased exploration in new environment,kept,non-acoustic MP term from mixed procedure
Lyz3,IMPC_ACS_003,Acoustic Startle and Pre-pulse Inhibition (PPI),decreased prepulse inhibition,removed,fully acoustic procedure
Fbxo10,JAXLA_CSD_003,Combined SHIRPA and Dysmorphology,abnormal coat/ hair morphology,kept,non-acoustic MP term from mixed procedure
Hdgfl3,TCPLA_CSD_003,Combined SHIRPA and Dysmorphology,increased exploration in new environment,kept,non-acoustic MP term from mixed procedure
Nt5dc2,JAXLA_CSD_003,Combined SHIRPA and Dysmorphology,abnormal digit morphology,kept,non-acoustic MP term from mixed procedure
Fgf20,IMPC_CSD_003,Combined SHIRPA and Dysmorphology,abnormal autopod morphology,kept,non-acoustic MP term from mixed procedure
Homer2,IMPC_ABR_002,Auditory Brain Stem Response,abnormal auditory brainstem response,removed,fully acoustic procedure
Spock1,IMPC_ACS_003,Acoustic Startle and Pre-pulse Inhibition (PPI),decreased prepulse inhibition,removed,fully acoustic procedure
Rxylt1,JAXLA_CSD_001,Combined SHIRPA and Dysmorphology,abnormal coat/ hair morphology,kept,non-acoustic MP term from mixed procedure
Il2rb,IMPC_CSD_003,Combined SHIRPA and Dysmorphology,abnormal coat/ hair morphology,kept,non-acoustic MP term from mixed procedure
Fgf20,IMPC_CSD_003,Combined SHIRPA and Dysmorphology,abnormal hindlimb morphology,kept,non-acoustic MP term from mixed procedure
Ttc12,IMPC_CSD_003,Combined SHIRPA and Dysmorphology,abnormal vocalization,kept,non-acoustic MP term from mixed procedure
Spryd3,ESLIM_011_001,Acoustic Startle&PPI,increased startle reflex,removed,fully acoustic procedure
Elmod1,IMPC_CSD_003,Combined SHIRPA and Dysmorphology,abnormal locomotor behavior,kept,non-acoustic MP term from mixed procedure
Prss3b,IMPC_ACS_003,Acoustic Startle and Pre-pulse Inhibition (PPI),decreased prepulse inhibition,removed,fully acoustic procedure
Ssbp2,IMPC_ACS_003,Acoustic Startle and Pre-pulse Inhibition (PPI),increased startle reflex,removed,fully acoustic procedure
Wdr38,IMPC_CSD_003,Combined SHIRPA and Dysmorphology,tremors,kept,non-acoustic MP term from mixed procedure
Hdac7,IMPC_CSD_003,Combined SHIRPA and Dysmorphology,abnormal coat/hair pigmentation,kept,non-acoustic MP term from mixed procedure
Neurod2,IMPC_CSD_002,Combined SHIRPA and Dysmorphology,increased exploration in new environment,kept,non-acoustic MP term from mixed procedure
Mzb1,IMPC_CSD_003,Combined SHIRPA and Dysmorphology,abnormal male genitalia morphology,kept,non-acoustic MP term from mixed procedure
Agbl1,JAXLA_CSD_003,Combined SHIRPA and Dysmorphology,impaired righting response,kept,non-acoustic MP term from mixed procedure
Nedd4,IMPC_CSD_003,Combined SHIRPA and Dysmorphology,abnormal gait,kept,non-acoustic MP term from mixed procedure
Cep85l,IMPC_ACS_003,Acoustic Startle and Pre-pulse Inhibition (PPI),decreased prepulse inhibition,removed,fully acoustic procedure
Klk15,IMPC_ACS_003,Acoustic Startle and Pre-pulse Inhibition (PPI),decreased prepulse inhibition,removed,fully acoustic procedure
Vps26c,IMPC_CSD_003,Combined SHIRPA and Dysmorphology,abnormal locomotor behavior,kept,non-acoustic MP term from mixed procedure
Slc48a1,IMPC_CSD_003,Combined SHIRPA and Dysmorphology,limb grasping,kept,non-acoustic MP term from mixed procedure
Gabra2,IMPC_CSD_003,Combined SHIRPA and Dysmorphology,limb grasping,kept,non-acoustic MP term from mixed procedure
Ccl4,IMPC_CSD_003,Combined SHIRPA and Dysmorphology,abnormal forelimb morphology,kept,non-acoustic MP term from mixed procedure
Jakmip2,IMPC_ABR_002,Auditory Brain Stem Response,abnormal auditory brainstem response,removed,fully acoustic procedure
Zfp13,ESLIM_011_001,Acoustic Startle&PPI,increased startle reflex,removed,fully acoustic procedure
Hells,ESLIM_008_001,Modified SHIRPA,abnormal gait,kept,non-acoustic MP term from mixed procedure
Zdhhc11,IMPC_ABR_002,Auditory Brain Stem Response,abnormal auditory brainstem response,removed,fully acoustic procedure
U2af1,IMPC_CSD_003,Combined SHIRPA and Dysmorphology,abnormal coat/hair pigmentation,kept,non-acoustic MP term from mixed procedure
Plekhf2,IMPC_ABR_002,Auditory Brain Stem Response,abnormal auditory brainstem response,removed,fully acoustic procedure
Dcaf15,IMPC_CSD_003,Combined SHIRPA and Dysmorphology,abnormal coat/hair pigmentation,kept,non-acoustic MP term from mixed procedure
Zdhhc5,IMPC_ABR_002,Auditory Brain Stem Response,abnormal auditory brainstem response,removed,fully acoustic procedure
Gpc4,IMPC_CSD_001,Combined SHIRPA and Dysmorphology,abnormal snout morphology,kept,non-acoustic MP term from mixed procedure
Ppia,IMPC_ABR_002,Auditory Brain Stem Response,abnormal auditory brainstem response,removed,fully acoustic procedure
Prkd2,IMPC_ACS_003,Acoustic Startle and Pre-pulse Inhibition (PPI),decreased prepulse inhibition,removed,fully acoustic procedure
Pah,IMPC_CSD_003,Combined SHIRPA and Dysmorphology,abnormal coat/hair pigmentation,kept,non-acoustic MP term from mixed procedure
Mtpap,IMPC_CSD_003,Combined SHIRPA and Dysmorphology,abnormal locomotor behavior,kept,non-acoustic MP term from mixed procedure
Adgrb1,MGP_CSD_001,Combined SHIRPA and Dysmorphology,abnormal response to new environment,kept,non-acoustic MP term from mixed procedure
Sh3gl2,IMPC_CSD_003,Combined SHIRPA and Dysmorphology,decreased exploration in new environment,kept,non-acoustic MP term from mixed procedure
Col9a3,IMPC_ABR_002,Auditory Brain Stem Response,abnormal auditory brainstem response,removed,fully acoustic procedure
Tmprss6,IMPC_CSD_003,Combined SHIRPA and Dysmorphology,abnormal coat/ hair morphology,kept,non-acoustic MP term from mixed procedure
Duox2,IMPC_ACS_003,Acoustic Startle and Pre-pulse Inhibition (PPI),decreased prepulse inhibition,removed,fully acoustic procedure
Cramp1,IMPC_ACS_003,Acoustic Startle and Pre-pulse Inhibition (PPI),decreased prepulse inhibition,removed,fully acoustic procedure
Prkd2,IMPC_ACS_003,Acoustic Startle and Pre-pulse Inhibition (PPI),decreased startle reflex,removed,fully acoustic procedure
AU040320,JAXLA_CSD_003,Combined SHIRPA and Dysmorphology,limb grasping,kept,non-acoustic MP term from mixed procedure
Ttc28,IMPC_ACS_003,Acoustic Startle and Pre-pulse Inhibition (PPI),decreased prepulse inhibition,removed,fully acoustic procedure
Usp31,IMPC_ACS_003,Acoustic Startle and Pre-pulse Inhibition (PPI),decreased startle reflex,removed,fully acoustic procedure
Alg2,IMPC_CSD_003,Combined SHIRPA and Dysmorphology,impaired righting response,kept,non-acoustic MP term from mixed procedure
Ddx59,IMPC_CSD_001,Combined SHIRPA and Dysmorphology,abnormal coat/hair pigmentation,kept,non-acoustic MP term from mixed procedure
Slc4a10,IMPC_ABR_002,Auditory Brain Stem Response,abnormal auditory brainstem response,removed,fully acoustic procedure
Ifit3,IMPC_ACS_003,Acoustic Startle and Pre-pulse Inhibition (PPI),increased startle reflex,removed,fully acoustic procedure
Frrs1l,IMPC_CSD_003,Combined SHIRPA and Dysmorphology,abnormal gait,kept,non-acoustic MP term from mixed procedure
Plscr5,IMPC_ABR_002,Auditory Brain Stem Response,abnormal auditory brainstem response,removed,fully acoustic procedure
Adamts2,IMPC_CSD_003,Combined SHIRPA and Dysmorphology,abnormal skin morphology,kept,non-acoustic MP term from mixed procedure
Rln3,IMPC_CSD_002,Combined SHIRPA and Dysmorphology,abnormal coat/hair pigmentation,kept,non-acoustic MP term from mixed procedure
Tpk1,JAXLA_CSD_003,Combined SHIRPA and Dysmorphology,impaired righting response,kept,non-acoustic MP term from mixed procedure
Taco1,IMPC_CSD_001,Combined SHIRPA and Dysmorphology,abnormal skin morphology,kept,non-acoustic MP term from mixed procedure
Eps8l2,IMPC_CSD_003,Combined SHIRPA and Dysmorphology,abnormal ear morphology,kept,non-acoustic MP term from mixed procedure
Triobp,IMPC_ABR_002,Auditory Brain Stem Response,abnormal auditory brainstem response,removed,fully acoustic procedure
Fam53b,IMPC_ACS_003,Acoustic Startle and Pre-pulse Inhibition (PPI),decreased prepulse inhibition,removed,fully acoustic procedure
Trib1,IMPC_CSD_003,Combined SHIRPA and Dysmorphology,abnormal coat appearance,kept,non-acoustic MP term from mixed procedure
Tmem145,IMPC_ABR_002,Auditory Brain Stem Response,abnormal auditory brainstem response,removed,fully acoustic procedure
Lrrk1,IMPC_CSD_003,Combined SHIRPA and Dysmorphology,abnormal gait,kept,non-acoustic MP term from mixed procedure
Tuba8,JAXLA_CSD_003,Combined SHIRPA and Dysmorphology,abnormal coat/ hair morphology,kept,non-acoustic MP term from mixed procedure
Kmt2b,MGP_CSD_001,Combined SHIRPA and Dysmorphology,abnormal coat/hair pigmentation,kept,non-acoustic MP term from mixed procedure
Ccdc9b,IMPC_ACS_003,Acoustic Startle and Pre-pulse Inhibition (PPI),decreased prepulse inhibition,removed,fully acoustic procedure
Atp2b3,JAXLA_CSD_003,Combined SHIRPA and Dysmorphology,abnormal coat/hair pigmentation,kept,non-acoustic MP term from mixed procedure
Afg1l,KMPCLA_CSD_003,Combined SHIRPA and Dysmorphology,abnormal coat/hair pigmentation,kept,non-acoustic MP term from mixed procedure
Ifi44,IMPC_ACS_003,Acoustic Startle and Pre-pulse Inhibition (PPI),decreased prepulse inhibition,removed,fully acoustic procedure
Aars2,IMPC_CSD_002,Combined SHIRPA and Dysmorphology,abnormal vocalization,kept,non-acoustic MP term from mixed procedure
Ankdd1a,IMPC_ABR_002,Auditory Brain Stem Response,abnormal auditory brainstem response,removed,fully acoustic procedure
Clcn1,IMPC_CSD_003,Combined SHIRPA and Dysmorphology,abnormal gait,kept,non-acoustic MP term from mixed procedure
Shh,ESLIM_011_001,Acoustic Startle&PPI,increased startle reflex,removed,fully acoustic procedure
Npr2,IMPC_CSD_003,Combined SHIRPA and Dysmorphology,abnormal tail morphology,kept,non-acoustic MP term from mixed procedure
Rab26,IMPC_CSD_003,Combined SHIRPA and Dysmorphology,abnormal locomotor behavior,kept,non-acoustic MP term from mixed procedure
Sf3b3,IMPC_CSD_001,Combined SHIRPA and Dysmorphology,abnormal vocalization,kept,non-acoustic MP term from mixed procedure
Cth,IMPC_CSD_002,Combined SHIRPA and Dysmorphology,decreased exploration in new environment,kept,non-acoustic MP term from mixed procedure
Lbr,IMPC_ACS_003,Acoustic Startle and Pre-pulse Inhibition (PPI),decreased prepulse inhibition,removed,fully acoustic procedure
Hal,IMPC_CSD_003,Combined SHIRPA and Dysmorphology,abnormal gait,kept,non-acoustic MP term from mixed procedure
Mindy1,ESLIM_008_001,Modified SHIRPA,abnormal locomotor activation,kept,non-acoustic MP term from mixed procedure
Mir96,MGP_CSD_001,Combined SHIRPA and Dysmorphology,impaired righting response,kept,non-acoustic MP term from mixed procedure
Elmod1,ESLIM_008_001,Modified SHIRPA,tremors,kept,non-acoustic MP term from mixed procedure
Stx6,IMPC_CSD_003,Combined SHIRPA and Dysmorphology,abnormal gait,kept,non-acoustic MP term from mixed procedure
Cabp2,IMPC_ACS_003,Acoustic Startle and Pre-pulse Inhibition (PPI),decreased startle reflex,removed,fully acoustic procedure
Zfp719,IMPC_ABR_001,Auditory Brain Stem Response,abnormal auditory brainstem response,removed,fully acoustic procedure
Nedd4l,IMPC_ABR_002,Auditory Brain Stem Response,abnormal auditory brainstem response,removed,fully acoustic procedure
Tpm1,ESLIM_011_001,Acoustic Startle&PPI,increased prepulse inhibition,removed,fully acoustic procedure
Brd3,IMPC_CSD_003,Combined SHIRPA and Dysmorphology,abnormal coat/hair pigmentation,kept,non-acoustic MP term from mixed procedure
Cimip1,IMPC_CSD_002,Combined SHIRPA and Dysmorphology,abnormal locomotor behavior,kept,non-acoustic MP term from mixed procedure
Fam91a1,IMPC_CSD_003,Combined SHIRPA and Dysmorphology,abnormal locomotor behavior,kept,non-acoustic MP term from mixed procedure
Prss2,JAXLA_CSD_003,Combined SHIRPA and Dysmorphology,impaired righting response,kept,non-acoustic MP term from mixed procedure
Tpm1,ESLIM_011_001,Acoustic Startle&PPI,increased prepulse inhibition,removed,fully acoustic procedure
Eftud2,ICSLA_ACS_003,Acoustic Startle and Pre-pulse Inhibition (PPI),decreased startle reflex,removed,fully acoustic procedure
Rab28,IMPC_CSD_001,Combined SHIRPA and Dysmorphology,abnormal vocalization,kept,non-acoustic MP term from mixed procedure
Cnot6l,HMGULA_SHI_001,SHIRPA,tremors,kept,non-acoustic MP term from mixed procedure
Bola2,IMPC_CSD_002,Combined SHIRPA and Dysmorphology,abnormal coat/hair pigmentation,kept,non-acoustic MP term from mixed procedure
Prdm5,IMPC_ABR_002,Auditory Brain Stem Response,abnormal auditory brainstem response,removed,fully acoustic procedure
Rnf10,IMPC_ACS_003,Acoustic Startle and Pre-pulse Inhibition (PPI),decreased startle reflex,removed,fully acoustic procedure
Espnl,IMPC_ABR_002,Auditory Brain Stem Response,abnormal auditory brainstem response,removed,fully acoustic procedure
Spag7,IMPC_ACS_003,Acoustic Startle and Pre-pulse Inhibition (PPI),decreased prepulse inhibition,removed,fully acoustic procedure
Nmt1,IMPC_ACS_003,Acoustic Startle and Pre-pulse Inhibition (PPI),decreased prepulse inhibition,removed,fully acoustic procedure
Med12l,IMPC_CSD_001,Combined SHIRPA and Dysmorphology,abnormal locomotor behavior,kept,non-acoustic MP term from mixed procedure
Il2rb,IMPC_CSD_003,Combined SHIRPA and Dysmorphology,abnormal coat appearance,kept,non-acoustic MP term from mixed procedure
Muc5b,IMPC_ACS_003,Acoustic Startle and Pre-pulse Inhibition (PPI),decreased prepulse inhibition,removed,fully acoustic procedure
Slc24a3,KMPCIP_CSD_003,Combined SHIRPA and Dysmorphology,abnormal skin coloration,kept,non-acoustic MP term from mixed procedure
Klkb1,IMPC_ABR_002,Auditory Brain Stem Response,abnormal auditory brainstem response,removed,fully acoustic procedure
Ppp6c,IMPC_ABR_002,Auditory Brain Stem Response,abnormal auditory brainstem response,removed,fully acoustic procedure
Tmprss6,IMPC_ACS_003,Acoustic Startle and Pre-pulse Inhibition (PPI),decreased prepulse inhibition,removed,fully acoustic procedure
Marveld2,IMPC_CSD_003,Combined SHIRPA and Dysmorphology,abnormal startle reflex,removed,acoustic MP term from mixed procedure
Xkr5,IMPC_ACS_003,Acoustic Startle and Pre-pulse Inhibition (PPI),decreased prepulse inhibition,removed,fully acoustic procedure
Cyba,MGP_CSD_001,Combined SHIRPA and Dysmorphology,stereotypic behavior,kept,non-acoustic MP term from mixed procedure
Lmo1,IMPC_ACS_003,Acoustic Startle and Pre-pulse Inhibition (PPI),decreased prepulse inhibition,removed,fully acoustic procedure
Tpk1,JAXLA_CSD_003,Combined SHIRPA and Dysmorphology,limb grasping,kept,non-acoustic MP term from mixed procedure
Septin8,ESLIM_011_001,Acoustic Startle&PPI,decreased prepulse inhibition,removed,fully acoustic procedure
Dhx38,IMPC_CSD_001,Combined SHIRPA and Dysmorphology,abnormal vocalization,kept,non-acoustic MP term from mixed procedure
Gramd2b,JAXLA_CSD_003,Combined SHIRPA and Dysmorphology,abnormal coat/ hair morphology,kept,non-acoustic MP term from mixed procedure
C1qc,JAXLA_CSD_003,Combined SHIRPA and Dysmorphology,abnormal startle reflex,removed,acoustic MP term from mixed procedure
Susd6,IMPC_ACS_003,Acoustic Startle and Pre-pulse Inhibition (PPI),increased startle reflex,removed,fully acoustic procedure
Cyp17a1,IMPC_ABR_002,Auditory Brain Stem Response,abnormal auditory brainstem response,removed,fully acoustic procedure
Zbtb10,IMPC_ACS_003,Acoustic Startle and Pre-pulse Inhibition (PPI),decreased prepulse inhibition,removed,fully acoustic procedure
Rel,IMPC_CSD_003,Combined SHIRPA and Dysmorphology,tremors,kept,non-acoustic MP term from mixed procedure
Nin,IMPC_ABR_002,Auditory Brain Stem Response,abnormal auditory brainstem response,removed,fully acoustic procedure
Sun2,IMPC_CSD_003,Combined SHIRPA and Dysmorphology,decreased exploration in new environment,kept,non-acoustic MP term from mixed procedure
Nin,IMPC_ACS_003,Acoustic Startle and Pre-pulse Inhibition (PPI),decreased prepulse inhibition,removed,fully acoustic procedure
Zfhx4,IMPC_CSD_003,Combined SHIRPA and Dysmorphology,decreased exploration in new environment,kept,non-acoustic MP term from mixed procedure
Rln3,IMPC_CSD_002,Combined SHIRPA and Dysmorphology,abnormal coat/hair pigmentation,kept,non-acoustic MP term from mixed procedure
Cyba,MGP_CSD_001,Combined SHIRPA and Dysmorphology,impaired righting response,kept,non-acoustic MP term from mixed procedure
Tmem225,IMPC_ACS_003,Acoustic Startle and Pre-pulse Inhibition (PPI),decreased prepulse inhibition,removed,fully acoustic procedure
Kcne1,IMPC_CSD_003,Combined SHIRPA and Dysmorphology,abnormal locomotor behavior,kept,non-acoustic MP term from mixed procedure
Nin,IMPC_ACS_003,Acoustic Startle and Pre-pulse Inhibition (PPI),decreased prepulse inhibition,removed,fully acoustic procedure
D5Ertd579e,IMPC_CSD_001,Combined SHIRPA and Dysmorphology,abnormal coat/hair pigmentation,kept,non-acoustic MP term from mixed procedure
Aanat,KMPCLA_CSD_003,Combined SHIRPA and Dysmorphology,abnormal coat/hair pigmentation,kept,non-acoustic MP term from mixed procedure
Iqgap2,IMPC_ABR_002,Auditory Brain Stem Response,abnormal auditory brainstem response,removed,fully acoustic procedure
Plag1,IMPC_CSD_002,Combined SHIRPA and Dysmorphology,abnormal head morphology,kept,non-acoustic MP term from mixed procedure
Homer2,IMPC_ABR_002,Auditory Brain Stem Response,abnormal auditory brainstem response,removed,fully acoustic procedure
Atp6ap1l,IMPC_CSD_002,Combined SHIRPA and Dysmorphology,abnormal tooth morphology,kept,non-acoustic MP term from mixed procedure
Frmd5,ESLIM_011_001,Acoustic Startle&PPI,decreased prepulse inhibition,removed,fully acoustic procedure
Mcidas,IMPC_ACS_003,Acoustic Startle and Pre-pulse Inhibition (PPI),decreased prepulse inhibition,removed,fully acoustic procedure
Mir96,IMPC_ABR_001,Auditory Brain Stem Response,abnormal auditory brainstem response,removed,fully acoustic procedure
Pthlh,MGP_CSD_001,Combined SHIRPA and Dysmorphology,abnormal head morphology,kept,non-acoustic MP term from mixed procedure
Zfp13,ESLIM_011_001,Acoustic Startle&PPI,increased startle reflex,removed,fully acoustic procedure
Hyls1,IMPC_ACS_003,Acoustic Startle and Pre-pulse Inhibition (PPI),decreased prepulse inhibition,removed,fully acoustic procedure
Ttc7b,IMPC_CSD_001,Combined SHIRPA and Dysmorphology,abnormal vocalization,kept,non-acoustic MP term from mixed procedure
Crbn,IMPC_ACS_003,Acoustic Startle and Pre-pulse Inhibition (PPI),decreased prepulse inhibition,removed,fully acoustic procedure
Relch,IMPC_ABR_002,Auditory Brain Stem Response,abnormal auditory brainstem response,removed,fully acoustic procedure
Vat1l,ESLIM_011_001,Acoustic Startle&PPI,increased startle reflex,removed,fully acoustic procedure
Dnase1l2,IMPC_CSD_003,Combined SHIRPA and Dysmorphology,abnormal digit morphology,kept,non-acoustic MP term from mixed procedure
Foxj3,IMPC_CSD_003,Combined SHIRPA and Dysmorphology,abnormal coat/ hair morphology,kept,non-acoustic MP term from mixed procedure
Smyd5,ESLIM_008_001,Modified SHIRPA,abnormal gait,kept,non-acoustic MP term from mixed procedure
Mboat1,IMPC_ACS_003,Acoustic Startle and Pre-pulse Inhibition (PPI),increased startle reflex,removed,fully acoustic procedure
Mgmt,IMPC_ACS_003,Acoustic Startle and Pre-pulse Inhibition (PPI),decreased prepulse inhibition,removed,fully acoustic procedure
Tomt,IMPC_ABR_002,Auditory Brain Stem Response,abnormal auditory brainstem response,removed,fully acoustic procedure
Cnih2,IMPC_CSD_001,Combined SHIRPA and Dysmorphology,abnormal locomotor behavior,kept,non-acoustic MP term from mixed procedure
Fbxo11,ESLIM_011_001,Acoustic Startle&PPI,increased startle reflex,removed,fully acoustic procedure
Mical3,IMPC_CSD_001,Combined SHIRPA and Dysmorphology,abnormal vocalization,kept,non-acoustic MP term from mixed procedure
Eif3k,IMPC_CSD_002,Combined SHIRPA and Dysmorphology,abnormal tooth morphology,kept,non-acoustic MP term from mixed procedure
E130114P18Rik,IMPC_CSD_003,Combined SHIRPA and Dysmorphology,abnormal locomotor behavior,kept,non-acoustic MP term from mixed procedure
Tmprss6,IMPC_CSD_003,Combined SHIRPA and Dysmorphology,abnormal coat/hair pigmentation,kept,non-acoustic MP term from mixed procedure
Gatm,IMPC_ACS_003,Acoustic Startle and Pre-pulse Inhibition (PPI),decreased prepulse inhibition,removed,fully acoustic procedure
Zfp326,IMPC_ACS_003,Acoustic Startle and Pre-pulse Inhibition (PPI),decreased prepulse inhibition,removed,fully acoustic procedure
Fbxo11,ESLIM_011_001,Acoustic Startle&PPI,increased startle reflex,removed,fully acoustic procedure
Spink12,JAXLA_CSD_003,Combined SHIRPA and Dysmorphology,abnormal coat/hair pigmentation,kept,non-acoustic MP term from mixed procedure
Sun1,IMPC_ACS_003,Acoustic Startle and Pre-pulse Inhibition (PPI),decreased prepulse inhibition,removed,fully acoustic procedure
Spg11,IMPC_ACS_003,Acoustic Startle and Pre-pulse Inhibition (PPI),increased startle reflex,removed,fully acoustic procedure
Pjvk,IMPC_ABR_002,Auditory Brain Stem Response,abnormal auditory brainstem response,removed,fully acoustic procedure
Snai2,IMPC_CSD_003,Combined SHIRPA and Dysmorphology,abnormal coat/hair pigmentation,kept,non-acoustic MP term from mixed procedure
Nacc2,MGP_CSD_001,Combined SHIRPA and Dysmorphology,abnormal gait,kept,non-acoustic MP term from mixed procedure
Frmpd1,JAXLA_CSD_003,Combined SHIRPA and Dysmorphology,abnormal hindlimb morphology,kept,non-acoustic MP term from mixed procedure
Sipa1,IMPC_CSD_003,Combined SHIRPA and Dysmorphology,head bobbing,kept,non-acoustic MP term from mixed procedure
Clptm1l,IMPC_ACS_003,Acoustic Startle and Pre-pulse Inhibition (PPI),increased prepulse inhibition,removed,fully acoustic procedure
Mettl5,IMPC_ABR_002,Auditory Brain Stem Response,abnormal auditory brainstem response,removed,fully acoustic procedure
Ccdc9b,IMPC_ACS_003,Acoustic Startle and Pre-pulse Inhibition (PPI),decreased prepulse inhibition,removed,fully acoustic procedure
Zfp827,JAXLA_CSD_003,Combined SHIRPA and Dysmorphology,limb grasping,kept,non-acoustic MP term from mixed procedure
Myo3a,IMPC_ABR_002,Auditory Brain Stem Response,abnormal auditory brainstem response,removed,fully acoustic procedure
Chrnb1,IMPC_CSD_003,Combined SHIRPA and Dysmorphology,abnormal locomotor behavior,kept,non-acoustic MP term from mixed procedure
Utp20,IMPC_CSD_001,Combined SHIRPA and Dysmorphology,abnormal coat/hair pigmentation,kept,non-acoustic MP term from mixed procedure
Usp31,HRWLLA_CSD_003,Combined SHIRPA and Dysmorphology,abnormal gait,kept,non-acoustic MP term from mixed procedure
Zbtb8os,IMPC_ABR_002,Auditory Brain Stem Response,abnormal auditory brainstem response,removed,fully acoustic procedure
Xrcc5,IMPC_CSD_003,Combined SHIRPA and Dysmorphology,abnormal autopod morphology,kept,non-acoustic MP term from mixed procedure
Marchf9,ESLIM_008_001,Modified SHIRPA,abnormal tail movements,kept,non-acoustic MP term from mixed procedure
B9d1,ESLIM_008_001,Modified SHIRPA,abnormal startle reflex,removed,acoustic MP term from mixed procedure
4930579F01Rik,IMPC_CSD_003,Combined SHIRPA and Dysmorphology,increased aggression,kept,non-acoustic MP term from mixed procedure
Bpifc,IMPC_CSD_003,Combined SHIRPA and Dysmorphology,increased aggression,kept,non-acoustic MP term from mixed procedure
Tmub2,IMPC_ACS_003,Acoustic Startle and Pre-pulse Inhibition (PPI),increased startle reflex,removed,fully acoustic procedure
Dnase1l2,IMPC_CSD_002,Combined SHIRPA and Dysmorphology,abnormal digit morphology,kept,non-acoustic MP term from mixed procedure
Mpdz,IMPC_ACS_003,Acoustic Startle and Pre-pulse Inhibition (PPI),decreased startle reflex,removed,fully acoustic procedure
Clpp,MGP_CSD_001,Combined SHIRPA and Dysmorphology,tremors,kept,non-acoustic MP term from mixed procedure
Vapb,IMPC_CSD_003,Combined SHIRPA and Dysmorphology,increased aggression,kept,non-acoustic MP term from mixed procedure
Secisbp2l,IMPC_ACS_003,Acoustic Startle and Pre-pulse Inhibition (PPI),increased startle reflex,removed,fully acoustic procedure
Setd2,IMPC_CSD_003,Combined SHIRPA and Dysmorphology,decreased exploration in new environment,kept,non-acoustic MP term from mixed procedure
Ap4e1,IMPC_ACS_003,Acoustic Startle and Pre-pulse Inhibition (PPI),increased startle reflex,removed,fully acoustic procedure
Tmem51,IMPC_ACS_003,Acoustic Startle and Pre-pulse Inhibition (PPI),decreased startle reflex,removed,fully acoustic procedure
Nap1l5,IMPC_CSD_003,Combined SHIRPA and Dysmorphology,absent vibrissae,kept,non-acoustic MP term from mixed procedure
Tspyl2,IMPC_ACS_003,Acoustic Startle and Pre-pulse Inhibition (PPI),decreased prepulse inhibition,removed,fully acoustic procedure
Dynll2,IMPC_CSD_003,Combined SHIRPA and Dysmorphology,abnormal vocalization,kept,non-acoustic MP term from mixed procedure
Dhx38,IMPC_CSD_001,Combined SHIRPA and Dysmorphology,abnormal vocalization,kept,non-acoustic MP term from mixed procedure
Kansl1,IMPC_CSD_003,Combined SHIRPA and Dysmorphology,abnormal coat/hair pigmentation,kept,non-acoustic MP term from mixed procedure
Myo1a,IMPC_CSD_003,Combined SHIRPA and Dysmorphology,limb grasping,kept,non-acoustic MP term from mixed procedure
Champ1,IMPC_CSD_003,Combined SHIRPA and Dysmorphology,decreased exploration in new environment,kept,non-acoustic MP term from mixed procedure
Magel2,IMPC_CSD_003,Combined SHIRPA and Dysmorphology,abnormal locomotor behavior,kept,non-acoustic MP term from mixed procedure
Slc4a10,IMPC_CSD_003,Combined SHIRPA and Dysmorphology,abnormal gait,kept,non-acoustic MP term from mixed procedure
Dram2,IMPC_CSD_003,Combined SHIRPA and Dysmorphology,abnormal coat/hair pigmentation,kept,non-acoustic MP term from mixed procedure
Ephx1,ESLIM_011_001,Acoustic Startle&PPI,increased startle reflex,removed,fully acoustic procedure
Far2,IMPC_CSD_003,Combined SHIRPA and Dysmorphology,abnormal coat appearance,kept,non-acoustic MP term from mixed procedure
Bnc1,HRWLLA_CSD_003,Combined SHIRPA and Dysmorphology,abnormal coat/ hair morphology,kept,non-acoustic MP term from mixed procedure
Stard10,IMPC_CSD_003,Combined SHIRPA and Dysmorphology,decreased exploration in new environment,kept,non-acoustic MP term from mixed procedure
Myo10,MGP_CSD_001,Combined SHIRPA and Dysmorphology,fused phalanges,kept,non-acoustic MP term from mixed procedure
Tmem63a,IMPC_CSD_002,Combined SHIRPA and Dysmorphology,abnormal gait,kept,non-acoustic MP term from mixed procedure
Hmgxb4,IMPC_ACS_003,Acoustic Startle and Pre-pulse Inhibition (PPI),increased startle reflex,removed,fully acoustic procedure
Rab3il1,IMPC_ACS_003,Acoustic Startle and Pre-pulse Inhibition (PPI),increased startle reflex,removed,fully acoustic procedure
Cryba4,IMPC_CSD_003,Combined SHIRPA and Dysmorphology,abnormal locomotor behavior,kept,non-acoustic MP term from mixed procedure
Atp8b1,IMPC_ABR_002,Auditory Brain Stem Response,abnormal auditory brainstem response,removed,fully acoustic procedure
Mkrn2,IMPC_ABR_001,Auditory Brain Stem Response,abnormal auditory brainstem response,removed,fully acoustic procedure
Tardbp,IMPC_CSD_003,Combined SHIRPA and Dysmorphology,abnormal startle reflex,removed,acoustic MP term from mixed procedure
Camk1,IMPC_ACS_003,Acoustic Startle and Pre-pulse Inhibition (PPI),decreased prepulse inhibition,removed,fully acoustic procedure
Cast,IMPC_CSD_001,Combined SHIRPA and Dysmorphology,abnormal limb position,kept,non-acoustic MP term from mixed procedure
Atp8b1,IMPC_ABR_002,Auditory Brain Stem Response,abnormal auditory brainstem response,removed,fully acoustic procedure
Cracd,IMPC_CSD_001,Combined SHIRPA and Dysmorphology,abnormal coat/ hair morphology,kept,non-acoustic MP term from mixed procedure
Bahd1,IMPC_ACS_003,Acoustic Startle and Pre-pulse Inhibition (PPI),increased startle reflex,removed,fully acoustic procedure
Btbd2,IMPC_CSD_003,Combined SHIRPA and Dysmorphology,limb grasping,kept,non-acoustic MP term from mixed procedure
Ppp2r5c,IMPC_ACS_003,Acoustic Startle and Pre-pulse Inhibition (PPI),decreased startle reflex,removed,fully acoustic procedure
Tox,IMPC_ACS_003,Acoustic Startle and Pre-pulse Inhibition (PPI),decreased prepulse inhibition,removed,fully acoustic procedure
Ylpm1,IMPC_CSD_001,Combined SHIRPA and Dysmorphology,abnormal startle reflex,removed,acoustic MP term from mixed procedure
Chst2,IMPC_ACS_003,Acoustic Startle and Pre-pulse Inhibition (PPI),decreased startle reflex,removed,fully acoustic procedure
Epgn,IMPC_CSD_001,Combined SHIRPA and Dysmorphology,impaired righting response,kept,non-acoustic MP term from mixed procedure
Nptn,IMPC_CSD_003,Combined SHIRPA and Dysmorphology,limb grasping,kept,non-acoustic MP term from mixed procedure
Mir96,IMPC_ABR_001,Auditory Brain Stem Response,abnormal auditory brainstem response,removed,fully acoustic procedure
Cgref1,JAXLA_CSD_003,Combined SHIRPA and Dysmorphology,abnormal coat/ hair morphology,kept,non-acoustic MP term from mixed procedure
Rsbn1,IMPC_CSD_003,Combined SHIRPA and Dysmorphology,abnormal locomotor behavior,kept,non-acoustic MP term from mixed procedure
Gsto1,JAXLA_CSD_003,Combined SHIRPA and Dysmorphology,abnormal coat/hair pigmentation,kept,non-acoustic MP term from mixed procedure
Mir96,MGP_CSD_001,Combined SHIRPA and Dysmorphology,absent pinna reflex,removed,acoustic MP term from mixed procedure
Mag,IMPC_ABR_002,Auditory Brain Stem Response,abnormal auditory brainstem response,removed,fully acoustic procedure
Arpc5l,IMPC_CSD_003,Combined SHIRPA and Dysmorphology,abnormal coat/hair pigmentation,kept,non-acoustic MP term from mixed procedure
Trdmt1,IMPC_ACS_003,Acoustic Startle and Pre-pulse Inhibition (PPI),decreased prepulse inhibition,removed,fully acoustic procedure
Marcks,IMPC_CSD_003,Combined SHIRPA and Dysmorphology,abnormal coat appearance,kept,non-acoustic MP term from mixed procedure
Babam1,IMPC_CSD_003,Combined SHIRPA and Dysmorphology,abnormal head morphology,kept,non-acoustic MP term from mixed procedure
Ptchd1,IMPC_CSD_003,Combined SHIRPA and Dysmorphology,increased exploration in new environment,kept,non-acoustic MP term from mixed procedure
Fam53a,IMPC_ACS_003,Acoustic Startle and Pre-pulse Inhibition (PPI),increased prepulse inhibition,removed,fully acoustic procedure
Rhbdf2,MGP_CSD_001,Combined SHIRPA and Dysmorphology,abnormal coat appearance,kept,non-acoustic MP term from mixed procedure
Tsc1,IMPC_ACS_003,Acoustic Startle and Pre-pulse Inhibition (PPI),increased startle reflex,removed,fully acoustic procedure
Rbfox3,ESLIM_011_001,Acoustic Startle&PPI,increased startle reflex,removed,fully acoustic procedure
Atp7a,IMPC_CSD_001,Combined SHIRPA and Dysmorphology,abnormal vocalization,kept,non-acoustic MP term from mixed procedure
Krt26,KMPCLA_CSD_003,Combined SHIRPA and Dysmorphology,abnormal skin coloration,kept,non-acoustic MP term from mixed procedure
Tmprss6,IMPC_ACS_003,Acoustic Startle and Pre-pulse Inhibition (PPI),decreased prepulse inhibition,removed,fully acoustic procedure
Pacrg,JAXLA_CSD_003,Combined SHIRPA and Dysmorphology,abnormal coat/hair pigmentation,kept,non-acoustic MP term from mixed procedure
Grxcr1,IMPC_ABR_002,Auditory Brain Stem Response,abnormal auditory brainstem response,removed,fully acoustic procedure
Bltp1,IMPC_CSD_003,Combined SHIRPA and Dysmorphology,limb grasping,kept,non-acoustic MP term from mixed procedure
Baz2b,MGP_CSD_001,Combined SHIRPA and Dysmorphology,abnormal coat/hair pigmentation,kept,non-acoustic MP term from mixed procedure
Nt5dc1,JAXLA_CSD_003,Combined SHIRPA and Dysmorphology,abnormal startle reflex,removed,acoustic MP term from mixed procedure
Dusp7,IMPC_CSD_002,Combined SHIRPA and Dysmorphology,abnormal coat/hair pigmentation,kept,non-acoustic MP term from mixed procedure
Dusp7,IMPC_CSD_002,Combined SHIRPA and Dysmorphology,abnormal coat/hair pigmentation,kept,non-acoustic MP term from mixed procedure
Ube2o,IMPC_ACS_003,Acoustic Startle and Pre-pulse Inhibition (PPI),increased startle reflex,removed,fully acoustic procedure
