a,b,c,d,total_with_term,odds_ratio,fold_enrichment,p_value,mp_term_id,mp_term_name,top_level_mp_id,top_level_mp_name,p_adjusted,significant,classification,procedures,classification_reason
37,96,289,6127,326,8.171100057670127,5.588657225886803,1.2522405797619448e-18,MP:0002206,abnormal CNS synaptic transmission,MP:0003631,nervous system phenotype,6.887323188690696e-18,True,acoustic_dependent,ESLIM_011_001; ICSLA_ACS_003; IMPC_ACS_003; KMPCLA_ACS_003,procedure-based (37/37=100% acoustic)
37,96,289,6127,326,8.171100057670127,5.588657225886803,1.2522405797619448e-18,MP:0003088,abnormal prepulse inhibition,MP:0003631,nervous system phenotype,6.887323188690696e-18,True,acoustic_dependent,ESLIM_011_001; ICSLA_ACS_003; IMPC_ACS_003; KMPCLA_ACS_003,keyword/ontology
37,96,289,6127,326,8.171100057670127,5.588657225886803,1.2522405797619448e-18,MP:0003635,abnormal synaptic transmission,MP:0003631,nervous system phenotype,6.887323188690696e-18,True,acoustic_dependent,ESLIM_011_001; ICSLA_ACS_003; IMPC_ACS_003; KMPCLA_ACS_003,procedure-based (37/37=100% acoustic)
37,96,289,6127,326,8.171100057670127,5.588657225886803,1.2522405797619448e-18,MP:0021009,abnormal synaptic physiology,MP:0003631,nervous system phenotype,6.887323188690696e-18,True,acoustic_dependent,ESLIM_011_001; ICSLA_ACS_003; IMPC_ACS_003; KMPCLA_ACS_003,procedure-based (37/37=100% acoustic)
35,98,257,6159,292,8.558921623123958,5.902126892573901,2.2350976435865675e-18,MP:0009142,decreased prepulse inhibition,MP:0003631,nervous system phenotype,9.834429631780898e-18,True,acoustic_dependent,ESLIM_011_001; ICSLA_ACS_003; IMPC_ACS_003; KMPCLA_ACS_003,keyword/ontology
37,96,302,6114,339,7.802773178807947,5.374342936988489,4.760518728535581e-18,MP:0003633,abnormal nervous system physiology,MP:0003631,nervous system phenotype,1.7455235337963798e-17,True,acoustic_dependent,ESLIM_011_001; ICSLA_ACS_003; IMPC_ACS_003; JAX_ECT_001; KMPCLA_ACS_003,procedure-based (37/37=100% acoustic)
4,129,88,6328,92,2.229739252995067,2.1408957175547565,0.11660855604088993,MP:0002752,abnormal somatic nervous system morphology,MP:0003631,nervous system phenotype,0.286489185262933,False,independent,IMPC_EYE_001; IMPC_EYE_003; IMPC_PAT_002,default
3,130,64,6352,67,2.2903846153846152,2.2048030524071374,0.1546906231368947,MP:0008259,abnormal optic disk morphology,MP:0003631,nervous system phenotype,0.286489185262933,False,independent,IMPC_EYE_001; IMPC_EYE_003,default
2,131,34,6382,36,2.8657386618769647,2.7355889724310773,0.16540944168944297,MP:0009141,increased prepulse inhibition,MP:0003631,nervous system phenotype,0.286489185262933,False,acoustic_dependent,ESLIM_011_001; IMPC_ACS_003,keyword/ontology
2,131,36,6380,38,2.70568278201866,2.591610605461021,0.1799632172690786,MP:0000774,decreased brain size,MP:0003631,nervous system phenotype,0.286489185262933,False,independent,IMPC_PAT_002; UCDLA_PAT_002; UCD_OWT_001,default
1,132,10,6406,11,4.8530303030303035,4.4764183185235815,0.20217558022787177,MP:0000955,abnormal spinal cord morphology,MP:0003631,nervous system phenotype,0.286489185262933,False,independent,IMPC_PAT_002,default
1,132,11,6405,12,4.411157024793388,4.103383458646617,0.21840541317826836,MP:0001081,abnormal cranial ganglia morphology,MP:0003631,nervous system phenotype,0.286489185262933,False,independent,IMPC_PAT_002,default
1,132,11,6405,12,4.411157024793388,4.103383458646617,0.21840541317826836,MP:0001100,abnormal vagus ganglion morphology,MP:0003631,nervous system phenotype,0.286489185262933,False,independent,IMPC_PAT_002,default
1,132,11,6405,12,4.411157024793388,4.103383458646617,0.21840541317826836,MP:0001101,abnormal superior vagus ganglion morphology,MP:0003631,nervous system phenotype,0.286489185262933,False,independent,IMPC_PAT_002,default
1,132,11,6405,12,4.411157024793388,4.103383458646617,0.21840541317826836,MP:0001102,small superior vagus ganglion,MP:0003631,nervous system phenotype,0.286489185262933,False,independent,IMPC_PAT_002,default
3,130,77,6339,80,1.8998001998001999,1.8465225563909773,0.2213780067940846,MP:0001056,abnormal cranial nerve morphology,MP:0003631,nervous system phenotype,0.286489185262933,False,independent,IMPC_EYE_001; IMPC_EYE_003; IMPC_PAT_002,default
3,130,77,6339,80,1.8998001998001999,1.8465225563909773,0.2213780067940846,MP:0001330,abnormal optic nerve morphology,MP:0003631,nervous system phenotype,0.286489185262933,False,independent,IMPC_EYE_001; IMPC_EYE_003; IMPC_PAT_002,default
2,131,49,6367,51,1.9837980993924287,1.9310039805395842,0.2775266290014221,MP:0000771,abnormal brain size,MP:0003631,nervous system phenotype,0.33919921322396035,False,independent,IMPC_PAT_002; UCDLA_PAT_002; UCD_OWT_001,default
1,132,17,6399,18,2.8516042780748663,2.7355889724310773,0.30912756640438055,MP:0002175,decreased brain weight,MP:0003631,nervous system phenotype,0.35793718215244064,False,independent,UCD_OWT_001,default
1,132,21,6395,22,2.306998556998557,2.2382091592617908,0.3637207283346021,MP:0012775,abnormal brain weight,MP:0003631,nervous system phenotype,0.40009280116806234,False,independent,UCD_OWT_001,default
7,126,318,6098,325,1.06533892382949,1.0605668016194332,0.49248702462270155,MP:0003632,abnormal nervous system morphology,MP:0003631,nervous system phenotype,0.515938787699973,False,independent,IMPC_EYE_001; IMPC_EYE_003; IMPC_GEL_003; IMPC_GEM_003; IMPC_GEO_003; IMPC_GEP_003; IMPC_PAT_001; IMPC_PAT_002; RBRCLA_PAT_002; UCDLA_PAT_002; UCD_OWT_001,default
2,131,156,6260,158,0.6126443531023684,0.6232987532121442,0.8363121972745865,MP:0002152,abnormal brain morphology,MP:0003631,nervous system phenotype,0.8363121972745865,False,independent,IMPC_GEL_003; IMPC_GEM_003; IMPC_GEO_003; IMPC_GEP_003; IMPC_PAT_001; IMPC_PAT_002; RBRCLA_PAT_002; UCDLA_PAT_002; UCD_OWT_001,default
20,113,375,6041,395,2.8512094395280236,2.493195012848577,0.00012261017842968928,MP:0000180,abnormal circulating cholesterol level,MP:0005376,homeostasis/metabolism phenotype,0.007382786446878317,True,independent,ESLIM_015_001; ESLIM_021_001; GMC_906_001; HMGULA_CBC_002; HRWLLA_CBC_002; ICSLA_CBC_003; IMPC_CBC_001; IMPC_CBC_002; IMPC_CBC_003; JAXLA_CBC_003; JAX_PLC_001; KMPCLA_CBC_003; M-G-P_025_001; RBRCLA_CBC_003; TCPLA_CBC_003; UCDLA_CBC_003,default
20,113,375,6041,395,2.8512094395280236,2.493195012848577,0.00012261017842968928,MP:0003947,abnormal cholesterol level,MP:0005376,homeostasis/metabolism phenotype,0.007382786446878317,True,independent,ESLIM_015_001; ESLIM_021_001; GMC_906_001; HMGULA_CBC_002; HRWLLA_CBC_002; ICSLA_CBC_003; IMPC_CBC_001; IMPC_CBC_002; IMPC_CBC_003; JAXLA_CBC_003; JAX_PLC_001; KMPCLA_CBC_003; M-G-P_025_001; RBRCLA_CBC_003; TCPLA_CBC_003; UCDLA_CBC_003,default
20,113,375,6041,395,2.8512094395280236,2.493195012848577,0.00012261017842968928,MP:0012224,abnormal sterol level,MP:0005376,homeostasis/metabolism phenotype,0.007382786446878317,True,independent,ESLIM_015_001; ESLIM_021_001; GMC_906_001; HMGULA_CBC_002; HRWLLA_CBC_002; ICSLA_CBC_003; IMPC_CBC_001; IMPC_CBC_002; IMPC_CBC_003; JAXLA_CBC_003; JAX_PLC_001; KMPCLA_CBC_003; M-G-P_025_001; RBRCLA_CBC_003; TCPLA_CBC_003; UCDLA_CBC_003,default
39,94,1051,5365,1090,2.117891774804138,1.7618196868317582,0.00016555775368111902,MP:0005416,abnormal circulating protein level,MP:0005376,homeostasis/metabolism phenotype,0.007382786446878317,True,independent,ESLIM_015_001; GMC_906_001; HMGULA_CBC_002; HRWLLA_CBC_002; ICSLA_CBC_003; IMPC_CBC_001; IMPC_CBC_002; IMPC_CBC_003; JAXLA_CBC_003; KMPCLA_CBC_003; M-G-P_025_001; RBRCLA_CBC_003; TCPLA_CBC_003; UCDLA_CBC_003,default
39,94,1061,5355,1100,2.0940200934485733,1.7458031442241968,0.00020171547669066442,MP:0008469,abnormal protein level,MP:0005376,homeostasis/metabolism phenotype,0.007382786446878317,True,independent,ESLIM_015_001; GMC_906_001; HMGULA_CBC_002; HRWLLA_CBC_002; ICSLA_CBC_003; IMPC_CBC_001; IMPC_CBC_002; IMPC_CBC_003; JAXLA_CBC_003; JAX_URI_001; KMPCLA_CBC_003; M-G-P_025_001; RBRCLA_CBC_003; TCPLA_CBC_003; UCDLA_CBC_003,default
5,128,25,6391,30,9.9859375,8.206766917293233,0.0003035222715630607,MP:0000181,abnormal circulating LDL cholesterol level,MP:0005376,homeostasis/metabolism phenotype,0.007934939385148587,True,independent,ESLIM_015_001; ESLIM_021_001; IMPC_CBC_001; IMPC_CBC_002; IMPC_CBC_003; KMPCLA_CBC_003; M-G-P_025_001; RBRCLA_CBC_003,default
5,128,25,6391,30,9.9859375,8.206766917293233,0.0003035222715630607,MP:0020151,abnormal circulating non-HDL cholesterol level,MP:0005376,homeostasis/metabolism phenotype,0.007934939385148587,True,independent,ESLIM_015_001; ESLIM_021_001; IMPC_CBC_001; IMPC_CBC_002; IMPC_CBC_003; KMPCLA_CBC_003; M-G-P_025_001; RBRCLA_CBC_003,default
19,114,376,6040,395,2.6773049645390072,2.368535262206148,0.00035572430054368567,MP:0002968,increased circulating alkaline phosphatase level,MP:0005376,homeostasis/metabolism phenotype,0.00813719337493681,True,independent,ESLIM_015_001; HRWLLA_CBC_002; ICSLA_CBC_003; IMPC_CBC_001; IMPC_CBC_002; IMPC_CBC_003; JAXLA_CBC_003; KMPCLA_CBC_003; M-G-P_025_001; TCPLA_CBC_003; UCDLA_CBC_003,default
24,109,554,5862,578,2.3298115457225186,2.044592449983089,0.0005139934833224017,MP:0001547,abnormal lipid level,MP:0005376,homeostasis/metabolism phenotype,0.00839903735027401,True,independent,ESLIM_015_001; ESLIM_021_001; GMC_906_001; HMGULA_CBC_002; HRWLLA_CBC_002; ICSLA_CBC_003; IMPC_CBC_001; IMPC_CBC_002; IMPC_CBC_003; JAXLA_CBC_003; JAX_PLC_001; KMPCLA_CBC_003; M-G-P_025_001; RBRCLA_CBC_003; TCPLA_CBC_003; UCDLA_CBC_003,default
24,109,554,5862,578,2.3298115457225186,2.044592449983089,0.0005139934833224017,MP:0003949,abnormal circulating lipid level,MP:0005376,homeostasis/metabolism phenotype,0.00839903735027401,True,independent,ESLIM_015_001; ESLIM_021_001; GMC_906_001; HMGULA_CBC_002; HRWLLA_CBC_002; ICSLA_CBC_003; IMPC_CBC_001; IMPC_CBC_002; IMPC_CBC_003; JAXLA_CBC_003; JAX_PLC_001; KMPCLA_CBC_003; M-G-P_025_001; RBRCLA_CBC_003; TCPLA_CBC_003; UCDLA_CBC_003,default
15,118,270,6146,285,2.8935969868173257,2.591610605461021,0.0006175493732071841,MP:0010329,abnormal lipoprotein level,MP:0005376,homeostasis/metabolism phenotype,0.00839903735027401,True,independent,ESLIM_015_001; ESLIM_021_001; HMGULA_CBC_002; HRWLLA_CBC_002; ICSLA_CBC_003; IMPC_CBC_001; IMPC_CBC_002; IMPC_CBC_003; JAXLA_CBC_003; JAX_PLC_001; KMPCLA_CBC_003; M-G-P_025_001; RBRCLA_CBC_003; TCPLA_CBC_003; UCDLA_CBC_003,default
15,118,270,6146,285,2.8935969868173257,2.591610605461021,0.0006175493732071841,MP:0010330,abnormal circulating lipoprotein level,MP:0005376,homeostasis/metabolism phenotype,0.00839903735027401,True,independent,ESLIM_015_001; ESLIM_021_001; HMGULA_CBC_002; HRWLLA_CBC_002; ICSLA_CBC_003; IMPC_CBC_001; IMPC_CBC_002; IMPC_CBC_003; JAXLA_CBC_003; JAX_PLC_001; KMPCLA_CBC_003; M-G-P_025_001; RBRCLA_CBC_003; TCPLA_CBC_003; UCDLA_CBC_003,default
32,101,852,5564,884,2.0690745130851114,1.7824652128057699,0.0006298825071490641,MP:0001570,abnormal circulating enzyme level,MP:0005376,homeostasis/metabolism phenotype,0.00839903735027401,True,independent,ESLIM_015_001; GMC_906_001; HMGULA_CBC_002; HRWLLA_CBC_002; ICSLA_CBC_003; IMPC_CBC_001; IMPC_CBC_002; IMPC_CBC_003; JAXLA_CBC_003; KMPCLA_CBC_003; M-G-P_025_001; RBRCLA_CBC_003; TCPLA_CBC_003; UCDLA_CBC_003,default
32,101,853,5563,885,2.0662774366533956,1.780451127819549,0.0006425493054854433,MP:0005319,abnormal enzyme/coenzyme level,MP:0005376,homeostasis/metabolism phenotype,0.00839903735027401,True,independent,ESLIM_015_001; GMC_906_001; HMGULA_CBC_002; HRWLLA_CBC_002; ICSLA_CBC_003; IMPC_CBC_001; IMPC_CBC_002; IMPC_CBC_003; JAXLA_CBC_003; KMPCLA_CBC_003; M-G-P_025_001; RBRCLA_CBC_003; TCPLA_CBC_003; UCDLA_CBC_003,default
11,122,163,6253,174,3.458865533541185,3.1129115893181227,0.0007711415344619925,MP:0011888,abnormal circulating total protein level,MP:0005376,homeostasis/metabolism phenotype,0.009407926720436308,True,independent,ESLIM_015_001; HMGULA_CBC_002; HRWLLA_CBC_002; ICSLA_CBC_003; IMPC_CBC_001; IMPC_CBC_002; IMPC_CBC_003; JAXLA_CBC_003; KMPCLA_CBC_003; M-G-P_025_001,default
15,118,279,6137,294,2.796154547111354,2.5122755869265,0.000852333418655933,MP:0014502,decreased circulating protein level,MP:0005376,homeostasis/metabolism phenotype,0.00942445942720029,True,independent,ESLIM_015_001; GMC_906_001; HMGULA_CBC_002; HRWLLA_CBC_002; IMPC_CBC_001; IMPC_CBC_002; IMPC_CBC_003; JAXLA_CBC_003; KMPCLA_CBC_003; M-G-P_025_001; TCPLA_CBC_003; UCDLA_CBC_003,default
15,118,280,6136,295,2.7857142857142856,2.503759398496241,0.0008825806938939078,MP:0014788,decreased protein level,MP:0005376,homeostasis/metabolism phenotype,0.00942445942720029,True,independent,ESLIM_015_001; GMC_906_001; HMGULA_CBC_002; HRWLLA_CBC_002; IMPC_CBC_001; IMPC_CBC_002; IMPC_CBC_003; JAXLA_CBC_003; JAX_URI_001; KMPCLA_CBC_003; M-G-P_025_001; TCPLA_CBC_003; UCDLA_CBC_003,default
20,113,441,5975,461,2.3980093512331186,2.136251692137067,0.0009269960092328154,MP:0005278,abnormal cholesterol homeostasis,MP:0005376,homeostasis/metabolism phenotype,0.00942445942720029,True,independent,ESLIM_015_001; ESLIM_021_001; GMC_906_001; HMGULA_CBC_002; HRWLLA_CBC_002; ICSLA_CBC_003; IMPC_CBC_001; IMPC_CBC_002; IMPC_CBC_003; JAXLA_CBC_003; JAX_PLC_001; KMPCLA_CBC_003; M-G-P_025_001; RBRCLA_CBC_003; TCPLA_CBC_003; UCDLA_CBC_003,default
20,113,445,5971,465,2.3748632793079447,2.1178753334950278,0.001031992622579257,MP:0000202,abnormal circulating alkaline phosphatase level,MP:0005376,homeostasis/metabolism phenotype,0.009939718417473898,True,independent,ESLIM_015_001; HRWLLA_CBC_002; ICSLA_CBC_003; IMPC_CBC_001; IMPC_CBC_002; IMPC_CBC_003; JAXLA_CBC_003; KMPCLA_CBC_003; M-G-P_025_001; RBRCLA_CBC_003; TCPLA_CBC_003; UCDLA_CBC_003,default
14,119,258,6158,272,2.808025535795714,2.5344427244582044,0.0011720902730666667,MP:0000184,abnormal circulating HDL cholesterol level,MP:0005376,homeostasis/metabolism phenotype,0.01072462599856,True,independent,ESLIM_015_001; ESLIM_021_001; HMGULA_CBC_002; HRWLLA_CBC_002; ICSLA_CBC_003; IMPC_CBC_001; IMPC_CBC_002; IMPC_CBC_003; JAXLA_CBC_003; JAX_PLC_001; KMPCLA_CBC_003; M-G-P_025_001; TCPLA_CBC_003; UCDLA_CBC_003,default
31,102,854,5562,885,1.9794048767047803,1.7248120300751881,0.001358463782267947,MP:0014501,increased circulating protein level,MP:0005376,homeostasis/metabolism phenotype,0.011838041531192108,True,independent,ESLIM_015_001; GMC_906_001; HMGULA_CBC_002; HRWLLA_CBC_002; ICSLA_CBC_003; IMPC_CBC_001; IMPC_CBC_002; IMPC_CBC_003; JAXLA_CBC_003; KMPCLA_CBC_003; M-G-P_025_001; TCPLA_CBC_003; UCDLA_CBC_003,default
7,126,78,6338,85,4.514245014245014,4.055108359133127,0.001609394193472181,MP:0005568,increased circulating total protein level,MP:0005376,homeostasis/metabolism phenotype,0.012992021331980618,True,independent,ESLIM_015_001; HRWLLA_CBC_002; ICSLA_CBC_003; IMPC_CBC_001; IMPC_CBC_002; IMPC_CBC_003; JAXLA_CBC_003; KMPCLA_CBC_003; M-G-P_025_001,default
31,102,864,5552,895,1.9529774872912127,1.7055403872810517,0.0016328769980084928,MP:0014787,increased protein level,MP:0005376,homeostasis/metabolism phenotype,0.012992021331980618,True,independent,ESLIM_015_001; GMC_906_001; HMGULA_CBC_002; HRWLLA_CBC_002; ICSLA_CBC_003; IMPC_CBC_001; IMPC_CBC_002; IMPC_CBC_003; JAXLA_CBC_003; JAX_URI_001; KMPCLA_CBC_003; M-G-P_025_001; TCPLA_CBC_003; UCDLA_CBC_003,default
65,68,2309,4107,2374,1.7002203653223957,1.3482051801787533,0.001740702884825915,MP:0009642,abnormal blood homeostasis,MP:0005376,homeostasis/metabolism phenotype,0.013272859496797601,True,independent,BCMLA_IPG_001; ESLIM_015_001; ESLIM_021_001; GMC_906_001; HMGULA_CBC_002; HRWLLA_CBC_002; HRWLLA_IPG_001; ICSLA_CBC_003; IMPC_CBC_001; IMPC_CBC_002; IMPC_CBC_003; IMPC_GEP_003; IMPC_INS_002; IMPC_INS_003; IMPC_IPG_001; JAXLA_CBC_003; JAXLA_IPG_001; JAX_PLC_001; KMPCLA_CBC_003; KMPCLA_IPG_001; M-G-P_025_001; MGP_IPG_001; RBRCLA_CBC_003; TCPLA_CBC_003; TCPLA_IPG_001; UCDLA_CBC_003; UCDLA_IPG_001,default
24,109,615,5801,639,2.0768852092190646,1.8494122630519962,0.0020950610822865322,MP:0002118,abnormal lipid homeostasis,MP:0005376,homeostasis/metabolism phenotype,0.015335847122337416,True,independent,ESLIM_015_001; ESLIM_021_001; GMC_906_001; HMGULA_CBC_002; HRWLLA_CBC_002; ICSLA_CBC_003; IMPC_CBC_001; IMPC_CBC_002; IMPC_CBC_003; JAXLA_CBC_003; JAX_PLC_001; KMPCLA_CBC_003; M-G-P_025_001; RBRCLA_CBC_003; TCPLA_CBC_003; UCDLA_CBC_003,default
9,124,141,6275,150,3.23009608785175,2.954436090225564,0.0033194260104412636,MP:0003983,decreased cholesterol level,MP:0005376,homeostasis/metabolism phenotype,0.021694819996812546,True,independent,ESLIM_015_001; ESLIM_021_001; GMC_906_001; HMGULA_CBC_002; HRWLLA_CBC_002; IMPC_CBC_001; IMPC_CBC_002; IMPC_CBC_003; JAX_PLC_001; M-G-P_025_001; TCPLA_CBC_003; UCDLA_CBC_003,default
9,124,141,6275,150,3.23009608785175,2.954436090225564,0.0033194260104412636,MP:0005179,decreased circulating cholesterol level,MP:0005376,homeostasis/metabolism phenotype,0.021694819996812546,True,independent,ESLIM_015_001; ESLIM_021_001; GMC_906_001; HMGULA_CBC_002; HRWLLA_CBC_002; IMPC_CBC_001; IMPC_CBC_002; IMPC_CBC_003; JAX_PLC_001; M-G-P_025_001; TCPLA_CBC_003; UCDLA_CBC_003,default
9,124,141,6275,150,3.23009608785175,2.954436090225564,0.0033194260104412636,MP:0012225,decreased sterol level,MP:0005376,homeostasis/metabolism phenotype,0.021694819996812546,True,independent,ESLIM_015_001; ESLIM_021_001; GMC_906_001; HMGULA_CBC_002; HRWLLA_CBC_002; IMPC_CBC_001; IMPC_CBC_002; IMPC_CBC_003; JAX_PLC_001; M-G-P_025_001; TCPLA_CBC_003; UCDLA_CBC_003,default
27,106,767,5649,794,1.8760055103195494,1.6744285146114657,0.004466096474362458,MP:0014450,increased circulating enzyme level,MP:0005376,homeostasis/metabolism phenotype,0.026404182972226447,True,independent,ESLIM_015_001; GMC_906_001; HMGULA_CBC_002; HRWLLA_CBC_002; ICSLA_CBC_003; IMPC_CBC_001; IMPC_CBC_002; IMPC_CBC_003; JAXLA_CBC_003; KMPCLA_CBC_003; M-G-P_025_001; TCPLA_CBC_003; UCDLA_CBC_003,default
27,106,768,5648,795,1.8732311320754718,1.6723223152220175,0.004544097494895073,MP:0014448,increased enzyme/coenzyme level,MP:0005376,homeostasis/metabolism phenotype,0.026404182972226447,True,independent,ESLIM_015_001; GMC_906_001; HMGULA_CBC_002; HRWLLA_CBC_002; ICSLA_CBC_003; IMPC_CBC_001; IMPC_CBC_002; IMPC_CBC_003; JAXLA_CBC_003; KMPCLA_CBC_003; M-G-P_025_001; TCPLA_CBC_003; UCDLA_CBC_003,default
28,105,807,5609,835,1.8534489880214788,1.6511818468326505,0.0045725098952345295,MP:0002078,abnormal glucose homeostasis,MP:0005376,homeostasis/metabolism phenotype,0.026404182972226447,True,independent,BCMLA_IPG_001; ESLIM_004_001; ESLIM_015_001; ESLIM_021_001; GMC_906_001; HMGULA_CBC_002; HMGULA_IPG_001; HRWLLA_CBC_002; HRWLLA_IPG_001; IMPC_CBC_001; IMPC_CBC_002; IMPC_CBC_003; IMPC_INS_002; IMPC_INS_003; IMPC_IPG_001; JAXLA_CBC_003; JAXLA_IPG_001; JAX_PLC_001; JAX_URI_001; KMPCLA_IPG_001; M-G-P_025_001; MGP_IPG_001; RBRCLA_CBC_003; TCPLA_CBC_003; TCPLA_IPG_001; UCDLA_IPG_001,default
11,122,207,6209,218,2.70448245822444,2.4846175070704284,0.004617124891318286,MP:0000199,abnormal circulating serum albumin level,MP:0005376,homeostasis/metabolism phenotype,0.026404182972226447,True,independent,ESLIM_015_001; HRWLLA_CBC_002; IMPC_CBC_001; IMPC_CBC_002; IMPC_CBC_003; JAXLA_CBC_003; KMPCLA_CBC_003; M-G-P_025_001; UCDLA_CBC_003,default
7,126,97,6319,104,3.6191294387170676,3.3142712550607287,0.005041115288223674,MP:0003018,abnormal circulating chloride level,MP:0005376,homeostasis/metabolism phenotype,0.02713306169838036,True,independent,ESLIM_015_001; GMC_906_001; HMGULA_CBC_002; HRWLLA_CBC_002; IMPC_CBC_001; IMPC_CBC_002; IMPC_CBC_003; M-G-P_025_001; TCPLA_CBC_003,default
7,126,97,6319,104,3.6191294387170676,3.3142712550607287,0.005041115288223674,MP:0012007,abnormal chloride level,MP:0005376,homeostasis/metabolism phenotype,0.02713306169838036,True,independent,ESLIM_015_001; GMC_906_001; HMGULA_CBC_002; HRWLLA_CBC_002; IMPC_CBC_001; IMPC_CBC_002; IMPC_CBC_003; M-G-P_025_001; TCPLA_CBC_003,default
3,130,15,6401,18,9.847692307692308,8.206766917293233,0.005344714236513349,MP:0008805,decreased circulating amylase level,MP:0005376,homeostasis/metabolism phenotype,0.027945220150912657,True,independent,ESLIM_015_001; GMC_906_001; IMPC_CBC_001; IMPC_CBC_002; IMPC_CBC_003; M-G-P_025_001,default
69,64,2601,3815,2670,1.5813329008073818,1.2725099265016473,0.005782480256610141,MP:0001764,abnormal homeostasis,MP:0005376,homeostasis/metabolism phenotype,0.02939427463776821,True,independent,BCMLA_IPG_001; ESLIM_004_001; ESLIM_015_001; ESLIM_021_001; GMC_906_001; GMC_914_001; HMGULA_CAL_003; HMGULA_CBC_002; HMGULA_IPG_001; HRWLLA_CBC_002; HRWLLA_IPG_001; ICSLA_CBC_003; IMPC_CAL_002; IMPC_CAL_003; IMPC_CBC_001; IMPC_CBC_002; IMPC_CBC_003; IMPC_ECH_001; IMPC_GEL_003; IMPC_GEM_003; IMPC_GEO_003; IMPC_GEP_003; IMPC_INS_002; IMPC_INS_003; IMPC_IPG_001; JAXLA_CBC_003; JAXLA_IPG_001; JAX_PLC_001; JAX_URI_001; KMPCLA_CBC_003; KMPCLA_IPG_001; M-G-P_025_001; MGP_IPG_001; RBRCLA_CBC_003; TCPLA_CBC_003; TCPLA_IPG_001; UCDLA_CBC_003; UCDLA_IPG_001,default
5,128,53,6363,58,4.68971108490566,4.244879439979258,0.006202027310468733,MP:0003019,increased circulating chloride level,MP:0005376,homeostasis/metabolism phenotype,0.030674891832858864,True,independent,ESLIM_015_001; GMC_906_001; HRWLLA_CBC_002; IMPC_CBC_001; IMPC_CBC_002; IMPC_CBC_003; M-G-P_025_001; TCPLA_CBC_003,default
15,118,349,6067,364,2.2098246806857365,2.0291456663637115,0.006703063581041254,MP:0014460,increased lipid level,MP:0005376,homeostasis/metabolism phenotype,0.03228054303501446,True,independent,ESLIM_015_001; ESLIM_021_001; GMC_906_001; HMGULA_CBC_002; HRWLLA_CBC_002; ICSLA_CBC_003; IMPC_CBC_001; IMPC_CBC_002; IMPC_CBC_003; JAXLA_CBC_003; JAX_PLC_001; KMPCLA_CBC_003; M-G-P_025_001; TCPLA_CBC_003; UCDLA_CBC_003,default
3,130,17,6399,20,8.686425339366515,7.386090225563909,0.007249212906378926,MP:0000182,increased circulating LDL cholesterol level,MP:0005376,homeostasis/metabolism phenotype,0.03401553748377804,True,independent,ESLIM_015_001; ESLIM_021_001; IMPC_CBC_001; IMPC_CBC_002; IMPC_CBC_003; KMPCLA_CBC_003; M-G-P_025_001,default
7,126,105,6311,112,3.339153439153439,3.0775375939849625,0.007523802825882869,MP:0000186,decreased circulating HDL cholesterol level,MP:0005376,homeostasis/metabolism phenotype,0.03442139792841412,True,independent,ESLIM_015_001; ESLIM_021_001; HMGULA_CBC_002; HRWLLA_CBC_002; IMPC_CBC_001; IMPC_CBC_002; IMPC_CBC_003; JAX_PLC_001; M-G-P_025_001; TCPLA_CBC_003; UCDLA_CBC_003,default
11,122,236,6180,247,2.3610725201444844,2.1929012815439406,0.011439498541620699,MP:0003982,increased cholesterol level,MP:0005376,homeostasis/metabolism phenotype,0.04868437751433926,True,independent,ESLIM_015_001; ESLIM_021_001; HMGULA_CBC_002; HRWLLA_CBC_002; ICSLA_CBC_003; IMPC_CBC_001; IMPC_CBC_002; IMPC_CBC_003; JAXLA_CBC_003; JAX_PLC_001; KMPCLA_CBC_003; M-G-P_025_001; TCPLA_CBC_003; UCDLA_CBC_003,default
11,122,236,6180,247,2.3610725201444844,2.1929012815439406,0.011439498541620699,MP:0005178,increased circulating cholesterol level,MP:0005376,homeostasis/metabolism phenotype,0.04868437751433926,True,independent,ESLIM_015_001; ESLIM_021_001; HMGULA_CBC_002; HRWLLA_CBC_002; ICSLA_CBC_003; IMPC_CBC_001; IMPC_CBC_002; IMPC_CBC_003; JAXLA_CBC_003; JAX_PLC_001; KMPCLA_CBC_003; M-G-P_025_001; TCPLA_CBC_003; UCDLA_CBC_003,default
11,122,236,6180,247,2.3610725201444844,2.1929012815439406,0.011439498541620699,MP:0012226,increased sterol level,MP:0005376,homeostasis/metabolism phenotype,0.04868437751433926,True,independent,ESLIM_015_001; ESLIM_021_001; HMGULA_CBC_002; HRWLLA_CBC_002; ICSLA_CBC_003; IMPC_CBC_001; IMPC_CBC_002; IMPC_CBC_003; JAXLA_CBC_003; JAX_PLC_001; KMPCLA_CBC_003; M-G-P_025_001; TCPLA_CBC_003; UCDLA_CBC_003,default
20,113,558,5858,578,1.8580898912043644,1.7038270416525743,0.012252154027424975,MP:0000188,abnormal circulating glucose level,MP:0005376,homeostasis/metabolism phenotype,0.05095782243224478,False,independent,BCMLA_IPG_001; ESLIM_015_001; ESLIM_021_001; GMC_906_001; HMGULA_CBC_002; HRWLLA_CBC_002; HRWLLA_IPG_001; IMPC_CBC_001; IMPC_CBC_002; IMPC_CBC_003; IMPC_IPG_001; JAXLA_CBC_003; JAXLA_IPG_001; JAX_PLC_001; KMPCLA_IPG_001; M-G-P_025_001; MGP_IPG_001; RBRCLA_CBC_003; TCPLA_CBC_003; TCPLA_IPG_001; UCDLA_IPG_001,default
2,131,7,6409,9,13.978189749182116,10.94235588972431,0.013421906970602186,MP:0000183,decreased circulating LDL cholesterol level,MP:0005376,homeostasis/metabolism phenotype,0.054582421680448884,False,independent,ESLIM_015_001; ESLIM_021_001; IMPC_CBC_001; M-G-P_025_001,default
8,125,151,6265,159,2.655364238410596,2.477514541069655,0.015298918157418042,MP:0005419,decreased circulating serum albumin level,MP:0005376,homeostasis/metabolism phenotype,0.059407100581759735,False,independent,ESLIM_015_001; HRWLLA_CBC_002; IMPC_CBC_001; IMPC_CBC_002; IMPC_CBC_003; JAXLA_CBC_003; KMPCLA_CBC_003; M-G-P_025_001; UCDLA_CBC_003,default
10,123,215,6201,225,2.344866704480998,2.1884711779448622,0.015845952720353645,MP:0014461,decreased lipid level,MP:0005376,homeostasis/metabolism phenotype,0.059407100581759735,False,independent,ESLIM_015_001; ESLIM_021_001; GMC_906_001; HMGULA_CBC_002; HRWLLA_CBC_002; IMPC_CBC_001; IMPC_CBC_002; IMPC_CBC_003; JAXLA_CBC_003; JAX_PLC_001; M-G-P_025_001; TCPLA_CBC_003; UCDLA_CBC_003,default
2,131,8,6408,10,12.229007633587786,9.84812030075188,0.01655607721131009,MP:0005468,abnormal thyroid hormone level,MP:0005376,homeostasis/metabolism phenotype,0.059407100581759735,False,independent,IMPC_CBC_001,default
2,131,8,6408,10,12.229007633587786,9.84812030075188,0.01655607721131009,MP:0005469,abnormal thyroxine level,MP:0005376,homeostasis/metabolism phenotype,0.059407100581759735,False,independent,IMPC_CBC_001,default
2,131,8,6408,10,12.229007633587786,9.84812030075188,0.01655607721131009,MP:0005475,abnormal circulating thyroxine level,MP:0005376,homeostasis/metabolism phenotype,0.059407100581759735,False,independent,IMPC_CBC_001,default
2,131,8,6408,10,12.229007633587786,9.84812030075188,0.01655607721131009,MP:0021145,abnormal amino acid derivative level,MP:0005376,homeostasis/metabolism phenotype,0.059407100581759735,False,independent,IMPC_CBC_001,default
10,123,219,6197,229,2.3005531425177264,2.1502446071510657,0.017720383430975817,MP:0009644,uremia,MP:0005376,homeostasis/metabolism phenotype,0.06213493761450585,False,independent,ESLIM_015_001; GMC_906_001; HMGULA_CBC_002; HRWLLA_CBC_002; ICSLA_CBC_003; IMPC_CBC_001; IMPC_CBC_002; IMPC_CBC_003; JAXLA_CBC_003; KMPCLA_CBC_003; M-G-P_025_001; TCPLA_CBC_003; UCDLA_CBC_003,default
16,117,431,5985,447,1.898982687845797,1.7625271231770703,0.01841264684968644,MP:0014535,increased mineral level,MP:0005376,homeostasis/metabolism phenotype,0.06213493761450585,False,independent,ESLIM_015_001; GMC_906_001; HMGULA_CBC_002; HRWLLA_CBC_002; ICSLA_CBC_003; IMPC_CBC_001; IMPC_CBC_002; IMPC_CBC_003; JAXLA_CBC_003; KMPCLA_CBC_003; M-G-P_025_001; TCPLA_CBC_003,default
16,117,431,5985,447,1.898982687845797,1.7625271231770703,0.01841264684968644,MP:0014547,increased circulating mineral level,MP:0005376,homeostasis/metabolism phenotype,0.06213493761450585,False,independent,ESLIM_015_001; GMC_906_001; HMGULA_CBC_002; HRWLLA_CBC_002; ICSLA_CBC_003; IMPC_CBC_001; IMPC_CBC_002; IMPC_CBC_003; JAXLA_CBC_003; KMPCLA_CBC_003; M-G-P_025_001; TCPLA_CBC_003,default
9,124,189,6227,198,2.391321044546851,2.2382091592617908,0.019013969980395232,MP:0005265,abnormal blood urea nitrogen level,MP:0005376,homeostasis/metabolism phenotype,0.06213493761450585,False,independent,ESLIM_015_001; GMC_906_001; HMGULA_CBC_002; HRWLLA_CBC_002; ICSLA_CBC_003; IMPC_CBC_001; IMPC_CBC_002; IMPC_CBC_003; JAXLA_CBC_003; KMPCLA_CBC_003; M-G-P_025_001; RBRCLA_CBC_003; UCDLA_CBC_003,default
9,124,189,6227,198,2.391321044546851,2.2382091592617908,0.019013969980395232,MP:0014809,abnormal circulating urea level,MP:0005376,homeostasis/metabolism phenotype,0.06213493761450585,False,independent,ESLIM_015_001; GMC_906_001; HMGULA_CBC_002; HRWLLA_CBC_002; ICSLA_CBC_003; IMPC_CBC_001; IMPC_CBC_002; IMPC_CBC_003; JAXLA_CBC_003; KMPCLA_CBC_003; M-G-P_025_001; RBRCLA_CBC_003; UCDLA_CBC_003,default
23,110,712,5704,735,1.675076608784474,1.5408623599815865,0.02233595482200261,MP:0001765,abnormal ion homeostasis,MP:0005376,homeostasis/metabolism phenotype,0.07171017074432418,False,independent,ESLIM_015_001; GMC_906_001; HMGULA_CBC_002; HRWLLA_CBC_002; ICSLA_CBC_003; IMPC_CBC_001; IMPC_CBC_002; IMPC_CBC_003; JAXLA_CBC_003; KMPCLA_CBC_003; M-G-P_025_001; RBRCLA_CBC_003; TCPLA_CBC_003; UCDLA_CBC_003,default
12,121,304,6112,316,1.9939103958242714,1.8698962596364328,0.026439822263163083,MP:0005560,decreased circulating glucose level,MP:0005376,homeostasis/metabolism phenotype,0.08342219783032491,False,independent,ESLIM_015_001; ESLIM_021_001; GMC_906_001; HMGULA_CBC_002; HRWLLA_CBC_002; HRWLLA_IPG_001; IMPC_CBC_001; IMPC_CBC_002; IMPC_CBC_003; IMPC_IPG_001; JAXLA_CBC_003; JAX_PLC_001; KMPCLA_IPG_001; M-G-P_025_001; MGP_IPG_001; TCPLA_CBC_003; TCPLA_IPG_001; UCDLA_IPG_001,default
2,131,11,6405,13,8.889659958362248,7.575477154424522,0.02758011708411458,MP:0005628,decreased circulating potassium level,MP:0005376,homeostasis/metabolism phenotype,0.0855451089219147,False,independent,ESLIM_015_001; GMC_906_001; IMPC_CBC_001; IMPC_CBC_002; IMPC_CBC_003; M-G-P_025_001,default
4,129,54,6362,58,3.6531725523973586,3.395903551983407,0.029655915800101865,MP:0008810,increased circulating iron level,MP:0005376,homeostasis/metabolism phenotype,0.08896774740030558,False,independent,ESLIM_015_001; HRWLLA_CBC_002; IMPC_CBC_001; IMPC_CBC_002; IMPC_CBC_003; M-G-P_025_001,default
4,129,54,6362,58,3.6531725523973586,3.395903551983407,0.029655915800101865,MP:0014541,increased iron level,MP:0005376,homeostasis/metabolism phenotype,0.08896774740030558,False,independent,ESLIM_015_001; HRWLLA_CBC_002; IMPC_CBC_001; IMPC_CBC_002; IMPC_CBC_003; M-G-P_025_001,default
6,127,111,6305,117,2.6835496914237074,2.525159051474841,0.03133443764126688,MP:0014449,decreased enzyme/coenzyme level,MP:0005376,homeostasis/metabolism phenotype,0.0910190807674895,False,independent,ESLIM_015_001; GMC_906_001; HRWLLA_CBC_002; IMPC_CBC_001; IMPC_CBC_002; IMPC_CBC_003; JAXLA_CBC_003; M-G-P_025_001; TCPLA_CBC_003; UCDLA_CBC_003,default
6,127,111,6305,117,2.6835496914237074,2.525159051474841,0.03133443764126688,MP:0014451,decreased circulating enzyme level,MP:0005376,homeostasis/metabolism phenotype,0.0910190807674895,False,independent,ESLIM_015_001; GMC_906_001; HRWLLA_CBC_002; IMPC_CBC_001; IMPC_CBC_002; IMPC_CBC_003; JAXLA_CBC_003; M-G-P_025_001; TCPLA_CBC_003; UCDLA_CBC_003,default
5,128,84,6332,89,2.9445684523809526,2.766325927177494,0.03424312744800902,MP:0008804,abnormal circulating amylase level,MP:0005376,homeostasis/metabolism phenotype,0.09432702071601828,False,independent,ESLIM_015_001; GMC_906_001; HRWLLA_CBC_002; IMPC_CBC_001; IMPC_CBC_002; IMPC_CBC_003; M-G-P_025_001,default
21,112,663,5753,684,1.6269796380090498,1.5117728531855956,0.03453502944247664,MP:0000192,abnormal mineral level,MP:0005376,homeostasis/metabolism phenotype,0.09432702071601828,False,independent,ESLIM_015_001; GMC_906_001; HMGULA_CBC_002; HRWLLA_CBC_002; ICSLA_CBC_003; IMPC_CBC_001; IMPC_CBC_002; IMPC_CBC_003; JAXLA_CBC_003; KMPCLA_CBC_003; M-G-P_025_001; RBRCLA_CBC_003; TCPLA_CBC_003; UCDLA_CBC_003,default
21,112,663,5753,684,1.6269796380090498,1.5117728531855956,0.03453502944247664,MP:0005636,abnormal mineral homeostasis,MP:0005376,homeostasis/metabolism phenotype,0.09432702071601828,False,independent,ESLIM_015_001; GMC_906_001; HMGULA_CBC_002; HRWLLA_CBC_002; ICSLA_CBC_003; IMPC_CBC_001; IMPC_CBC_002; IMPC_CBC_003; JAXLA_CBC_003; KMPCLA_CBC_003; M-G-P_025_001; RBRCLA_CBC_003; TCPLA_CBC_003; UCDLA_CBC_003,default
21,112,663,5753,684,1.6269796380090498,1.5117728531855956,0.03453502944247664,MP:0006357,abnormal circulating mineral level,MP:0005376,homeostasis/metabolism phenotype,0.09432702071601828,False,independent,ESLIM_015_001; GMC_906_001; HMGULA_CBC_002; HRWLLA_CBC_002; ICSLA_CBC_003; IMPC_CBC_001; IMPC_CBC_002; IMPC_CBC_003; JAXLA_CBC_003; KMPCLA_CBC_003; M-G-P_025_001; RBRCLA_CBC_003; TCPLA_CBC_003; UCDLA_CBC_003,default
5,128,86,6330,91,2.8751816860465116,2.7055275551516154,0.03716937074774354,MP:0002668,abnormal circulating potassium level,MP:0005376,homeostasis/metabolism phenotype,0.09625897896668434,False,independent,ESLIM_015_001; GMC_906_001; HRWLLA_CBC_002; IMPC_CBC_001; IMPC_CBC_002; IMPC_CBC_003; M-G-P_025_001; TCPLA_CBC_003,default
5,128,86,6330,91,2.8751816860465116,2.7055275551516154,0.03716937074774354,MP:0011978,abnormal potassium ion homeostasis,MP:0005376,homeostasis/metabolism phenotype,0.09625897896668434,False,independent,ESLIM_015_001; GMC_906_001; HRWLLA_CBC_002; IMPC_CBC_001; IMPC_CBC_002; IMPC_CBC_003; M-G-P_025_001; TCPLA_CBC_003,default
5,128,86,6330,91,2.8751816860465116,2.7055275551516154,0.03716937074774354,MP:0020887,abnormal potassium level,MP:0005376,homeostasis/metabolism phenotype,0.09625897896668434,False,independent,ESLIM_015_001; GMC_906_001; HRWLLA_CBC_002; IMPC_CBC_001; IMPC_CBC_002; IMPC_CBC_003; M-G-P_025_001; TCPLA_CBC_003,default
6,127,116,6300,122,2.5658430627206084,2.4216689264143967,0.03734637981767534,MP:0005292,improved glucose tolerance,MP:0005376,homeostasis/metabolism phenotype,0.09625897896668434,False,independent,HMGULA_IPG_001; HRWLLA_IPG_001; IMPC_IPG_001; JAXLA_IPG_001; KMPCLA_IPG_001; MGP_IPG_001; TCPLA_IPG_001; UCDLA_IPG_001,default
1,132,1,6415,2,48.59848484848485,24.620300751879697,0.04020749366203535,MP:0003870,decreased urine glucose level,MP:0005376,homeostasis/metabolism phenotype,0.09952111211223671,False,independent,JAX_URI_001,default
1,132,1,6415,2,48.59848484848485,24.620300751879697,0.04020749366203535,MP:0005534,decreased body temperature,MP:0005376,homeostasis/metabolism phenotype,0.09952111211223671,False,independent,GMC_914_001; IMPC_ECH_001,default
2,131,14,6402,16,6.981461286804798,6.155075187969924,0.04078734102960521,MP:0003439,abnormal glycerol level,MP:0005376,homeostasis/metabolism phenotype,0.09952111211223671,False,independent,ESLIM_021_001; IMPC_CBC_001; M-G-P_025_001,default
2,131,14,6402,16,6.981461286804798,6.155075187969924,0.04078734102960521,MP:0011973,abnormal circulating glycerol level,MP:0005376,homeostasis/metabolism phenotype,0.09952111211223671,False,independent,ESLIM_021_001; IMPC_CBC_001; M-G-P_025_001,default
9,124,221,6195,230,2.0345569989782515,1.926806145799281,0.04386495037778765,MP:0000203,abnormal circulating aspartate transaminase level,MP:0005376,homeostasis/metabolism phenotype,0.1046986383953439,False,independent,ESLIM_015_001; HRWLLA_CBC_002; IMPC_CBC_001; IMPC_CBC_002; IMPC_CBC_003; JAXLA_CBC_003; M-G-P_025_001; TCPLA_CBC_003; UCDLA_CBC_003,default
6,127,121,6295,127,2.457864254571484,2.326327630098869,0.044053525445035414,MP:0014530,increased circulating amino acid level,MP:0005376,homeostasis/metabolism phenotype,0.1046986383953439,False,independent,ESLIM_015_001; GMC_906_001; HMGULA_CBC_002; HRWLLA_CBC_002; ICSLA_CBC_003; IMPC_CBC_001; IMPC_CBC_002; IMPC_CBC_003; JAXLA_CBC_003; M-G-P_025_001; TCPLA_CBC_003; UCDLA_CBC_003,default
7,126,154,6262,161,2.259018759018759,2.1408957175547565,0.04503072539490425,MP:0001556,increased circulating HDL cholesterol level,MP:0005376,homeostasis/metabolism phenotype,0.10564900958035228,False,independent,ESLIM_021_001; HRWLLA_CBC_002; ICSLA_CBC_003; IMPC_CBC_001; IMPC_CBC_002; IMPC_CBC_003; JAXLA_CBC_003; JAX_PLC_001; KMPCLA_CBC_003; M-G-P_025_001; UCDLA_CBC_003,default
6,127,127,6289,133,2.339512679025358,2.2213805189665896,0.05304361390590895,MP:0005565,increased blood urea nitrogen level,MP:0005376,homeostasis/metabolism phenotype,0.11983927586149798,False,independent,ESLIM_015_001; GMC_906_001; HMGULA_CBC_002; HRWLLA_CBC_002; ICSLA_CBC_003; IMPC_CBC_001; IMPC_CBC_002; IMPC_CBC_003; JAXLA_CBC_003; KMPCLA_CBC_003; M-G-P_025_001; UCDLA_CBC_003,default
6,127,127,6289,133,2.339512679025358,2.2213805189665896,0.05304361390590895,MP:0005633,increased circulating sodium level,MP:0005376,homeostasis/metabolism phenotype,0.11983927586149798,False,independent,ESLIM_015_001; IMPC_CBC_001; IMPC_CBC_002; IMPC_CBC_003; M-G-P_025_001; TCPLA_CBC_003,default
6,127,127,6289,133,2.339512679025358,2.2213805189665896,0.05304361390590895,MP:0014810,increased circulating urea level,MP:0005376,homeostasis/metabolism phenotype,0.11983927586149798,False,independent,ESLIM_015_001; GMC_906_001; HMGULA_CBC_002; HRWLLA_CBC_002; ICSLA_CBC_003; IMPC_CBC_001; IMPC_CBC_002; IMPC_CBC_003; JAXLA_CBC_003; KMPCLA_CBC_003; M-G-P_025_001; UCDLA_CBC_003,default
12,121,341,6075,353,1.766801580184678,1.6739014675498944,0.05425555999023526,MP:0013277,abnormal fasting circulating glucose level,MP:0005376,homeostasis/metabolism phenotype,0.1210825302221104,False,independent,BCMLA_IPG_001; HRWLLA_IPG_001; IMPC_IPG_001; JAXLA_IPG_001; KMPCLA_IPG_001; MGP_IPG_001; TCPLA_IPG_001; UCDLA_IPG_001,default
6,127,130,6286,136,2.2844336765596607,2.1723794781070325,0.05792969452546809,MP:0001566,increased circulating phosphate level,MP:0005376,homeostasis/metabolism phenotype,0.1255870955649388,False,independent,ESLIM_015_001; HMGULA_CBC_002; HRWLLA_CBC_002; IMPC_CBC_001; IMPC_CBC_002; IMPC_CBC_003; JAXLA_CBC_003; KMPCLA_CBC_003,default
6,127,130,6286,136,2.2844336765596607,2.1723794781070325,0.05792969452546809,MP:0014545,increased phosphate level,MP:0005376,homeostasis/metabolism phenotype,0.1255870955649388,False,independent,ESLIM_015_001; HMGULA_CBC_002; HRWLLA_CBC_002; IMPC_CBC_001; IMPC_CBC_002; IMPC_CBC_003; JAXLA_CBC_003; KMPCLA_CBC_003,default
1,132,2,6414,3,24.295454545454547,16.413533834586467,0.05970534051447911,MP:0005535,abnormal body temperature,MP:0005376,homeostasis/metabolism phenotype,0.1255870955649388,False,independent,GMC_914_001; IMPC_ECH_001,default
1,132,2,6414,3,24.295454545454547,16.413533834586467,0.05970534051447911,MP:0011894,decreased circulating transferrin level,MP:0005376,homeostasis/metabolism phenotype,0.1255870955649388,False,independent,IMPC_CBC_002,default
1,132,2,6414,3,24.295454545454547,16.413533834586467,0.05970534051447911,MP:0011897,decreased circulating unsaturated transferrin level,MP:0005376,homeostasis/metabolism phenotype,0.1255870955649388,False,independent,IMPC_CBC_002,default
4,129,71,6345,75,2.77104487389453,2.6261654135338346,0.06553360581984721,MP:0010086,abnormal circulating fructosamine level,MP:0005376,homeostasis/metabolism phenotype,0.13628011210263682,False,independent,ESLIM_015_001; HRWLLA_CBC_002; IMPC_CBC_001; IMPC_CBC_002; M-G-P_025_001,default
2,131,19,6397,21,5.140216954600241,4.689581095596133,0.06685922143403605,MP:0005632,decreased circulating aspartate transaminase level,MP:0005376,homeostasis/metabolism phenotype,0.1374745789036921,False,independent,IMPC_CBC_003; JAXLA_CBC_003; M-G-P_025_001; TCPLA_CBC_003; UCDLA_CBC_003,default
10,123,279,6137,289,1.7883264854153917,1.7038270416525743,0.0686427057793515,MP:0005291,abnormal glucose tolerance,MP:0005376,homeostasis/metabolism phenotype,0.13957350175134803,False,independent,BCMLA_IPG_001; HMGULA_IPG_001; HRWLLA_IPG_001; IMPC_IPG_001; JAXLA_IPG_001; KMPCLA_IPG_001; MGP_IPG_001; TCPLA_IPG_001; UCDLA_IPG_001,default
2,131,20,6396,22,4.882442748091603,4.4764183185235815,0.0725943563419587,MP:0010087,increased circulating fructosamine level,MP:0005376,homeostasis/metabolism phenotype,0.14598645286349937,False,independent,IMPC_CBC_001; IMPC_CBC_002; M-G-P_025_001,default
1,132,3,6413,4,16.194444444444443,12.310150375939848,0.0788100135532164,MP:0003351,decreased circulating levels of thyroid hormone,MP:0005376,homeostasis/metabolism phenotype,0.15181297347619582,False,independent,IMPC_CBC_001,default
1,132,3,6413,4,16.194444444444443,12.310150375939848,0.0788100135532164,MP:0005471,decreased thyroxine level,MP:0005376,homeostasis/metabolism phenotype,0.15181297347619582,False,independent,IMPC_CBC_001,default
1,132,3,6413,4,16.194444444444443,12.310150375939848,0.0788100135532164,MP:0005478,decreased circulating thyroxine level,MP:0005376,homeostasis/metabolism phenotype,0.15181297347619582,False,independent,IMPC_CBC_001,default
1,132,3,6413,4,16.194444444444443,12.310150375939848,0.0788100135532164,MP:0014528,decreased amino acid level,MP:0005376,homeostasis/metabolism phenotype,0.15181297347619582,False,independent,IMPC_CBC_001,default
6,127,149,6267,155,1.9871056386408075,1.906087800145525,0.09496724749086506,MP:0001776,abnormal circulating sodium level,MP:0005376,homeostasis/metabolism phenotype,0.17733679888600315,False,independent,ESLIM_015_001; GMC_906_001; IMPC_CBC_001; IMPC_CBC_002; IMPC_CBC_003; M-G-P_025_001; TCPLA_CBC_003,default
6,127,149,6267,155,1.9871056386408075,1.906087800145525,0.09496724749086506,MP:0011977,abnormal sodium ion homeostasis,MP:0005376,homeostasis/metabolism phenotype,0.17733679888600315,False,independent,ESLIM_015_001; GMC_906_001; IMPC_CBC_001; IMPC_CBC_002; IMPC_CBC_003; M-G-P_025_001; TCPLA_CBC_003,default
6,127,149,6267,155,1.9871056386408075,1.906087800145525,0.09496724749086506,MP:0020889,abnormal sodium level,MP:0005376,homeostasis/metabolism phenotype,0.17733679888600315,False,independent,ESLIM_015_001; GMC_906_001; IMPC_CBC_001; IMPC_CBC_002; IMPC_CBC_003; M-G-P_025_001; TCPLA_CBC_003,default
5,128,116,6300,121,2.1214978448275863,2.0347355993289007,0.09923192633870236,MP:0005553,increased circulating creatinine level,MP:0005376,homeostasis/metabolism phenotype,0.18342871232305585,False,independent,ESLIM_015_001; GMC_906_001; HMGULA_CBC_002; HRWLLA_CBC_002; ICSLA_CBC_003; IMPC_CBC_001; IMPC_CBC_002; IMPC_CBC_003; JAXLA_CBC_003; M-G-P_025_001; TCPLA_CBC_003; UCDLA_CBC_003,default
7,126,189,6227,196,1.8303938859494415,1.7585929108485499,0.10331033639918077,MP:0001565,abnormal circulating phosphate level,MP:0005376,homeostasis/metabolism phenotype,0.18718605505990177,False,independent,ESLIM_015_001; HMGULA_CBC_002; HRWLLA_CBC_002; IMPC_CBC_001; IMPC_CBC_002; IMPC_CBC_003; JAXLA_CBC_003; KMPCLA_CBC_003; RBRCLA_CBC_003; UCDLA_CBC_003,default
7,126,189,6227,196,1.8303938859494415,1.7585929108485499,0.10331033639918077,MP:0020885,abnormal phosphate level,MP:0005376,homeostasis/metabolism phenotype,0.18718605505990177,False,independent,ESLIM_015_001; HMGULA_CBC_002; HRWLLA_CBC_002; IMPC_CBC_001; IMPC_CBC_002; IMPC_CBC_003; JAXLA_CBC_003; KMPCLA_CBC_003; RBRCLA_CBC_003; UCDLA_CBC_003,default
4,129,85,6331,89,2.30953032375741,2.2130607417419954,0.10658047012521489,MP:0005567,decreased circulating total protein level,MP:0005376,homeostasis/metabolism phenotype,0.19121790228347377,False,independent,ESLIM_015_001; HMGULA_CBC_002; HRWLLA_CBC_002; IMPC_CBC_001; IMPC_CBC_002; IMPC_CBC_003; M-G-P_025_001,default
5,128,121,6295,126,2.032218491735537,1.9539921231650554,0.11280432820946025,MP:0013278,decreased fasting circulating glucose level,MP:0005376,homeostasis/metabolism phenotype,0.19453598387130588,False,independent,HRWLLA_IPG_001; IMPC_IPG_001; KMPCLA_IPG_001; MGP_IPG_001; TCPLA_IPG_001; UCDLA_IPG_001,default
1,132,5,6411,6,9.713636363636363,8.206766917293233,0.11587115979219859,MP:0003350,increased circulating levels of thyroid hormone,MP:0005376,homeostasis/metabolism phenotype,0.19453598387130588,False,independent,IMPC_CBC_001,default
1,132,5,6411,6,9.713636363636363,8.206766917293233,0.11587115979219859,MP:0005470,increased thyroxine level,MP:0005376,homeostasis/metabolism phenotype,0.19453598387130588,False,independent,IMPC_CBC_001,default
1,132,5,6411,6,9.713636363636363,8.206766917293233,0.11587115979219859,MP:0005477,increased circulating thyroxine level,MP:0005376,homeostasis/metabolism phenotype,0.19453598387130588,False,independent,IMPC_CBC_001,default
1,132,5,6411,6,9.713636363636363,8.206766917293233,0.11587115979219859,MP:0014455,decreased hormone level,MP:0005376,homeostasis/metabolism phenotype,0.19453598387130588,False,independent,IMPC_CBC_001; IMPC_INS_003,default
1,132,5,6411,6,9.713636363636363,8.206766917293233,0.11587115979219859,MP:0014457,decreased circulating hormone level,MP:0005376,homeostasis/metabolism phenotype,0.19453598387130588,False,independent,IMPC_CBC_001; IMPC_INS_003,default
1,132,5,6411,6,9.713636363636363,8.206766917293233,0.11587115979219859,MP:0014527,increased amino acid level,MP:0005376,homeostasis/metabolism phenotype,0.19453598387130588,False,independent,IMPC_CBC_001,default
3,130,56,6360,59,2.620879120879121,2.5037593984962405,0.11751445170399495,MP:0002965,increased circulating serum albumin level,MP:0005376,homeostasis/metabolism phenotype,0.19550131510755522,False,independent,ESLIM_015_001; HRWLLA_CBC_002; IMPC_CBC_001; IMPC_CBC_002; IMPC_CBC_003; JAXLA_CBC_003; KMPCLA_CBC_003; M-G-P_025_001,default
7,126,201,6215,208,1.7177998894416804,1.6571356275303644,0.12983330943858143,MP:0005332,abnormal amino acid level,MP:0005376,homeostasis/metabolism phenotype,0.20756993056500114,False,independent,ESLIM_015_001; GMC_906_001; HMGULA_CBC_002; HRWLLA_CBC_002; ICSLA_CBC_003; IMPC_CBC_001; IMPC_CBC_002; IMPC_CBC_003; JAXLA_CBC_003; JAX_URI_001; M-G-P_025_001; TCPLA_CBC_003; UCDLA_CBC_003,default
3,130,59,6357,62,2.486440677966102,2.3826097501819063,0.13103201065483386,MP:0003953,abnormal hormone level,MP:0005376,homeostasis/metabolism phenotype,0.20756993056500114,False,independent,IMPC_CBC_001; IMPC_INS_002; IMPC_INS_003,default
3,130,59,6357,62,2.486440677966102,2.3826097501819063,0.13103201065483386,MP:0005418,abnormal circulating hormone level,MP:0005376,homeostasis/metabolism phenotype,0.20756993056500114,False,independent,IMPC_CBC_001; IMPC_INS_002; IMPC_INS_003,default
7,126,202,6214,209,1.709020902090209,1.6492067489297406,0.13218674586898657,MP:0005343,increased circulating aspartate transaminase level,MP:0005376,homeostasis/metabolism phenotype,0.20756993056500114,False,independent,ESLIM_015_001; HRWLLA_CBC_002; IMPC_CBC_001; IMPC_CBC_002; IMPC_CBC_003; JAXLA_CBC_003; M-G-P_025_001; TCPLA_CBC_003; UCDLA_CBC_003,default
9,124,280,6136,289,1.590552995391705,1.5334443374873168,0.13256430560539037,MP:0005559,increased circulating glucose level,MP:0005376,homeostasis/metabolism phenotype,0.20756993056500114,False,independent,BCMLA_IPG_001; ESLIM_015_001; ESLIM_021_001; HRWLLA_IPG_001; IMPC_CBC_001; IMPC_CBC_002; IMPC_CBC_003; IMPC_IPG_001; JAXLA_IPG_001; JAX_PLC_001; KMPCLA_IPG_001; M-G-P_025_001; MGP_IPG_001,default
1,132,6,6410,7,8.093434343434344,7.0343716433942,0.13384290604737778,MP:0011468,abnormal urine amino acid level,MP:0005376,homeostasis/metabolism phenotype,0.20756993056500114,False,independent,JAX_URI_001,default
1,132,6,6410,7,8.093434343434344,7.0343716433942,0.13384290604737778,MP:0011469,abnormal urine creatinine level,MP:0005376,homeostasis/metabolism phenotype,0.20756993056500114,False,independent,JAX_URI_001,default
1,132,6,6410,7,8.093434343434344,7.0343716433942,0.13384290604737778,MP:0011471,decreased urine creatinine level,MP:0005376,homeostasis/metabolism phenotype,0.20756993056500114,False,independent,JAX_URI_001,default
3,130,63,6353,66,2.3271062271062273,2.2382091592617908,0.14985419265514427,MP:0005566,decreased blood urea nitrogen level,MP:0005376,homeostasis/metabolism phenotype,0.21996604459214567,False,independent,ESLIM_015_001; HRWLLA_CBC_002; IMPC_CBC_001; IMPC_CBC_002; IMPC_CBC_003; JAXLA_CBC_003; KMPCLA_CBC_003; M-G-P_025_001,default
3,130,63,6353,66,2.3271062271062273,2.2382091592617908,0.14985419265514427,MP:0014811,decreased circulating urea level,MP:0005376,homeostasis/metabolism phenotype,0.21996604459214567,False,independent,ESLIM_015_001; HRWLLA_CBC_002; IMPC_CBC_001; IMPC_CBC_002; IMPC_CBC_003; JAXLA_CBC_003; KMPCLA_CBC_003; M-G-P_025_001,default
6,127,171,6245,177,1.7253764332090067,1.669172932330827,0.15043852174563438,MP:0001569,abnormal circulating bilirubin level,MP:0005376,homeostasis/metabolism phenotype,0.21996604459214567,False,independent,ESLIM_015_001; HRWLLA_CBC_002; IMPC_CBC_001; IMPC_CBC_002; IMPC_CBC_003; M-G-P_025_001; TCPLA_CBC_003; UCDLA_CBC_003,default
1,132,7,6409,8,6.936147186147186,6.155075187969924,0.15145203070278881,MP:0001758,abnormal urine glucose level,MP:0005376,homeostasis/metabolism phenotype,0.21996604459214567,False,independent,JAX_URI_001,default
1,132,7,6409,8,6.936147186147186,6.155075187969924,0.15145203070278881,MP:0003440,decreased glycerol level,MP:0005376,homeostasis/metabolism phenotype,0.21996604459214567,False,independent,ESLIM_021_001; IMPC_CBC_001; M-G-P_025_001,default
1,132,7,6409,8,6.936147186147186,6.155075187969924,0.15145203070278881,MP:0003441,increased glycerol level,MP:0005376,homeostasis/metabolism phenotype,0.21996604459214567,False,independent,ESLIM_021_001; IMPC_CBC_001; M-G-P_025_001,default
1,132,7,6409,8,6.936147186147186,6.155075187969924,0.15145203070278881,MP:0003442,decreased circulating glycerol level,MP:0005376,homeostasis/metabolism phenotype,0.21996604459214567,False,independent,ESLIM_021_001; IMPC_CBC_001; M-G-P_025_001,default
1,132,7,6409,8,6.936147186147186,6.155075187969924,0.15145203070278881,MP:0003443,increased circulating glycerol level,MP:0005376,homeostasis/metabolism phenotype,0.21996604459214567,False,independent,ESLIM_021_001; IMPC_CBC_001; M-G-P_025_001,default
1,132,8,6408,9,6.068181818181818,5.471177944862155,0.16870579616931217,MP:0011892,abnormal circulating transferrin level,MP:0005376,homeostasis/metabolism phenotype,0.24119656796081348,False,independent,IMPC_CBC_002,default
1,132,8,6408,9,6.068181818181818,5.471177944862155,0.16870579616931217,MP:0011895,abnormal circulating unsaturated transferrin level,MP:0005376,homeostasis/metabolism phenotype,0.24119656796081348,False,independent,IMPC_CBC_002,default
5,128,140,6276,145,1.7511160714285714,1.6979517759917033,0.17172961155952604,MP:0005344,increased circulating bilirubin level,MP:0005376,homeostasis/metabolism phenotype,0.243616425700723,False,independent,ESLIM_015_001; HRWLLA_CBC_002; IMPC_CBC_001; IMPC_CBC_002; IMPC_CBC_003; M-G-P_025_001; TCPLA_CBC_003; UCDLA_CBC_003,default
4,129,105,6311,109,1.8637135474344777,1.8069945505966751,0.180368888955237,MP:0001770,abnormal iron level,MP:0005376,homeostasis/metabolism phenotype,0.2500568687788513,False,independent,ESLIM_015_001; HMGULA_CBC_002; HRWLLA_CBC_002; IMPC_CBC_001; IMPC_CBC_002; IMPC_CBC_003; M-G-P_025_001; RBRCLA_CBC_003,default
4,129,105,6311,109,1.8637135474344777,1.8069945505966751,0.180368888955237,MP:0004152,abnormal circulating iron level,MP:0005376,homeostasis/metabolism phenotype,0.2500568687788513,False,independent,ESLIM_015_001; HMGULA_CBC_002; HRWLLA_CBC_002; IMPC_CBC_001; IMPC_CBC_002; IMPC_CBC_003; M-G-P_025_001; RBRCLA_CBC_003,default
4,129,105,6311,109,1.8637135474344777,1.8069945505966751,0.180368888955237,MP:0005637,abnormal iron homeostasis,MP:0005376,homeostasis/metabolism phenotype,0.2500568687788513,False,independent,ESLIM_015_001; GMC_906_001; HMGULA_CBC_002; HRWLLA_CBC_002; IMPC_CBC_001; IMPC_CBC_002; IMPC_CBC_003; M-G-P_025_001; RBRCLA_CBC_003,default
7,126,222,6194,229,1.55005005005005,1.5051712250057458,0.18352701250621298,MP:0013279,increased fasting circulating glucose level,MP:0005376,homeostasis/metabolism phenotype,0.25252212998975165,False,independent,BCMLA_IPG_001; HRWLLA_IPG_001; IMPC_IPG_001; JAXLA_IPG_001; KMPCLA_IPG_001; MGP_IPG_001,default
3,130,75,6341,78,1.9510769230769232,1.8938692886061306,0.21073235768509546,MP:0005627,increased circulating potassium level,MP:0005376,homeostasis/metabolism phenotype,0.287791204898302,False,independent,ESLIM_015_001; GMC_906_001; HRWLLA_CBC_002; IMPC_CBC_001; IMPC_CBC_002; IMPC_CBC_003; M-G-P_025_001; TCPLA_CBC_003,default
1,132,11,6405,12,4.411157024793388,4.103383458646617,0.21840541317826836,MP:0011436,decreased urine magnesium level,MP:0005376,homeostasis/metabolism phenotype,0.2960606711972082,False,independent,JAX_URI_001,default
6,127,195,6221,201,1.5072077528770442,1.4698687016047582,0.22392367425279788,MP:0005311,abnormal circulating amino acid level,MP:0005376,homeostasis/metabolism phenotype,0.30130906167839716,False,independent,ESLIM_015_001; GMC_906_001; HMGULA_CBC_002; HRWLLA_CBC_002; ICSLA_CBC_003; IMPC_CBC_001; IMPC_CBC_002; IMPC_CBC_003; JAXLA_CBC_003; M-G-P_025_001; TCPLA_CBC_003; UCDLA_CBC_003,default
1,132,12,6404,13,4.042929292929293,3.787738577212261,0.23430752118611456,MP:0010092,increased circulating magnesium level,MP:0005376,homeostasis/metabolism phenotype,0.31071214765984756,False,independent,IMPC_CBC_001; M-G-P_025_001,default
1,132,12,6404,13,4.042929292929293,3.787738577212261,0.23430752118611456,MP:0031659,increased magnesium level,MP:0005376,homeostasis/metabolism phenotype,0.31071214765984756,False,independent,IMPC_CBC_001; M-G-P_025_001,default
2,131,44,6372,46,2.2109646079111727,2.1408957175547565,0.23967132001551256,MP:0003020,decreased circulating chloride level,MP:0005376,homeostasis/metabolism phenotype,0.3155385004520777,False,independent,ESLIM_015_001; GMC_906_001; HMGULA_CBC_002; HRWLLA_CBC_002; IMPC_CBC_001; IMPC_CBC_002; IMPC_CBC_003; M-G-P_025_001,default
1,132,13,6403,14,3.7313519813519815,3.5171858216971,0.2498884727898854,MP:0011434,abnormal urine magnesium level,MP:0005376,homeostasis/metabolism phenotype,0.32663993228963595,False,independent,JAX_URI_001,default
7,126,250,6166,257,1.3702222222222222,1.3411836985459757,0.26680170693340766,MP:0002941,increased circulating alanine transaminase level,MP:0005376,homeostasis/metabolism phenotype,0.34627455580718863,False,independent,ESLIM_015_001; GMC_906_001; HRWLLA_CBC_002; IMPC_CBC_001; IMPC_CBC_002; IMPC_CBC_003; JAXLA_CBC_003; KMPCLA_CBC_003; M-G-P_025_001; TCPLA_CBC_003,default
2,131,51,6365,53,1.9054033827271366,1.8581359058022413,0.2926611497342328,MP:0010088,decreased circulating fructosamine level,MP:0005376,homeostasis/metabolism phenotype,0.377161904234962,False,independent,ESLIM_015_001; HRWLLA_CBC_002; IMPC_CBC_001; IMPC_CBC_002; M-G-P_025_001,default
7,126,260,6156,267,1.3153846153846154,1.2909520993494974,0.29887455289546233,MP:0001573,abnormal circulating alanine transaminase level,MP:0005376,homeostasis/metabolism phenotype,0.3824758264326546,False,independent,ESLIM_015_001; GMC_906_001; HRWLLA_CBC_002; IMPC_CBC_001; IMPC_CBC_002; IMPC_CBC_003; JAXLA_CBC_003; KMPCLA_CBC_003; M-G-P_025_001; RBRCLA_CBC_003; TCPLA_CBC_003; UCDLA_CBC_003,default
2,131,54,6362,56,1.7986994628216002,1.75859291084855,0.31528140812688393,MP:0014454,increased hormone level,MP:0005376,homeostasis/metabolism phenotype,0.3979068806015156,False,independent,IMPC_CBC_001; IMPC_INS_002; IMPC_INS_003,default
2,131,54,6362,56,1.7986994628216002,1.75859291084855,0.31528140812688393,MP:0014456,increased circulating hormone level,MP:0005376,homeostasis/metabolism phenotype,0.3979068806015156,False,independent,IMPC_CBC_001; IMPC_INS_002; IMPC_INS_003,default
1,132,18,6398,19,2.692760942760943,2.591610605461021,0.3231967799502719,MP:0001771,abnormal circulating magnesium level,MP:0005376,homeostasis/metabolism phenotype,0.3996284508844578,False,independent,IMPC_CBC_001; M-G-P_025_001,default
1,132,18,6398,19,2.692760942760943,2.591610605461021,0.3231967799502719,MP:0011979,abnormal magnesium ion homeostasis,MP:0005376,homeostasis/metabolism phenotype,0.3996284508844578,False,independent,IMPC_CBC_001; M-G-P_025_001,default
1,132,18,6398,19,2.692760942760943,2.591610605461021,0.3231967799502719,MP:0020883,abnormal magnesium level,MP:0005376,homeostasis/metabolism phenotype,0.3996284508844578,False,independent,IMPC_CBC_001; M-G-P_025_001,default
5,128,188,6228,193,1.2940492021276595,1.2756632513927304,0.3549633268371364,MP:0005328,abnormal circulating creatinine level,MP:0005376,homeostasis/metabolism phenotype,0.43596166987379836,False,independent,ESLIM_015_001; GMC_906_001; HMGULA_CBC_002; HRWLLA_CBC_002; ICSLA_CBC_003; IMPC_CBC_001; IMPC_CBC_002; IMPC_CBC_003; JAXLA_CBC_003; M-G-P_025_001; TCPLA_CBC_003; UCDLA_CBC_003,default
2,131,69,6347,71,1.4043588892576613,1.3870591972889972,0.4248800312534243,MP:0002644,decreased circulating triglyceride level,MP:0005376,homeostasis/metabolism phenotype,0.5149208325786533,False,independent,ESLIM_015_001; ESLIM_021_001; GMC_906_001; HMGULA_CBC_002; HRWLLA_CBC_002; IMPC_CBC_001; IMPC_CBC_002; IMPC_CBC_003; JAXLA_CBC_003; JAX_PLC_001; M-G-P_025_001; UCDLA_CBC_003,default
2,131,69,6347,71,1.4043588892576613,1.3870591972889972,0.4248800312534243,MP:0005318,decreased triglyceride level,MP:0005376,homeostasis/metabolism phenotype,0.5149208325786533,False,independent,ESLIM_015_001; ESLIM_021_001; GMC_906_001; HMGULA_CBC_002; HRWLLA_CBC_002; IMPC_CBC_001; IMPC_CBC_002; IMPC_CBC_003; JAXLA_CBC_003; JAX_PLC_001; M-G-P_025_001; UCDLA_CBC_003,default
2,131,70,6346,72,1.3840785169029444,1.3677944862155387,0.431888881801489,MP:0008806,increased circulating amylase level,MP:0005376,homeostasis/metabolism phenotype,0.5199714826952138,False,independent,ESLIM_015_001; GMC_906_001; HRWLLA_CBC_002; IMPC_CBC_001; IMPC_CBC_002; IMPC_CBC_003; M-G-P_025_001,default
1,132,27,6389,28,1.792648709315376,1.75859291084855,0.43768312307342355,MP:0001554,increased circulating free fatty acids level,MP:0005376,homeostasis/metabolism phenotype,0.5201039709249125,False,independent,ESLIM_021_001; IMPC_CBC_001; IMPC_CBC_003; JAX_PLC_001; M-G-P_025_001,default
1,132,27,6389,28,1.792648709315376,1.75859291084855,0.43768312307342355,MP:0005281,increased fatty acids level,MP:0005376,homeostasis/metabolism phenotype,0.5201039709249125,False,independent,ESLIM_021_001; IMPC_CBC_001; IMPC_CBC_003; JAX_PLC_001; M-G-P_025_001,default
4,129,163,6253,167,1.1895182384553193,1.1794156048804647,0.44171885310515535,MP:0005293,impaired glucose tolerance,MP:0005376,homeostasis/metabolism phenotype,0.5215132265693124,False,independent,BCMLA_IPG_001; HRWLLA_IPG_001; IMPC_IPG_001; JAXLA_IPG_001; KMPCLA_IPG_001; MGP_IPG_001; UCDLA_IPG_001,default
1,132,30,6386,31,1.6126262626262626,1.5884065001212708,0.4713976626804935,MP:0010090,increased circulating creatine kinase level,MP:0005376,homeostasis/metabolism phenotype,0.5494635176466899,False,independent,ESLIM_015_001; HRWLLA_CBC_002; IMPC_CBC_001; IMPC_CBC_002; IMPC_CBC_003; M-G-P_025_001,default
1,132,30,6386,31,1.6126262626262626,1.5884065001212708,0.4713976626804935,MP:0020280,increased creatine kinase level,MP:0005376,homeostasis/metabolism phenotype,0.5494635176466899,False,independent,ESLIM_015_001; HRWLLA_CBC_002; IMPC_CBC_001; IMPC_CBC_002; IMPC_CBC_003; M-G-P_025_001,default
4,129,174,6242,178,1.1123585494074668,1.1065303708709977,0.49103761808936314,MP:0000187,abnormal triglyceride level,MP:0005376,homeostasis/metabolism phenotype,0.5635845141059945,False,independent,ESLIM_015_001; ESLIM_021_001; GMC_906_001; HMGULA_CBC_002; HRWLLA_CBC_002; IMPC_CBC_001; IMPC_CBC_002; IMPC_CBC_003; JAXLA_CBC_003; JAX_PLC_001; KMPCLA_CBC_003; M-G-P_025_001; UCDLA_CBC_003,default
4,129,174,6242,178,1.1123585494074668,1.1065303708709977,0.49103761808936314,MP:0011969,abnormal circulating triglyceride level,MP:0005376,homeostasis/metabolism phenotype,0.5635845141059945,False,independent,ESLIM_015_001; ESLIM_021_001; GMC_906_001; HMGULA_CBC_002; HRWLLA_CBC_002; IMPC_CBC_001; IMPC_CBC_002; IMPC_CBC_003; JAXLA_CBC_003; JAX_PLC_001; KMPCLA_CBC_003; M-G-P_025_001; UCDLA_CBC_003,default
1,132,32,6384,33,1.5113636363636365,1.4921394395078607,0.49275148774294597,MP:0005635,decreased circulating bilirubin level,MP:0005376,homeostasis/metabolism phenotype,0.5635845141059945,False,independent,ESLIM_015_001; IMPC_CBC_002; IMPC_CBC_003; M-G-P_025_001; UCDLA_CBC_003,default
1,132,33,6383,34,1.4653351698806245,1.4482529854046882,0.5031050869035024,MP:0010089,abnormal circulating creatine kinase level,MP:0005376,homeostasis/metabolism phenotype,0.5683224129835861,False,independent,ESLIM_015_001; HRWLLA_CBC_002; IMPC_CBC_001; IMPC_CBC_002; IMPC_CBC_003; M-G-P_025_001,default
1,132,33,6383,34,1.4653351698806245,1.4482529854046882,0.5031050869035024,MP:0020279,abnormal creatine kinase level,MP:0005376,homeostasis/metabolism phenotype,0.5683224129835861,False,independent,ESLIM_015_001; HRWLLA_CBC_002; IMPC_CBC_001; IMPC_CBC_002; IMPC_CBC_003; M-G-P_025_001,default
1,132,39,6377,40,1.2387334887334887,1.231015037593985,0.5609661766832086,MP:0009643,abnormal urine homeostasis,MP:0005376,homeostasis/metabolism phenotype,0.6297963824112096,False,independent,JAX_URI_001,default
1,132,49,6367,50,0.9843846629560915,0.984812030075188,0.6429116709924896,MP:0002079,increased circulating insulin level,MP:0005376,homeostasis/metabolism phenotype,0.7156816131390995,False,independent,IMPC_INS_002; IMPC_INS_003,default
2,131,106,6310,108,0.9088290364395795,0.9118629908103592,0.6491975288584181,MP:0001552,increased circulating triglyceride level,MP:0005376,homeostasis/metabolism phenotype,0.7156816131390995,False,independent,ESLIM_015_001; ESLIM_021_001; GMC_906_001; IMPC_CBC_001; IMPC_CBC_002; IMPC_CBC_003; JAXLA_CBC_003; JAX_PLC_001; KMPCLA_CBC_003; M-G-P_025_001,default
2,131,106,6310,108,0.9088290364395795,0.9118629908103592,0.6491975288584181,MP:0005317,increased triglyceride level,MP:0005376,homeostasis/metabolism phenotype,0.7156816131390995,False,independent,ESLIM_015_001; ESLIM_021_001; GMC_906_001; IMPC_CBC_001; IMPC_CBC_002; IMPC_CBC_003; JAXLA_CBC_003; JAX_PLC_001; KMPCLA_CBC_003; M-G-P_025_001,default
1,132,51,6365,52,0.9454842543077837,0.9469346443030653,0.6573786244556261,MP:0001560,abnormal circulating insulin level,MP:0005376,homeostasis/metabolism phenotype,0.7203610076370035,False,independent,IMPC_INS_002; IMPC_INS_003,default
1,132,58,6358,59,0.8304597701149425,0.8345864661654135,0.7035808706934885,MP:0000198,decreased circulating phosphate level,MP:0005376,homeostasis/metabolism phenotype,0.7485773217262116,False,independent,ESLIM_015_001; IMPC_CBC_001; IMPC_CBC_002; IMPC_CBC_003; JAXLA_CBC_003; UCDLA_CBC_003,default
1,132,58,6358,59,0.8304597701149425,0.8345864661654135,0.7035808706934885,MP:0001553,abnormal circulating free fatty acids level,MP:0005376,homeostasis/metabolism phenotype,0.7485773217262116,False,independent,ESLIM_015_001; ESLIM_021_001; IMPC_CBC_001; IMPC_CBC_003; JAX_PLC_001; M-G-P_025_001,default
1,132,58,6358,59,0.8304597701149425,0.8345864661654135,0.7035808706934885,MP:0005280,abnormal fatty acids level,MP:0005376,homeostasis/metabolism phenotype,0.7485773217262116,False,independent,ESLIM_015_001; ESLIM_021_001; IMPC_CBC_001; IMPC_CBC_003; JAX_PLC_001; M-G-P_025_001,default
1,132,58,6358,59,0.8304597701149425,0.8345864661654135,0.7035808706934885,MP:0010358,abnormal free fatty acids level,MP:0005376,homeostasis/metabolism phenotype,0.7485773217262116,False,independent,ESLIM_015_001; ESLIM_021_001; IMPC_CBC_001; IMPC_CBC_003; JAX_PLC_001; M-G-P_025_001,default
1,132,58,6358,59,0.8304597701149425,0.8345864661654135,0.7035808706934885,MP:0014546,decreased phosphate level,MP:0005376,homeostasis/metabolism phenotype,0.7485773217262116,False,independent,ESLIM_015_001; IMPC_CBC_001; IMPC_CBC_002; IMPC_CBC_003; JAXLA_CBC_003; UCDLA_CBC_003,default
4,129,246,6170,250,0.777714753891725,0.7878496240601504,0.7539963009419195,MP:0014536,decreased mineral level,MP:0005376,homeostasis/metabolism phenotype,0.792996109611329,False,independent,ESLIM_015_001; GMC_906_001; HMGULA_CBC_002; HRWLLA_CBC_002; IMPC_CBC_001; IMPC_CBC_002; IMPC_CBC_003; JAXLA_CBC_003; M-G-P_025_001; UCDLA_CBC_003,default
4,129,246,6170,250,0.777714753891725,0.7878496240601504,0.7539963009419195,MP:0014548,decreased circulating mineral level,MP:0005376,homeostasis/metabolism phenotype,0.792996109611329,False,independent,ESLIM_015_001; GMC_906_001; HMGULA_CBC_002; HRWLLA_CBC_002; IMPC_CBC_001; IMPC_CBC_002; IMPC_CBC_003; JAXLA_CBC_003; M-G-P_025_001; UCDLA_CBC_003,default
1,132,71,6345,72,0.6770166453265045,0.6838972431077693,0.7735905379706332,MP:0002966,decreased circulating alkaline phosphatase level,MP:0005376,homeostasis/metabolism phenotype,0.8089546768492907,False,independent,ESLIM_015_001; HRWLLA_CBC_002; IMPC_CBC_001; IMPC_CBC_002; IMPC_CBC_003; JAXLA_CBC_003; M-G-P_025_001; TCPLA_CBC_003,default
1,132,75,6341,76,0.6405050505050505,0.6479026513652553,0.7916261363672104,MP:0014531,decreased circulating amino acid level,MP:0005376,homeostasis/metabolism phenotype,0.8231112667909062,False,independent,ESLIM_015_001; HMGULA_CBC_002; IMPC_CBC_001; IMPC_CBC_002; IMPC_CBC_003; JAXLA_CBC_003; M-G-P_025_001,default
1,132,89,6327,90,0.5385597548518897,0.5471177944862156,0.8442291836454732,MP:0000194,increased circulating calcium level,MP:0005376,homeostasis/metabolism phenotype,0.8679434865568629,False,independent,ESLIM_015_001; GMC_906_001; HMGULA_CBC_002; HRWLLA_CBC_002; ICSLA_CBC_003; IMPC_CBC_001; IMPC_CBC_002; IMPC_CBC_003; JAXLA_CBC_003; KMPCLA_CBC_003; M-G-P_025_001,default
1,132,89,6327,90,0.5385597548518897,0.5471177944862156,0.8442291836454732,MP:0014537,increased calcium level,MP:0005376,homeostasis/metabolism phenotype,0.8679434865568629,False,independent,ESLIM_015_001; GMC_906_001; HMGULA_CBC_002; HRWLLA_CBC_002; ICSLA_CBC_003; IMPC_CBC_001; IMPC_CBC_002; IMPC_CBC_003; JAXLA_CBC_003; KMPCLA_CBC_003; M-G-P_025_001,default
1,132,121,6295,122,0.39412722263961936,0.40361148773573274,0.9200851458513533,MP:0000195,decreased circulating calcium level,MP:0005376,homeostasis/metabolism phenotype,0.9334200803705748,False,independent,ESLIM_015_001; GMC_906_001; HRWLLA_CBC_002; IMPC_CBC_001; IMPC_CBC_002; IMPC_CBC_003; M-G-P_025_001,default
1,132,121,6295,122,0.39412722263961936,0.40361148773573274,0.9200851458513533,MP:0014538,decreased calcium level,MP:0005376,homeostasis/metabolism phenotype,0.9334200803705748,False,independent,ESLIM_015_001; GMC_906_001; HRWLLA_CBC_002; IMPC_CBC_001; IMPC_CBC_002; IMPC_CBC_003; M-G-P_025_001,default
2,131,210,6206,212,0.45118138858596873,0.4645339764505603,0.9334200803705748,MP:0001562,abnormal circulating calcium level,MP:0005376,homeostasis/metabolism phenotype,0.9334200803705748,False,independent,ESLIM_015_001; GMC_906_001; HMGULA_CBC_002; HRWLLA_CBC_002; ICSLA_CBC_003; IMPC_CBC_001; IMPC_CBC_002; IMPC_CBC_003; JAXLA_CBC_003; KMPCLA_CBC_003; M-G-P_025_001; RBRCLA_CBC_003,default
2,131,210,6206,212,0.45118138858596873,0.4645339764505603,0.9334200803705748,MP:0004231,abnormal calcium ion homeostasis,MP:0005376,homeostasis/metabolism phenotype,0.9334200803705748,False,independent,ESLIM_015_001; GMC_906_001; HMGULA_CBC_002; HRWLLA_CBC_002; ICSLA_CBC_003; IMPC_CBC_001; IMPC_CBC_002; IMPC_CBC_003; JAXLA_CBC_003; KMPCLA_CBC_003; M-G-P_025_001; RBRCLA_CBC_003,default
2,131,210,6206,212,0.45118138858596873,0.4645339764505603,0.9334200803705748,MP:0020879,abnormal calcium level,MP:0005376,homeostasis/metabolism phenotype,0.9334200803705748,False,independent,ESLIM_015_001; GMC_906_001; HMGULA_CBC_002; HRWLLA_CBC_002; ICSLA_CBC_003; IMPC_CBC_001; IMPC_CBC_002; IMPC_CBC_003; JAXLA_CBC_003; KMPCLA_CBC_003; M-G-P_025_001; RBRCLA_CBC_003,default
106,27,185,6231,291,132.22942942942942,17.936439035733663,1.6699891610017803e-125,MP:0001963,abnormal hearing physiology,MP:0005377,hearing/vestibular/ear phenotype,2.0874864512522254e-125,True,acoustic_dependent,IMPC_ABR_001; IMPC_ABR_002,keyword/ontology
106,27,185,6231,291,132.22942942942942,17.936439035733663,1.6699891610017803e-125,MP:0003878,abnormal ear physiology,MP:0005377,hearing/vestibular/ear phenotype,2.0874864512522254e-125,True,acoustic_dependent,IMPC_ABR_001; IMPC_ABR_002,keyword/ontology
106,27,185,6231,291,132.22942942942942,17.936439035733663,1.6699891610017803e-125,MP:0004738,abnormal auditory brainstem response,MP:0005377,hearing/vestibular/ear phenotype,2.0874864512522254e-125,True,acoustic_dependent,IMPC_ABR_001; IMPC_ABR_002,keyword/ontology
106,27,185,6231,291,132.22942942942942,17.936439035733663,1.6699891610017803e-125,MP:0006335,abnormal hearing electrophysiology,MP:0005377,hearing/vestibular/ear phenotype,2.0874864512522254e-125,True,acoustic_dependent,IMPC_ABR_001; IMPC_ABR_002,keyword/ontology
7,126,14,6402,21,25.404761904761905,16.413533834586467,1.1160213827816367e-07,MP:0002102,abnormal ear morphology,MP:0005377,hearing/vestibular/ear phenotype,1.1160213827816367e-07,True,vestibular,IMPC_CSD_003; IMPC_GEL_003; IMPC_GEM_003; IMPC_GEO_003; IMPC_GEP_003; MGP_CSD_001,keyword/ontology
39,94,78,6338,117,33.712765957446805,16.413533834586467,1.2784454867849314e-38,MP:0001489,decreased startle reflex,MP:0005386,behavior/neurological phenotype,9.588341150886986e-37,True,acoustic_dependent,BCMLA_ACS_003; ICSLA_ACS_003; IMPC_ACS_003; KMPCLA_ACS_003,keyword/ontology
69,64,555,5861,624,11.385388513513513,5.444874204742626,2.427277644660479e-36,MP:0001961,abnormal reflex,MP:0005386,behavior/neurological phenotype,9.102291167476797e-35,True,acoustic_dependent,BCMLA_ACS_003; BCMLA_CSD_003; ESLIM_008_001; ESLIM_011_001; GMC_923_001; HMGULA_SHI_001; HRWLIP_CSD_003; HRWLLA_CSD_003; HRWLLA_EYE_001; ICSLA_ACS_003; IMPC_ACS_002; IMPC_ACS_003; IMPC_CSD_001; IMPC_CSD_002; IMPC_CSD_003; IMPC_EYE_001; IMPC_EYE_003; IMPC_GEP_003; JAXLA_CSD_001; JAXLA_CSD_003; KMPCLA_ACS_003; M-G-P_008_001; MGP_CSD_001; RBRCLA_CSD_003; TCPIP_CSD_003; TCPLA_CSD_003; UCDIP_CSD_003,procedure-based (66/69=96% acoustic)
69,64,564,5852,633,11.186502659574469,5.367458931689414,6.273946005084552e-36,MP:0002067,abnormal sensory capabilities/reflexes/nociception,MP:0005386,behavior/neurological phenotype,1.568486501271138e-34,True,acoustic_dependent,BCMLA_ACS_003; BCMLA_CSD_003; ESLIM_008_001; ESLIM_011_001; ESLIM_012_001; GMC_923_001; HMGULA_SHI_001; HRWLIP_CSD_003; HRWLLA_CSD_003; HRWLLA_EYE_001; HRWL_VFR_001; ICSLA_ACS_003; IMPC_ACS_002; IMPC_ACS_003; IMPC_CSD_001; IMPC_CSD_002; IMPC_CSD_003; IMPC_EYE_001; IMPC_EYE_003; IMPC_FOR_001; IMPC_GEP_003; JAXLA_CSD_001; JAXLA_CSD_003; JAX_HRG_001; JAX_VFR_001; KMPCLA_ACS_003; M-G-P_008_001; M-G-P_012_001; MGP_CSD_001; RBRCLA_CSD_003; TCPIP_CSD_003; TCPLA_CSD_003; TCP_HRG_001; UCDIP_CSD_003; UCD_HRG_001; UCD_VFR_001,procedure-based (66/69=96% acoustic)
70,63,608,5808,678,10.614035087719298,5.08383791336749,5.508286806699595e-35,MP:0003492,abnormal involuntary movement,MP:0005386,behavior/neurological phenotype,1.0328037762561741e-33,True,acoustic_dependent,BCMLA_ACS_003; BCMLA_CSD_003; ESLIM_008_001; ESLIM_011_001; GMC_923_001; HMGULA_SHI_001; HRWLIP_CSD_003; HRWLLA_CSD_003; HRWLLA_EYE_001; ICSLA_ACS_003; IMPC_ACS_002; IMPC_ACS_003; IMPC_CSD_001; IMPC_CSD_002; IMPC_CSD_003; IMPC_EYE_001; IMPC_EYE_003; IMPC_GEP_003; JAXLA_CSD_001; JAXLA_CSD_003; KMPCLA_ACS_003; M-G-P_008_001; MGP_CSD_001; RBRCLA_CSD_003; TCPIP_CSD_003; TCPLA_CSD_003; UCDIP_CSD_003; UCDLA_CSD_003,procedure-based (63/70=90% acoustic)
51,82,352,6064,403,10.714523281596453,6.231440885091139,1.7587251067784925e-28,MP:0001486,abnormal startle reflex,MP:0005386,behavior/neurological phenotype,2.6380876601677387e-27,True,acoustic_dependent,BCMLA_ACS_003; ESLIM_008_001; ESLIM_011_001; HMGULA_SHI_001; HRWLIP_CSD_003; HRWLLA_CSD_003; ICSLA_ACS_003; IMPC_ACS_002; IMPC_ACS_003; IMPC_CSD_001; IMPC_CSD_002; IMPC_CSD_003; JAXLA_CSD_003; KMPCLA_ACS_003; TCPIP_CSD_003; TCPLA_CSD_003; UCDIP_CSD_003,keyword/ontology
87,46,1778,4638,1865,4.933559935442852,2.297014654598964,4.5209616552702e-19,MP:0002066,abnormal motor capabilities/coordination/movement,MP:0005386,behavior/neurological phenotype,5.65120206908775e-18,True,independent,BCMLA_ACS_003; BCMLA_CSD_003; BCMLA_OFD_001; BCM_CSD_001; BCM_OFD_001; CCP_LDT_001; ESLIM_007_001; ESLIM_008_001; ESLIM_009_001; ESLIM_011_001; GMC_916_001; GMC_923_001; HMGULA_GRS_001; HMGULA_OFD_001; HMGULA_SHI_001; HMGU_ROT_001; HRWLIP_CSD_003; HRWLLA_CSD_003; HRWLLA_EYE_001; HRWLLA_GRS_001; HRWLLA_OFD_001; ICSLA_ACS_003; ICSLA_OFD_001; ICS_FEA_001; ICS_ROT_001; IMPC_ACS_002; IMPC_ACS_003; IMPC_CSD_001; IMPC_CSD_002; IMPC_CSD_003; IMPC_EYE_001; IMPC_EYE_003; IMPC_GEP_003; IMPC_GRS_001; IMPC_OFD_001; IMPC_YMZ_001; JAXLA_CSD_001; JAXLA_CSD_003; JAXLA_GRS_001; JAXLA_LDT_001; JAXLA_OFD_001; JAX_LDT_001; JAX_OFD_001; JAX_ROT_001; KMPCLA_ACS_003; KMPCLA_GRS_001; KMPCLA_OFD_001; M-G-P_007_001; M-G-P_008_001; MGP_CSD_001; RBRCLA_CSD_003; RBRCLA_YMZ_001; TCPIP_CSD_003; TCPIP_GRS_001; TCPLA_CSD_003; TCPLA_GRS_001; UCDIP_CSD_003; UCDIP_GRS_001; UCDLA_CSD_003,default
95,38,2245,4171,2340,4.644766146993319,1.999084249084249,2.876982956241387e-17,MP:0004924,abnormal behavior,MP:0005386,behavior/neurological phenotype,3.0824817388300576e-16,True,independent,BCMLA_ACS_003; BCMLA_CSD_003; BCMLA_LDT_001; BCMLA_OFD_001; BCM_CSD_001; BCM_OFD_001; CCP_LDT_001; ESLIM_007_001; ESLIM_008_001; ESLIM_009_001; ESLIM_011_001; ESLIM_012_001; GMC_916_001; GMC_923_001; HMGULA_CAL_003; HMGULA_GRS_001; HMGULA_OFD_001; HMGULA_SHI_001; HMGU_ROT_001; HRWLIP_CSD_003; HRWLLA_CSD_003; HRWLLA_EYE_001; HRWLLA_FEA_001; HRWLLA_GRS_001; HRWLLA_OFD_001; HRWL_VFR_001; ICSLA_ACS_003; ICSLA_CSD_003; ICSLA_FEA_001; ICSLA_OFD_001; ICS_FEA_001; ICS_ROT_001; IMPC_ACS_002; IMPC_ACS_003; IMPC_CAL_002; IMPC_CAL_003; IMPC_CSD_001; IMPC_CSD_002; IMPC_CSD_003; IMPC_EYE_001; IMPC_EYE_003; IMPC_FEA_001; IMPC_FOR_001; IMPC_GEP_003; IMPC_GRS_001; IMPC_LDT_001; IMPC_OFD_001; IMPC_YMZ_001; JAXLA_CSD_001; JAXLA_CSD_003; JAXLA_GRS_001; JAXLA_HBD_001; JAXLA_LDT_001; JAXLA_OFD_001; JAX_ECT_001; JAX_HBD_001; JAX_HRG_001; JAX_LDT_001; JAX_OFD_001; JAX_ROT_001; JAX_SLW_001; JAX_TLS_001; JAX_VFR_001; KMPCLA_ACS_003; KMPCLA_FEA_001; KMPCLA_GRS_001; KMPCLA_OFD_001; M-G-P_007_001; M-G-P_008_001; M-G-P_012_001; MGP_CSD_001; RBRCLA_CSD_003; RBRCLA_YMZ_001; TCPIP_CSD_003; TCPIP_GRS_001; TCPLA_CSD_003; TCPLA_GRS_001; TCP_HRG_001; UCDIP_CSD_003; UCDIP_GRS_001; UCDLA_CSD_003; UCD_HBD_001; UCD_HRG_001; UCD_VFR_001,default
15,118,21,6395,36,38.710653753026634,20.51691729323308,7.176419886214362e-17,MP:0001485,abnormal pinna reflex,MP:0005386,behavior/neurological phenotype,5.980349905178635e-16,True,acoustic_dependent,ESLIM_008_001; M-G-P_008_001; MGP_CSD_001,keyword/ontology
15,118,21,6395,36,38.710653753026634,20.51691729323308,7.176419886214362e-17,MP:0006358,absent pinna reflex,MP:0005386,behavior/neurological phenotype,5.980349905178635e-16,True,acoustic_dependent,ESLIM_008_001; M-G-P_008_001; MGP_CSD_001,keyword/ontology
9,124,9,6407,18,51.66935483870968,24.620300751879697,1.865903413170782e-11,MP:0001408,stereotypic behavior,MP:0005386,behavior/neurological phenotype,1.3994275598780867e-10,True,independent,IMPC_CSD_001; IMPC_CSD_003; MGP_CSD_001,default
6,127,8,6408,14,37.84251968503937,21.103114930182603,1.6470096371385797e-07,MP:0000436,abnormal head movements,MP:0005386,behavior/neurological phenotype,1.0293810232116123e-06,True,independent,IMPC_CSD_001; IMPC_CSD_003,default
6,127,8,6408,14,37.84251968503937,21.103114930182603,1.6470096371385797e-07,MP:0001410,head bobbing,MP:0005386,behavior/neurological phenotype,1.0293810232116123e-06,True,vestibular,IMPC_CSD_001; IMPC_CSD_003,keyword/ontology
7,126,16,6400,23,22.22222222222222,14.986270022883296,2.2744684718445393e-07,MP:0001504,abnormal posture,MP:0005386,behavior/neurological phenotype,1.2184652527738603e-06,True,independent,BCM_CSD_001; ESLIM_008_001; HRWLIP_CSD_003; HRWLLA_CSD_003; IMPC_CSD_001; IMPC_CSD_002; IMPC_CSD_003; MGP_CSD_001,default
7,126,16,6400,23,22.22222222222222,14.986270022883296,2.2744684718445393e-07,MP:0001512,trunk curl,MP:0005386,behavior/neurological phenotype,1.2184652527738603e-06,True,vestibular,BCM_CSD_001; ESLIM_008_001; HRWLIP_CSD_003; HRWLLA_CSD_003; IMPC_CSD_001; IMPC_CSD_002; IMPC_CSD_003; MGP_CSD_001,keyword/ontology
6,127,10,6406,16,30.26456692913386,18.465225563909772,4.247373203319609e-07,MP:0001388,abnormal stationary movement,MP:0005386,behavior/neurological phenotype,2.1236866016598045e-06,True,independent,ESLIM_008_001; IMPC_CSD_001; IMPC_CSD_003; M-G-P_008_001,default
45,88,1079,5337,1124,2.5293306091498864,1.9713763947234635,1.9231011860084137e-06,MP:0003491,abnormal voluntary movement,MP:0005386,behavior/neurological phenotype,9.014536809414439e-06,True,independent,BCMLA_CSD_003; BCMLA_OFD_001; BCM_OFD_001; CCP_LDT_001; ESLIM_007_001; ESLIM_008_001; GMC_916_001; GMC_923_001; HMGULA_OFD_001; HMGULA_SHI_001; HRWLIP_CSD_003; HRWLLA_CSD_003; HRWLLA_OFD_001; ICSLA_OFD_001; ICS_FEA_001; IMPC_CSD_001; IMPC_CSD_002; IMPC_CSD_003; IMPC_OFD_001; IMPC_YMZ_001; JAXLA_CSD_003; JAXLA_LDT_001; JAXLA_OFD_001; JAX_LDT_001; JAX_OFD_001; KMPCLA_OFD_001; M-G-P_007_001; M-G-P_008_001; MGP_CSD_001; RBRCLA_CSD_003; RBRCLA_YMZ_001; UCDLA_CSD_003,default
31,102,635,5781,666,2.7668828161185735,2.291979949874687,6.729357926329556e-06,MP:0001399,hyperactivity,MP:0005386,behavior/neurological phenotype,2.9688343792630395e-05,True,independent,BCMLA_OFD_001; BCM_OFD_001; CCP_LDT_001; ESLIM_007_001; ESLIM_008_001; GMC_916_001; HMGULA_OFD_001; HRWLLA_OFD_001; ICSLA_OFD_001; IMPC_OFD_001; JAXLA_LDT_001; JAXLA_OFD_001; JAX_LDT_001; JAX_OFD_001; KMPCLA_OFD_001; M-G-P_007_001,default
31,102,666,5750,697,2.6239474768886533,2.1900410998802604,1.6999956303389868e-05,MP:0001392,abnormal locomotor behavior,MP:0005386,behavior/neurological phenotype,7.083315126412445e-05,True,independent,BCMLA_CSD_003; BCMLA_OFD_001; BCM_OFD_001; CCP_LDT_001; ESLIM_007_001; ESLIM_008_001; GMC_916_001; GMC_923_001; HMGULA_OFD_001; HMGULA_SHI_001; HRWLIP_CSD_003; HRWLLA_CSD_003; HRWLLA_OFD_001; ICSLA_OFD_001; ICS_FEA_001; IMPC_CSD_001; IMPC_CSD_002; IMPC_CSD_003; IMPC_OFD_001; IMPC_YMZ_001; JAXLA_CSD_003; JAXLA_LDT_001; JAXLA_OFD_001; JAX_LDT_001; JAX_OFD_001; M-G-P_007_001; M-G-P_008_001; MGP_CSD_001; RBRCLA_CSD_003; RBRCLA_YMZ_001; UCDLA_CSD_003,default
12,121,134,6282,146,4.64931540643888,4.047172726336389,3.631290180632636e-05,MP:0002574,increased vertical activity,MP:0005386,behavior/neurological phenotype,0.00014334040186707772,True,independent,BCM_OFD_001; GMC_916_001; HMGULA_OFD_001; ICSLA_OFD_001; IMPC_OFD_001; JAXLA_OFD_001; JAX_OFD_001,default
14,119,182,6234,196,4.029734970911441,3.5171858216970997,3.880583639195559e-05,MP:0020167,abnormal vertical activity,MP:0005386,behavior/neurological phenotype,0.00014552188646983348,True,independent,BCM_OFD_001; GMC_916_001; HMGULA_OFD_001; ICSLA_OFD_001; IMPC_OFD_001; JAXLA_OFD_001; JAX_OFD_001,default
17,116,271,6145,288,3.3231009034228274,2.90656328320802,6.492503976208617e-05,MP:0001362,abnormal anxiety-related response,MP:0005386,behavior/neurological phenotype,0.0002318751420074506,True,independent,BCM_OFD_001; CCP_LDT_001; GMC_916_001; HRWLLA_OFD_001; IMPC_LDT_001; IMPC_OFD_001; JAXLA_LDT_001; JAXLA_OFD_001; JAX_LDT_001; JAX_OFD_001; KMPCLA_OFD_001,default
15,118,221,6195,236,3.563348416289593,3.1296992481203008,7.858837711967667e-05,MP:0001364,decreased anxiety-related response,MP:0005386,behavior/neurological phenotype,0.00026791492199889776,True,independent,BCM_OFD_001; CCP_LDT_001; HRWLLA_OFD_001; IMPC_LDT_001; IMPC_OFD_001; JAXLA_OFD_001; JAX_LDT_001; JAX_OFD_001; KMPCLA_OFD_001,default
11,122,129,6287,140,4.394268649129495,3.86890440386681,0.00011694330762461119,MP:0001406,abnormal gait,MP:0005386,behavior/neurological phenotype,0.00036544783632691,True,independent,BCMLA_CSD_003; ESLIM_008_001; GMC_923_001; HMGULA_SHI_001; HRWLIP_CSD_003; HRWLLA_CSD_003; IMPC_CSD_001; IMPC_CSD_002; IMPC_CSD_003; JAXLA_CSD_003; M-G-P_008_001; MGP_CSD_001; UCDLA_CSD_003,default
11,122,129,6287,140,4.394268649129495,3.86890440386681,0.00011694330762461119,MP:0003312,abnormal locomotor coordination,MP:0005386,behavior/neurological phenotype,0.00036544783632691,True,independent,BCMLA_CSD_003; ESLIM_008_001; GMC_923_001; HMGULA_SHI_001; HRWLIP_CSD_003; HRWLLA_CSD_003; IMPC_CSD_001; IMPC_CSD_002; IMPC_CSD_003; JAXLA_CSD_003; M-G-P_008_001; MGP_CSD_001; UCDLA_CSD_003,default
31,102,758,5658,789,2.268586062393295,1.9346750907687469,0.00018401768976504044,MP:0002572,abnormal emotion/affect behavior,MP:0005386,behavior/neurological phenotype,0.0005520530692951213,True,independent,BCMLA_CSD_003; BCMLA_LDT_001; BCMLA_OFD_001; BCM_OFD_001; CCP_LDT_001; ESLIM_008_001; GMC_916_001; HMGULA_OFD_001; HRWLIP_CSD_003; HRWLLA_CSD_003; HRWLLA_FEA_001; HRWLLA_OFD_001; ICSLA_CSD_003; ICS_FEA_001; IMPC_CSD_001; IMPC_CSD_002; IMPC_CSD_003; IMPC_FEA_001; IMPC_LDT_001; IMPC_OFD_001; IMPC_YMZ_001; JAXLA_CSD_003; JAXLA_HBD_001; JAXLA_LDT_001; JAXLA_OFD_001; JAX_HBD_001; JAX_LDT_001; JAX_OFD_001; JAX_TLS_001; KMPCLA_FEA_001; KMPCLA_OFD_001; M-G-P_008_001; MGP_CSD_001; RBRCLA_YMZ_001; TCPIP_CSD_003; TCPLA_CSD_003; UCDLA_CSD_003; UCD_HBD_001,default
20,113,400,6016,420,2.661946902654867,2.3447905477980666,0.00028015415209970345,MP:0002065,abnormal fear/anxiety-related behavior,MP:0005386,behavior/neurological phenotype,0.000808136977210683,True,independent,BCM_OFD_001; CCP_LDT_001; GMC_916_001; HRWLLA_FEA_001; HRWLLA_OFD_001; ICS_FEA_001; IMPC_FEA_001; IMPC_LDT_001; IMPC_OFD_001; JAXLA_LDT_001; JAXLA_OFD_001; JAX_LDT_001; JAX_OFD_001; KMPCLA_FEA_001; KMPCLA_OFD_001,default
6,127,42,6374,48,7.169853768278965,6.155075187969925,0.00038173592010470463,MP:0002062,abnormal associative learning,MP:0005386,behavior/neurological phenotype,0.0010528696626494751,True,independent,HRWLLA_FEA_001; ICSLA_FEA_001; ICS_FEA_001; IMPC_FEA_001; KMPCLA_FEA_001,default
13,120,202,6214,215,3.3325907590759076,2.9773386955761496,0.0003930713407224707,MP:0020870,decreased thigmotaxis,MP:0005386,behavior/neurological phenotype,0.0010528696626494751,True,independent,BCM_OFD_001; CCP_LDT_001; HRWLLA_OFD_001; IMPC_LDT_001; IMPC_OFD_001; JAX_LDT_001; JAX_OFD_001; KMPCLA_OFD_001,default
2,131,1,6415,3,97.93893129770993,32.82706766917293,0.0012117999571478308,MP:0001973,increased thermal nociceptive threshold,MP:0005386,behavior/neurological phenotype,0.0031339654064168037,True,independent,ESLIM_012_001; JAX_HRG_001; M-G-P_012_001,default
19,114,442,5974,461,2.2526395173453997,2.0294391075302136,0.0022804103980193714,MP:0002063,abnormal learning/memory/conditioning,MP:0005386,behavior/neurological phenotype,0.005517121930692028,True,independent,BCMLA_LDT_001; BCMLA_OFD_001; CCP_LDT_001; ESLIM_008_001; GMC_916_001; HMGULA_OFD_001; HRWLIP_CSD_003; HRWLLA_CSD_003; HRWLLA_FEA_001; HRWLLA_OFD_001; ICSLA_CSD_003; ICSLA_FEA_001; ICS_FEA_001; IMPC_CSD_001; IMPC_CSD_002; IMPC_CSD_003; IMPC_FEA_001; IMPC_LDT_001; IMPC_OFD_001; IMPC_YMZ_001; JAXLA_CSD_003; JAXLA_HBD_001; JAXLA_LDT_001; JAX_HBD_001; JAX_LDT_001; JAX_ROT_001; KMPCLA_FEA_001; M-G-P_008_001; MGP_CSD_001; RBRCLA_YMZ_001; TCPIP_CSD_003; TCPLA_CSD_003; UCDLA_CSD_003; UCD_HBD_001,default
19,114,442,5974,461,2.2526395173453997,2.0294391075302136,0.0022804103980193714,MP:0014114,abnormal cognition,MP:0005386,behavior/neurological phenotype,0.005517121930692028,True,independent,BCMLA_LDT_001; BCMLA_OFD_001; CCP_LDT_001; ESLIM_008_001; GMC_916_001; HMGULA_OFD_001; HRWLIP_CSD_003; HRWLLA_CSD_003; HRWLLA_FEA_001; HRWLLA_OFD_001; ICSLA_CSD_003; ICSLA_FEA_001; ICS_FEA_001; IMPC_CSD_001; IMPC_CSD_002; IMPC_CSD_003; IMPC_FEA_001; IMPC_LDT_001; IMPC_OFD_001; IMPC_YMZ_001; JAXLA_CSD_003; JAXLA_HBD_001; JAXLA_LDT_001; JAX_HBD_001; JAX_LDT_001; JAX_ROT_001; KMPCLA_FEA_001; M-G-P_008_001; MGP_CSD_001; RBRCLA_YMZ_001; TCPIP_CSD_003; TCPLA_CSD_003; UCDLA_CSD_003; UCD_HBD_001,default
2,131,2,6414,4,48.961832061068705,24.620300751879697,0.002391321398267252,MP:0002733,abnormal thermal nociception,MP:0005386,behavior/neurological phenotype,0.005604659527188872,True,independent,ESLIM_012_001; JAX_HRG_001; M-G-P_012_001; UCD_HRG_001,default
8,125,116,6300,124,3.475862068965517,3.1768130002425417,0.003582305868617033,MP:0001513,limb grasping,MP:0005386,behavior/neurological phenotype,0.008060604707763755,True,acoustic_dependent,ESLIM_008_001; HRWLIP_CSD_003; HRWLLA_CSD_003; IMPC_CSD_001; IMPC_CSD_002; IMPC_CSD_003; JAXLA_CSD_001; JAXLA_CSD_003; M-G-P_008_001; MGP_CSD_001; RBRCLA_CSD_003,procedure-based (7/8=88% acoustic)
4,129,28,6388,32,7.074197120708749,6.155075187969924,0.003761615530289752,MP:0001468,abnormal temporal memory,MP:0005386,behavior/neurological phenotype,0.008060604707763755,True,independent,HRWLLA_FEA_001; ICSLA_FEA_001; ICS_FEA_001; IMPC_FEA_001,default
4,129,28,6388,32,7.074197120708749,6.155075187969924,0.003761615530289752,MP:0001469,abnormal contextual conditioning behavior,MP:0005386,behavior/neurological phenotype,0.008060604707763755,True,independent,HRWLLA_FEA_001; ICSLA_FEA_001; ICS_FEA_001; IMPC_FEA_001,default
13,120,265,6151,278,2.514559748427673,2.302618055931195,0.004069817635386254,MP:0010053,decreased grip strength,MP:0005386,behavior/neurological phenotype,0.008311319959704891,True,independent,ESLIM_009_001; HMGULA_GRS_001; HRWLLA_GRS_001; IMPC_GRS_001; JAXLA_GRS_001; KMPCLA_GRS_001; TCPIP_GRS_001; TCPLA_GRS_001; UCDIP_GRS_001,default
15,118,330,6086,345,2.3443759630200307,2.1408957175547565,0.00410025118012108,MP:0001402,decreased locomotor activity,MP:0005386,behavior/neurological phenotype,0.008311319959704891,True,independent,BCMLA_OFD_001; BCM_OFD_001; CCP_LDT_001; ESLIM_007_001; ESLIM_008_001; GMC_916_001; HMGULA_OFD_001; HRWLLA_OFD_001; ICSLA_OFD_001; IMPC_OFD_001; IMPC_YMZ_001; JAXLA_LDT_001; JAXLA_OFD_001; JAX_LDT_001; JAX_OFD_001; M-G-P_007_001,default
15,118,352,6064,367,2.1899075500770415,2.012558644567823,0.007215082936781238,MP:0031392,hypoactivity,MP:0005386,behavior/neurological phenotype,0.014240295269962969,True,independent,BCMLA_OFD_001; BCM_OFD_001; CCP_LDT_001; ESLIM_007_001; ESLIM_008_001; GMC_916_001; HMGULA_OFD_001; HRWLLA_OFD_001; ICSLA_OFD_001; IMPC_OFD_001; IMPC_YMZ_001; JAXLA_LDT_001; JAXLA_OFD_001; JAX_LDT_001; JAX_OFD_001; M-G-P_007_001,default
2,131,5,6411,7,19.57557251908397,14.0687432867884,0.008040682261123323,MP:0003043,hypoalgesia,MP:0005386,behavior/neurological phenotype,0.01507627923960623,True,independent,ESLIM_012_001; GMC_923_001; HRWL_VFR_001; IMPC_FOR_001; JAX_HRG_001; JAX_VFR_001; M-G-P_012_001,default
2,131,5,6411,7,19.57557251908397,14.0687432867884,0.008040682261123323,MP:0003313,abnormal locomotor activation,MP:0005386,behavior/neurological phenotype,0.01507627923960623,True,independent,ESLIM_008_001; M-G-P_008_001; RBRCLA_YMZ_001,default
3,130,19,6397,22,7.769635627530365,6.714627477785372,0.009507872354809916,MP:0001968,abnormal touch/nociception,MP:0005386,behavior/neurological phenotype,0.017392449429530336,True,independent,ESLIM_008_001; ESLIM_012_001; GMC_923_001; HRWL_VFR_001; IMPC_FOR_001; IMPC_GEP_003; JAX_HRG_001; JAX_VFR_001; M-G-P_008_001; M-G-P_012_001; UCD_HRG_001; UCD_VFR_001,default
3,130,21,6395,24,7.027472527472527,6.155075187969925,0.012133187331863674,MP:0001454,abnormal cued conditioning behavior,MP:0005386,behavior/neurological phenotype,0.02166640594975656,True,independent,HRWLLA_FEA_001; ICSLA_FEA_001; ICS_FEA_001; IMPC_FEA_001; KMPCLA_FEA_001,default
2,131,8,6408,10,12.229007633587786,9.84812030075188,0.01655607721131009,MP:0001970,abnormal pain threshold,MP:0005386,behavior/neurological phenotype,0.028756929075988567,True,independent,ESLIM_012_001; GMC_923_001; HRWL_VFR_001; IMPC_FOR_001; JAX_HRG_001; JAX_VFR_001; M-G-P_012_001; UCD_HRG_001; UCD_VFR_001,default
5,128,69,6347,74,3.5931838768115942,3.3270676691729326,0.01687073172457996,MP:0000745,tremors,MP:0005386,behavior/neurological phenotype,0.028756929075988567,True,independent,ESLIM_008_001; GMC_923_001; HMGULA_SHI_001; HRWLLA_CSD_003; IMPC_CSD_001; IMPC_CSD_002; IMPC_CSD_003; JAXLA_CSD_003; M-G-P_008_001; MGP_CSD_001; TCPLA_CSD_003; UCDLA_CSD_003,default
2,131,9,6407,11,10.868532654792197,8.952836637047163,0.019968723199051384,MP:0011939,increased food intake,MP:0005386,behavior/neurological phenotype,0.03328120533175231,True,independent,HMGULA_CAL_003; IMPC_CAL_003,default
15,118,409,6007,424,1.8669968090837512,1.7420024116896013,0.024415855126764353,MP:0001413,abnormal response to new environment,MP:0005386,behavior/neurological phenotype,0.03896147094696439,True,independent,BCMLA_LDT_001; BCMLA_OFD_001; CCP_LDT_001; ESLIM_008_001; GMC_916_001; HMGULA_OFD_001; HRWLIP_CSD_003; HRWLLA_CSD_003; HRWLLA_OFD_001; ICSLA_CSD_003; IMPC_CSD_001; IMPC_CSD_002; IMPC_CSD_003; IMPC_LDT_001; IMPC_OFD_001; IMPC_YMZ_001; JAXLA_CSD_003; JAXLA_HBD_001; JAXLA_LDT_001; JAX_HBD_001; JAX_LDT_001; M-G-P_008_001; MGP_CSD_001; RBRCLA_YMZ_001; TCPIP_CSD_003; TCPLA_CSD_003; UCDLA_CSD_003; UCD_HBD_001,default
15,118,409,6007,424,1.8669968090837512,1.7420024116896013,0.024415855126764353,MP:0003107,abnormal response to novelty,MP:0005386,behavior/neurological phenotype,0.03896147094696439,True,independent,BCMLA_LDT_001; BCMLA_OFD_001; CCP_LDT_001; ESLIM_008_001; GMC_916_001; HMGULA_OFD_001; HRWLIP_CSD_003; HRWLLA_CSD_003; HRWLLA_OFD_001; ICSLA_CSD_003; IMPC_CSD_001; IMPC_CSD_002; IMPC_CSD_003; IMPC_LDT_001; IMPC_OFD_001; IMPC_YMZ_001; JAXLA_CSD_003; JAXLA_HBD_001; JAXLA_LDT_001; JAX_HBD_001; JAX_LDT_001; M-G-P_008_001; MGP_CSD_001; RBRCLA_YMZ_001; TCPIP_CSD_003; TCPLA_CSD_003; UCDLA_CSD_003; UCD_HBD_001,default
15,118,422,5994,437,1.8055667121857177,1.690180829648492,0.03091384545228024,MP:0001515,abnormal grip strength,MP:0005386,behavior/neurological phenotype,0.047317110386143224,True,independent,ESLIM_009_001; HMGULA_GRS_001; HRWLLA_GRS_001; IMPC_GRS_001; JAXLA_GRS_001; KMPCLA_GRS_001; TCPIP_GRS_001; TCPLA_GRS_001; UCDIP_GRS_001,default
15,118,422,5994,437,1.8055667121857177,1.690180829648492,0.03091384545228024,MP:0004262,abnormal physical strength,MP:0005386,behavior/neurological phenotype,0.047317110386143224,True,independent,ESLIM_009_001; HMGULA_GRS_001; HRWLLA_GRS_001; IMPC_GRS_001; JAXLA_GRS_001; KMPCLA_GRS_001; TCPIP_GRS_001; TCPLA_GRS_001; UCDIP_GRS_001,default
4,129,73,6343,77,2.694276308803228,2.5579533248706183,0.07078569816804169,MP:0001523,impaired righting response,MP:0005386,behavior/neurological phenotype,0.10209475697313705,False,vestibular,BCMLA_CSD_003; HMGULA_SHI_001; HRWLIP_CSD_003; HRWLLA_CSD_003; IMPC_CSD_001; IMPC_CSD_002; IMPC_CSD_003; JAXLA_CSD_001; JAXLA_CSD_003; MGP_CSD_001,keyword/ontology
4,129,73,6343,77,2.694276308803228,2.5579533248706183,0.07078569816804169,MP:0002862,abnormal righting response,MP:0005386,behavior/neurological phenotype,0.10209475697313705,False,vestibular,BCMLA_CSD_003; GMC_923_001; HMGULA_SHI_001; HRWLIP_CSD_003; HRWLLA_CSD_003; IMPC_CSD_001; IMPC_CSD_002; IMPC_CSD_003; JAXLA_CSD_001; JAXLA_CSD_003; MGP_CSD_001,keyword/ontology
4,129,73,6343,77,2.694276308803228,2.5579533248706183,0.07078569816804169,MP:0002980,abnormal postural reflex,MP:0005386,behavior/neurological phenotype,0.10209475697313705,False,independent,BCMLA_CSD_003; GMC_923_001; HMGULA_SHI_001; HRWLIP_CSD_003; HRWLLA_CSD_003; IMPC_CSD_001; IMPC_CSD_002; IMPC_CSD_003; JAXLA_CSD_001; JAXLA_CSD_003; MGP_CSD_001,default
13,120,402,6014,415,1.6206882255389718,1.5424766736117403,0.07768248308154044,MP:0013189,abnormal exploration in a new environment,MP:0005386,behavior/neurological phenotype,0.10992804209651949,False,independent,BCMLA_LDT_001; BCMLA_OFD_001; CCP_LDT_001; GMC_916_001; HMGULA_OFD_001; HRWLIP_CSD_003; HRWLLA_CSD_003; HRWLLA_OFD_001; ICSLA_CSD_003; IMPC_CSD_001; IMPC_CSD_002; IMPC_CSD_003; IMPC_LDT_001; IMPC_OFD_001; IMPC_YMZ_001; JAXLA_CSD_003; JAXLA_HBD_001; JAXLA_LDT_001; JAX_HBD_001; JAX_LDT_001; M-G-P_008_001; RBRCLA_YMZ_001; TCPIP_CSD_003; TCPLA_CSD_003; UCDLA_CSD_003; UCD_HBD_001,default
11,122,327,6089,338,1.6789241489948363,1.602504782666726,0.08148368549735349,MP:0001417,decreased exploration in new environment,MP:0005386,behavior/neurological phenotype,0.11317178541299097,False,independent,BCMLA_LDT_001; CCP_LDT_001; GMC_916_001; HMGULA_OFD_001; HRWLIP_CSD_003; HRWLLA_CSD_003; HRWLLA_OFD_001; ICSLA_CSD_003; IMPC_CSD_001; IMPC_CSD_002; IMPC_CSD_003; IMPC_LDT_001; IMPC_OFD_001; IMPC_YMZ_001; JAXLA_CSD_003; JAXLA_HBD_001; JAXLA_LDT_001; JAX_HBD_001; JAX_LDT_001; M-G-P_008_001; TCPIP_CSD_003; TCPLA_CSD_003; UCDLA_CSD_003,default
2,131,23,6393,25,4.243611018918022,3.939248120300752,0.0906813129037411,MP:0001431,abnormal eating behavior,MP:0005386,behavior/neurological phenotype,0.11726031841001003,False,independent,HMGULA_CAL_003; IMPC_CAL_003,default
2,131,23,6393,25,4.243611018918022,3.939248120300752,0.0906813129037411,MP:0002061,abnormal aggression-related behavior,MP:0005386,behavior/neurological phenotype,0.11726031841001003,False,independent,BCMLA_CSD_003; IMPC_CSD_001; IMPC_CSD_003,default
2,131,23,6393,25,4.243611018918022,3.939248120300752,0.0906813129037411,MP:0005449,abnormal food intake,MP:0005386,behavior/neurological phenotype,0.11726031841001003,False,independent,HMGULA_CAL_003; IMPC_CAL_003,default
2,131,23,6393,25,4.243611018918022,3.939248120300752,0.0906813129037411,MP:0005655,increased aggression,MP:0005386,behavior/neurological phenotype,0.11726031841001003,False,independent,BCMLA_CSD_003; IMPC_CSD_001; IMPC_CSD_003,default
4,129,82,6334,86,2.395159765551144,2.2902605350585765,0.09696830865512297,MP:0001516,abnormal motor coordination/balance,MP:0005386,behavior/neurological phenotype,0.12326479913786818,False,vestibular,BCMLA_CSD_003; GMC_923_001; HMGULA_SHI_001; HMGU_ROT_001; HRWLIP_CSD_003; HRWLLA_CSD_003; IMPC_CSD_001; IMPC_CSD_002; IMPC_CSD_003; JAXLA_CSD_001; JAXLA_CSD_003; JAX_ROT_001; MGP_CSD_001,keyword/ontology
2,131,29,6387,31,3.3624638062648065,3.1768130002425417,0.13011557111013222,MP:0002069,abnormal consumption behavior,MP:0005386,behavior/neurological phenotype,0.1626444638876653,False,independent,HMGULA_CAL_003; IMPC_CAL_002; IMPC_CAL_003,default
4,129,108,6308,112,1.811082400229687,1.75859291084855,0.19266663089153824,MP:0020421,increased freezing behavior,MP:0005386,behavior/neurological phenotype,0.23688520191582568,False,independent,HRWLLA_FEA_001; IMPC_FEA_001; KMPCLA_FEA_001,default
5,128,153,6263,158,1.5990093954248366,1.5582468830303606,0.21768263296624396,MP:0001529,abnormal vocalization,MP:0005386,behavior/neurological phenotype,0.25594384356828326,False,independent,BCMLA_CSD_003; ESLIM_008_001; IMPC_CSD_001; IMPC_CSD_002; IMPC_CSD_003; JAXLA_CSD_003; M-G-P_008_001; TCPLA_CSD_003,default
1,132,11,6405,12,4.411157024793388,4.103383458646617,0.21840541317826836,MP:0005316,abnormal response to tactile stimuli,MP:0005386,behavior/neurological phenotype,0.25594384356828326,False,independent,ESLIM_008_001; GMC_923_001; IMPC_GEP_003; M-G-P_008_001,default
1,132,11,6405,12,4.411157024793388,4.103383458646617,0.21840541317826836,MP:0012079,abnormal spinal reflex,MP:0005386,behavior/neurological phenotype,0.25594384356828326,False,independent,ESLIM_008_001; GMC_923_001; IMPC_GEP_003; M-G-P_008_001,default
1,132,12,6404,13,4.042929292929293,3.787738577212261,0.23430752118611456,MP:0009453,enhanced contextual conditioning behavior,MP:0005386,behavior/neurological phenotype,0.2703548321378245,False,independent,IMPC_FEA_001,default
2,131,50,6366,52,1.9438167938931297,1.8938692886061306,0.28509748804323165,MP:0002757,decreased vertical activity,MP:0005386,behavior/neurological phenotype,0.3239744182309451,False,independent,BCM_OFD_001; GMC_916_001; IMPC_OFD_001; JAXLA_OFD_001; JAX_OFD_001,default
2,131,53,6363,55,1.832925248451678,1.7905673274094325,0.3077557499639945,MP:0001363,increased anxiety-related response,MP:0005386,behavior/neurological phenotype,0.34450270518357595,False,independent,BCM_OFD_001; CCP_LDT_001; HRWLLA_OFD_001; IMPC_LDT_001; IMPC_OFD_001; JAXLA_LDT_001; JAXLA_OFD_001; JAX_LDT_001; JAX_OFD_001,default
4,129,139,6277,143,1.4002565389548827,1.3773594826226405,0.3307655544949466,MP:0020420,abnormal freezing behavior,MP:0005386,behavior/neurological phenotype,0.36481494981060286,False,independent,HRWLLA_FEA_001; ICS_FEA_001; IMPC_FEA_001; KMPCLA_FEA_001,default
1,132,20,6396,21,2.422727272727273,2.3447905477980666,0.35048771142584556,MP:0012316,enhanced conditioning behavior,MP:0005386,behavior/neurological phenotype,0.3809649037237452,False,independent,IMPC_FEA_001; KMPCLA_FEA_001,default
1,132,29,6387,30,1.6684952978056427,1.6413533834586467,0.46038856295241726,MP:0002797,increased thigmotaxis,MP:0005386,behavior/neurological phenotype,0.4932734603061613,False,independent,BCM_OFD_001; CCP_LDT_001; IMPC_LDT_001; IMPC_OFD_001; JAXLA_LDT_001; JAX_LDT_001; JAX_OFD_001,default
2,131,78,6338,80,1.2405558817772557,1.231015037593985,0.48625614353238233,MP:0011396,abnormal sleep behavior,MP:0005386,behavior/neurological phenotype,0.5063282099375135,False,independent,JAX_SLW_001,default
2,131,78,6338,80,1.2405558817772557,1.231015037593985,0.48625614353238233,MP:0021121,abnormal rhythmic behavior,MP:0005386,behavior/neurological phenotype,0.5063282099375135,False,independent,JAX_SLW_001,default
2,131,79,6337,81,1.2246593873804232,1.2158173210804788,0.4928261243391798,MP:0001415,increased exploration in new environment,MP:0005386,behavior/neurological phenotype,0.5063282099375135,False,independent,BCMLA_LDT_001; BCMLA_OFD_001; GMC_916_001; IMPC_CSD_001; IMPC_CSD_002; IMPC_CSD_003; IMPC_LDT_001; IMPC_OFD_001; JAXLA_CSD_003; JAXLA_HBD_001; JAX_HBD_001; M-G-P_008_001; TCPIP_CSD_003; TCPLA_CSD_003; UCDLA_CSD_003; UCD_HBD_001,default
4,129,215,6201,219,0.8943212547322877,0.8993717169636419,0.6555352412936151,MP:0001488,increased startle reflex,MP:0005386,behavior/neurological phenotype,0.6643938256354207,False,acoustic_dependent,ESLIM_011_001; IMPC_ACS_002; IMPC_ACS_003; KMPCLA_ACS_003,keyword/ontology
2,131,159,6257,161,0.60079696576888,0.6116844907299304,0.8440156701821604,MP:0010052,increased grip strength,MP:0005386,behavior/neurological phenotype,0.8440156701821604,False,independent,ESLIM_009_001; HMGULA_GRS_001; HRWLLA_GRS_001; IMPC_GRS_001; JAXLA_GRS_001; KMPCLA_GRS_001; TCPIP_GRS_001; UCDIP_GRS_001,default
33,100,811,5605,844,2.280702836004932,1.9252841820190285,0.00011789627303763773,MP:0000217,abnormal leukocyte cell number,MP:0005387,immune system phenotype,0.006113077332850583,True,independent,CCP_IMM_001; ESLIM_016_001; ESLIM_018_001; GMC_905_001; HMGULA_HEM_002; HMGULA_IMM_001; HRWLLA_HEM_002; ICSLA_HEM_002; ICS_IMM_002; IMPC_HEM_001; IMPC_HEM_002; IMPC_IMM_001; IMPC_IMM_002; JAXLA_HEM_002; M-G-P_016_001; MGP_BMI_001; MGP_EEI_001; MGP_IMM_001; MGP_MLN_001; MGP_PBI_001; RBRCLA_HEM_002; TCPLA_HEM_002; UCDLA_HEM_002,default
33,100,812,5604,845,2.277487684729064,1.923005739200071,0.0001206528420957352,MP:0000716,abnormal immune system cell morphology,MP:0005387,immune system phenotype,0.006113077332850583,True,independent,CCP_IMM_001; ESLIM_016_001; ESLIM_018_001; GMC_905_001; HMGULA_HEM_002; HMGULA_IMM_001; HRWLLA_HEM_002; ICSLA_HEM_002; ICS_IMM_002; IMPC_HEM_001; IMPC_HEM_002; IMPC_IMM_001; IMPC_IMM_002; JAXLA_HEM_002; M-G-P_016_001; MGP_BMI_001; MGP_EEI_001; MGP_IMM_001; MGP_MLN_001; MGP_PBI_001; RBRCLA_HEM_002; TCPLA_HEM_002; UCDLA_HEM_002,default
33,100,812,5604,845,2.277487684729064,1.923005739200071,0.0001206528420957352,MP:0008246,abnormal leukocyte morphology,MP:0005387,immune system phenotype,0.006113077332850583,True,independent,CCP_IMM_001; ESLIM_016_001; ESLIM_018_001; GMC_905_001; HMGULA_HEM_002; HMGULA_IMM_001; HRWLLA_HEM_002; ICSLA_HEM_002; ICS_IMM_002; IMPC_HEM_001; IMPC_HEM_002; IMPC_IMM_001; IMPC_IMM_002; JAXLA_HEM_002; M-G-P_016_001; MGP_BMI_001; MGP_EEI_001; MGP_IMM_001; MGP_MLN_001; MGP_PBI_001; RBRCLA_HEM_002; TCPLA_HEM_002; UCDLA_HEM_002,default
26,107,614,5802,640,2.2961429571676457,2.0003994360902255,0.0004070852333490463,MP:0000218,increased leukocyte cell number,MP:0005387,immune system phenotype,0.01546923886726376,True,independent,CCP_IMM_001; ESLIM_016_001; ESLIM_018_001; GMC_905_001; HMGULA_HEM_002; HMGULA_IMM_001; HRWLLA_HEM_002; ICSLA_HEM_002; ICS_IMM_002; IMPC_HEM_001; IMPC_HEM_002; IMPC_IMM_001; IMPC_IMM_002; JAXLA_HEM_002; M-G-P_016_001; MGP_BMI_001; MGP_IMM_001; MGP_MLN_001; MGP_PBI_001; RBRCLA_HEM_002; TCPLA_HEM_002,default
12,121,195,6221,207,3.163890654799746,2.854527623406342,0.0009607616722014938,MP:0005013,increased lymphocyte cell number,MP:0005387,immune system phenotype,0.026663517306558235,True,independent,CCP_IMM_001; ESLIM_018_001; GMC_905_001; HMGULA_IMM_001; HRWLLA_HEM_002; ICS_IMM_002; IMPC_HEM_002; IMPC_IMM_001; IMPC_IMM_002; MGP_BMI_001; MGP_IMM_001; MGP_MLN_001; MGP_PBI_001; RBRCLA_HEM_002,default
16,117,316,6100,332,2.6398355512279563,2.373041036325754,0.001052507262100983,MP:0000322,increased granulocyte number,MP:0005387,immune system phenotype,0.026663517306558235,True,independent,ESLIM_018_001; GMC_905_001; HMGULA_IMM_001; HRWLLA_HEM_002; ICSLA_HEM_002; ICS_IMM_002; IMPC_HEM_002; IMPC_IMM_001; MGP_BMI_001; MGP_IMM_001; MGP_MLN_001; MGP_PBI_001; RBRCLA_HEM_002; TCPLA_HEM_002,default
17,116,368,6048,385,2.4085457271364317,2.1742603261400255,0.001906847450310389,MP:0002441,abnormal granulocyte morphology,MP:0005387,immune system phenotype,0.03623010155589739,True,independent,ESLIM_018_001; GMC_905_001; HMGULA_IMM_001; HRWLLA_HEM_002; ICSLA_HEM_002; ICS_IMM_002; IMPC_HEM_002; IMPC_IMM_001; MGP_BMI_001; MGP_IMM_001; MGP_MLN_001; MGP_PBI_001; RBRCLA_HEM_002; TCPLA_HEM_002,default
17,116,368,6048,385,2.4085457271364317,2.1742603261400255,0.001906847450310389,MP:0020201,abnormal granulocyte number,MP:0005387,immune system phenotype,0.03623010155589739,True,independent,ESLIM_018_001; GMC_905_001; HMGULA_IMM_001; HRWLLA_HEM_002; ICSLA_HEM_002; ICS_IMM_002; IMPC_HEM_002; IMPC_IMM_001; MGP_BMI_001; MGP_IMM_001; MGP_MLN_001; MGP_PBI_001; RBRCLA_HEM_002; TCPLA_HEM_002,default
6,127,65,6351,71,4.61611144760751,4.161177591866991,0.003044930136898258,MP:0005018,decreased T cell number,MP:0005387,immune system phenotype,0.037844661244924395,True,independent,CCP_IMM_001; ESLIM_018_001; HMGULA_IMM_001; ICS_IMM_002; IMPC_IMM_001; IMPC_IMM_002; MGP_BMI_001; MGP_EEI_001; MGP_IMM_001; MGP_MLN_001; MGP_PBI_001,default
19,114,458,5958,477,2.168122270742358,1.9613656783468103,0.0033471901271514065,MP:0008250,abnormal myeloid leukocyte morphology,MP:0005387,immune system phenotype,0.037844661244924395,True,independent,ESLIM_018_001; GMC_905_001; HMGULA_IMM_001; HRWLLA_HEM_002; ICSLA_HEM_002; ICS_IMM_002; IMPC_HEM_002; IMPC_IMM_001; MGP_BMI_001; MGP_EEI_001; MGP_IMM_001; MGP_MLN_001; MGP_PBI_001; RBRCLA_HEM_002; TCPLA_HEM_002,default
17,116,393,6023,410,2.246007721330175,2.041683476985146,0.0036834004904083054,MP:0000717,abnormal lymphocyte cell number,MP:0005387,immune system phenotype,0.037844661244924395,True,independent,CCP_IMM_001; ESLIM_018_001; GMC_905_001; HMGULA_IMM_001; HRWLLA_HEM_002; ICS_IMM_002; IMPC_HEM_002; IMPC_IMM_001; IMPC_IMM_002; MGP_BMI_001; MGP_EEI_001; MGP_IMM_001; MGP_MLN_001; MGP_PBI_001; RBRCLA_HEM_002; TCPLA_HEM_002,default
17,116,393,6023,410,2.246007721330175,2.041683476985146,0.0036834004904083054,MP:0002619,abnormal lymphocyte morphology,MP:0005387,immune system phenotype,0.037844661244924395,True,independent,CCP_IMM_001; ESLIM_018_001; GMC_905_001; HMGULA_IMM_001; HRWLLA_HEM_002; ICS_IMM_002; IMPC_HEM_002; IMPC_IMM_001; IMPC_IMM_002; MGP_BMI_001; MGP_EEI_001; MGP_IMM_001; MGP_MLN_001; MGP_PBI_001; RBRCLA_HEM_002; TCPLA_HEM_002,default
8,125,118,6298,126,3.415864406779661,3.1263873970640885,0.0039510780258537334,MP:0002606,increased basophil cell number,MP:0005387,immune system phenotype,0.037844661244924395,True,independent,HRWLLA_HEM_002; IMPC_HEM_002,default
19,114,466,5950,485,2.1280400572246068,1.929013254786451,0.0040209281719947865,MP:0008247,abnormal mononuclear cell morphology,MP:0005387,immune system phenotype,0.037844661244924395,True,independent,CCP_IMM_001; ESLIM_018_001; GMC_905_001; HMGULA_IMM_001; HRWLLA_HEM_002; ICSLA_HEM_002; ICS_IMM_002; IMPC_HEM_002; IMPC_IMM_001; IMPC_IMM_002; MGP_BMI_001; MGP_EEI_001; MGP_IMM_001; MGP_MLN_001; MGP_PBI_001; RBRCLA_HEM_002; TCPLA_HEM_002,default
3,130,14,6402,17,10.552747252747253,8.68951791242813,0.004520398237346583,MP:0008343,abnormal gamma-delta T cell morphology,MP:0005387,immune system phenotype,0.037844661244924395,True,independent,MGP_EEI_001; MGP_IMM_001; MGP_MLN_001; MGP_PBI_001,default
3,130,14,6402,17,10.552747252747253,8.68951791242813,0.004520398237346583,MP:0008345,abnormal gamma-delta T cell number,MP:0005387,immune system phenotype,0.037844661244924395,True,independent,MGP_EEI_001; MGP_IMM_001; MGP_MLN_001; MGP_PBI_001,default
8,125,121,6295,129,3.329586776859504,3.0536807134114357,0.004558544086917831,MP:0005011,increased eosinophil cell number,MP:0005387,immune system phenotype,0.037844661244924395,True,independent,HRWLLA_HEM_002; ICS_IMM_002; IMPC_HEM_002; IMPC_IMM_001; MGP_IMM_001; MGP_MLN_001; MGP_PBI_001; RBRCLA_HEM_002,default
6,127,71,6345,77,4.222025063768437,3.8369299873059273,0.004566388007767844,MP:0005015,increased T cell number,MP:0005387,immune system phenotype,0.037844661244924395,True,independent,CCP_IMM_001; ESLIM_018_001; HMGULA_IMM_001; ICS_IMM_002; IMPC_IMM_001; IMPC_IMM_002; MGP_BMI_001; MGP_IMM_001; MGP_MLN_001; MGP_PBI_001,default
8,125,125,6291,133,3.220992,2.9618406919554525,0.005477516759133794,MP:0002422,abnormal basophil morphology,MP:0005387,immune system phenotype,0.037844661244924395,True,independent,HRWLLA_HEM_002; IMPC_HEM_002,default
8,125,125,6291,133,3.220992,2.9618406919554525,0.005477516759133794,MP:0006387,abnormal T cell number,MP:0005387,immune system phenotype,0.037844661244924395,True,independent,CCP_IMM_001; ESLIM_018_001; HMGULA_IMM_001; ICS_IMM_002; IMPC_IMM_001; IMPC_IMM_002; MGP_BMI_001; MGP_EEI_001; MGP_IMM_001; MGP_MLN_001; MGP_PBI_001,default
8,125,125,6291,133,3.220992,2.9618406919554525,0.005477516759133794,MP:0008037,abnormal T cell morphology,MP:0005387,immune system phenotype,0.037844661244924395,True,independent,CCP_IMM_001; ESLIM_018_001; HMGULA_IMM_001; ICS_IMM_002; IMPC_IMM_001; IMPC_IMM_002; MGP_BMI_001; MGP_EEI_001; MGP_IMM_001; MGP_MLN_001; MGP_PBI_001,default
8,125,125,6291,133,3.220992,2.9618406919554525,0.005477516759133794,MP:0012442,abnormal basophil cell number,MP:0005387,immune system phenotype,0.037844661244924395,True,independent,HRWLLA_HEM_002; IMPC_HEM_002,default
16,117,383,6033,399,2.1541139452366607,1.974560461303635,0.006645875637617192,MP:0000221,decreased leukocyte cell number,MP:0005387,immune system phenotype,0.04223156713710719,True,independent,CCP_IMM_001; ESLIM_016_001; ESLIM_018_001; HMGULA_HEM_002; HMGULA_IMM_001; HRWLLA_HEM_002; ICS_IMM_002; IMPC_HEM_001; IMPC_HEM_002; IMPC_IMM_001; IMPC_IMM_002; M-G-P_016_001; MGP_BMI_001; MGP_EEI_001; MGP_IMM_001; MGP_MLN_001; MGP_PBI_001; TCPLA_HEM_002; UCDLA_HEM_002,default
5,128,54,6362,59,4.602141203703703,4.172932330827067,0.006668142179543241,MP:0012764,increased alpha-beta T cell number,MP:0005387,immune system phenotype,0.04223156713710719,True,independent,CCP_IMM_001; ESLIM_018_001; ICS_IMM_002; IMPC_IMM_001; IMPC_IMM_002; MGP_IMM_001; MGP_MLN_001; MGP_PBI_001,default
44,89,1505,4911,1549,1.6132293105379074,1.3987001072727008,0.008008805500424097,MP:0000685,abnormal immune system morphology,MP:0005387,immune system phenotype,0.04700706552656712,True,independent,BCMLA_OWT_001; CCP_IMM_001; ESLIM_016_001; ESLIM_018_001; GMC_905_001; HMGULA_HEM_002; HMGULA_IMM_001; HMGULA_PAT_002; HRWLLA_HEM_002; HRWLLA_OWT_001; HRWLLA_PAT_002; HRWL_OWT_001; ICSLA_HEM_002; ICS_IMM_002; IMPC_HEM_001; IMPC_HEM_002; IMPC_IMM_001; IMPC_IMM_002; IMPC_OWT_001; IMPC_PAT_002; JAXLA_HEM_002; KMPCLA_PAT_002; M-G-P_016_001; MGP_BMI_001; MGP_EEI_001; MGP_IMM_001; MGP_MLN_001; MGP_PBI_001; RBRCLA_HEM_002; RBRCLA_OWT_001; RBRCLA_PAT_002; TCPLA_HEM_002; TCPLA_OWT_001; TCPLA_PAT_002; UCDLA_HEM_002; UCDLA_PAT_002; UCD_OWT_001,default
2,131,5,6411,7,19.57557251908397,14.0687432867884,0.008040682261123323,MP:0008347,decreased gamma-delta T cell number,MP:0005387,immune system phenotype,0.04700706552656712,True,independent,MGP_EEI_001; MGP_IMM_001; MGP_MLN_001; MGP_PBI_001,default
5,128,60,6356,65,4.138020833333333,3.7877385772122616,0.009990811291086034,MP:0005010,"abnormal CD8-positive, alpha beta T cell morphology",MP:0005387,immune system phenotype,0.05212133601265344,False,independent,CCP_IMM_001; ESLIM_018_001; ICS_IMM_002; IMPC_IMM_001; IMPC_IMM_002; MGP_IMM_001; MGP_MLN_001; MGP_PBI_001,default
5,128,60,6356,65,4.138020833333333,3.7877385772122616,0.009990811291086034,MP:0008077,"abnormal CD8-positive, alpha-beta T cell number",MP:0005387,immune system phenotype,0.05212133601265344,False,independent,CCP_IMM_001; ESLIM_018_001; ICS_IMM_002; IMPC_IMM_001; IMPC_IMM_002; MGP_IMM_001; MGP_MLN_001; MGP_PBI_001,default
2,131,6,6410,8,16.310432569974555,12.310150375939848,0.01057903345950082,MP:0010169,"decreased CD4-positive, CD25-positive, alpha-beta regulatory T cell number",MP:0005387,immune system phenotype,0.05212133601265344,False,independent,ICS_IMM_002; IMPC_IMM_002; MGP_IMM_001,default
8,125,141,6275,149,2.84822695035461,2.643790684765605,0.010630009318370109,MP:0002602,abnormal eosinophil cell number,MP:0005387,immune system phenotype,0.05212133601265344,False,independent,HRWLLA_HEM_002; ICS_IMM_002; IMPC_HEM_002; IMPC_IMM_001; MGP_IMM_001; MGP_MLN_001; MGP_PBI_001; RBRCLA_HEM_002; TCPLA_HEM_002,default
8,125,141,6275,149,2.84822695035461,2.643790684765605,0.010630009318370109,MP:0005061,abnormal eosinophil morphology,MP:0005387,immune system phenotype,0.05212133601265344,False,independent,HRWLLA_HEM_002; ICS_IMM_002; IMPC_HEM_002; IMPC_IMM_001; MGP_IMM_001; MGP_MLN_001; MGP_PBI_001; RBRCLA_HEM_002; TCPLA_HEM_002,default
4,129,40,6376,44,4.942635658914729,4.4764183185235815,0.011778980699079889,MP:0008078,"increased CD8-positive, alpha-beta T cell number",MP:0005387,immune system phenotype,0.05588619619525086,False,independent,CCP_IMM_001; ESLIM_018_001; ICS_IMM_002; IMPC_IMM_001; IMPC_IMM_002; MGP_IMM_001; MGP_MLN_001; MGP_PBI_001,default
3,130,21,6395,24,7.027472527472527,6.155075187969925,0.012133187331863674,MP:0008075,"decreased CD4-positive, alpha-beta T cell number",MP:0005387,immune system phenotype,0.05588619619525086,False,independent,CCP_IMM_001; ESLIM_018_001; ICS_IMM_002; IMPC_IMM_001; IMPC_IMM_002; MGP_IMM_001; MGP_MLN_001; MGP_PBI_001,default
11,122,240,6176,251,2.3202185792349725,2.157954647575113,0.012794094063546315,MP:0005016,decreased lymphocyte cell number,MP:0005387,immune system phenotype,0.057197126401736464,False,independent,CCP_IMM_001; ESLIM_018_001; HMGULA_IMM_001; HRWLLA_HEM_002; ICS_IMM_002; IMPC_HEM_002; IMPC_IMM_001; IMPC_IMM_002; MGP_BMI_001; MGP_EEI_001; MGP_IMM_001; MGP_MLN_001; MGP_PBI_001; TCPLA_HEM_002,default
4,129,42,6374,46,4.705795496493171,4.281791435109513,0.013726999967523414,MP:0012765,decreased alpha-beta T cell number,MP:0005387,immune system phenotype,0.05961439985895883,False,independent,CCP_IMM_001; ESLIM_018_001; ICS_IMM_002; IMPC_IMM_001; IMPC_IMM_002; MGP_IMM_001; MGP_MLN_001; MGP_PBI_001,default
3,130,23,6393,26,6.41438127090301,5.681607865818392,0.015134388574932673,MP:0013434,"abnormal CD8-positive, naive alpha-beta T cell number",MP:0005387,immune system phenotype,0.06390075176082684,False,independent,CCP_IMM_001; IMPC_IMM_001; IMPC_IMM_002; MGP_IMM_001; MGP_MLN_001,default
4,129,45,6371,49,4.390008613264428,4.019640939082399,0.017014043608700322,MP:0002432,"abnormal CD4-positive, alpha beta T cell morphology",MP:0005387,immune system phenotype,0.0675277457172494,False,independent,CCP_IMM_001; ESLIM_018_001; ICS_IMM_002; IMPC_IMM_001; IMPC_IMM_002; MGP_IMM_001; MGP_MLN_001; MGP_PBI_001,default
4,129,45,6371,49,4.390008613264428,4.019640939082399,0.017014043608700322,MP:0008073,"abnormal CD4-positive, alpha-beta T cell number",MP:0005387,immune system phenotype,0.0675277457172494,False,independent,CCP_IMM_001; ESLIM_018_001; ICS_IMM_002; IMPC_IMM_001; IMPC_IMM_002; MGP_IMM_001; MGP_MLN_001; MGP_PBI_001,default
3,130,25,6391,28,5.899384615384616,5.275778732545651,0.018517746600103607,MP:0010838,"increased CD8-positive, alpha-beta memory T cell number",MP:0005387,immune system phenotype,0.0675277457172494,False,independent,CCP_IMM_001; ICS_IMM_002; IMPC_IMM_001; IMPC_IMM_002; MGP_IMM_001; MGP_MLN_001; MGP_PBI_001,default
3,130,25,6391,28,5.899384615384616,5.275778732545651,0.018517746600103607,MP:0010850,"increased effector memory CD8-positive, alpha-beta T cell number",MP:0005387,immune system phenotype,0.0675277457172494,False,independent,CCP_IMM_001; ICS_IMM_002; IMPC_IMM_001; IMPC_IMM_002; MGP_IMM_001; MGP_MLN_001,default
1,132,0,6416,1,inf,49.24060150375939,0.020308444037257595,MP:0008344,abnormal mature gamma-delta T cell morphology,MP:0005387,immune system phenotype,0.0675277457172494,False,independent,MGP_EEI_001,default
1,132,0,6416,1,inf,49.24060150375939,0.020308444037257595,MP:0013407,abnormal dendritic epidermal T cell morphology,MP:0005387,immune system phenotype,0.0675277457172494,False,independent,MGP_EEI_001,default
1,132,0,6416,1,inf,49.24060150375939,0.020308444037257595,MP:0013408,abnormal dendritic epidermal T cell number,MP:0005387,immune system phenotype,0.0675277457172494,False,independent,MGP_EEI_001,default
1,132,0,6416,1,inf,49.24060150375939,0.020308444037257595,MP:0013410,decreased dendritic epidermal T cell number,MP:0005387,immune system phenotype,0.0675277457172494,False,independent,MGP_EEI_001,default
6,127,100,6316,106,2.9839370078740157,2.787203858703362,0.020436028309167582,MP:0012762,abnormal alpha-beta T cell morphology,MP:0005387,immune system phenotype,0.0675277457172494,False,independent,CCP_IMM_001; ESLIM_018_001; HMGULA_IMM_001; ICS_IMM_002; IMPC_IMM_001; IMPC_IMM_002; MGP_IMM_001; MGP_MLN_001; MGP_PBI_001,default
6,127,100,6316,106,2.9839370078740157,2.787203858703362,0.020436028309167582,MP:0012763,abnormal alpha-beta T cell number,MP:0005387,immune system phenotype,0.0675277457172494,False,independent,CCP_IMM_001; ESLIM_018_001; HMGULA_IMM_001; ICS_IMM_002; IMPC_IMM_001; IMPC_IMM_002; MGP_IMM_001; MGP_MLN_001; MGP_PBI_001,default
3,130,28,6388,31,5.264835164835165,4.765219500363813,0.02431651970738997,MP:0008049,increased memory T cell number,MP:0005387,immune system phenotype,0.07864065947921864,False,independent,CCP_IMM_001; ICS_IMM_002; IMPC_IMM_001; IMPC_IMM_002; MGP_IMM_001; MGP_MLN_001; MGP_PBI_001,default
2,131,11,6405,13,8.889659958362248,7.575477154424522,0.02758011708411458,MP:0013436,"increased CD8-positive, naive alpha-beta T cell number",MP:0005387,immune system phenotype,0.08733703743302951,False,independent,CCP_IMM_001; IMPC_IMM_002; MGP_IMM_001; MGP_MLN_001,default
2,131,12,6404,14,8.147582697201019,7.0343716433942,0.031755150337092544,MP:0004974,decreased regulatory T cell number,MP:0005387,immune system phenotype,0.09401402246878157,False,independent,ICS_IMM_002; IMPC_IMM_002; MGP_IMM_001; MGP_PBI_001,default
7,126,143,6273,150,2.437062937062937,2.2978947368421054,0.03255397593433343,MP:0002620,abnormal monocyte morphology,MP:0005387,immune system phenotype,0.09401402246878157,False,independent,ESLIM_018_001; GMC_905_001; HMGULA_IMM_001; HRWLLA_HEM_002; ICSLA_HEM_002; ICS_IMM_002; IMPC_HEM_002; IMPC_IMM_001; MGP_IMM_001; MGP_MLN_001; MGP_PBI_001; TCPLA_HEM_002,default
7,126,143,6273,150,2.437062937062937,2.2978947368421054,0.03255397593433343,MP:0012441,abnormal monocyte cell number,MP:0005387,immune system phenotype,0.09401402246878157,False,independent,ESLIM_018_001; GMC_905_001; HMGULA_IMM_001; HRWLLA_HEM_002; ICSLA_HEM_002; ICS_IMM_002; IMPC_HEM_002; IMPC_IMM_001; MGP_IMM_001; MGP_MLN_001; MGP_PBI_001; TCPLA_HEM_002,default
3,130,32,6384,35,4.6038461538461535,4.22062298603652,0.033399718508646085,MP:0010837,"abnormal CD8-positive, alpha-beta memory T cell morphology",MP:0005387,immune system phenotype,0.09401402246878157,False,independent,CCP_IMM_001; ICS_IMM_002; IMPC_IMM_001; IMPC_IMM_002; MGP_IMM_001; MGP_MLN_001; MGP_PBI_001,default
3,130,32,6384,35,4.6038461538461535,4.22062298603652,0.033399718508646085,MP:0010849,"abnormal effector memory CD8-positive, alpha-beta T cell number",MP:0005387,immune system phenotype,0.09401402246878157,False,independent,CCP_IMM_001; ICS_IMM_002; IMPC_IMM_001; IMPC_IMM_002; MGP_IMM_001; MGP_MLN_001,default
3,130,32,6384,35,4.6038461538461535,4.22062298603652,0.033399718508646085,MP:0012774,"abnormal CD8-positive, alpha-beta memory T cell number",MP:0005387,immune system phenotype,0.09401402246878157,False,independent,CCP_IMM_001; ICS_IMM_002; IMPC_IMM_001; IMPC_IMM_002; MGP_IMM_001; MGP_MLN_001; MGP_PBI_001,default
7,126,146,6270,153,2.3858447488584473,2.2528379772961817,0.03569372316373337,MP:0008248,abnormal mononuclear phagocyte morphology,MP:0005387,immune system phenotype,0.09815185516049184,False,independent,ESLIM_018_001; GMC_905_001; HMGULA_IMM_001; HRWLLA_HEM_002; ICSLA_HEM_002; ICS_IMM_002; IMPC_HEM_002; IMPC_IMM_001; MGP_EEI_001; MGP_IMM_001; MGP_MLN_001; MGP_PBI_001; TCPLA_HEM_002,default
2,131,13,6403,15,7.519671168526131,6.565413533834587,0.03616120979597068,MP:0005387,immune system phenotype,MP:0005387,immune system phenotype,0.09815185516049184,False,independent,ICS_IMM_002; IMPC_IMM_001; IMPC_IMM_002,default
6,127,117,6299,123,2.5435089844538665,2.401980561158995,0.03863156251310472,MP:0002435,abnormal effector T cell morphology,MP:0005387,immune system phenotype,0.10269494628944352,False,independent,CCP_IMM_001; ESLIM_018_001; HMGULA_IMM_001; ICS_IMM_002; IMPC_IMM_001; IMPC_IMM_002; MGP_IMM_001; MGP_MLN_001; MGP_PBI_001,default
1,132,1,6415,2,48.59848484848485,24.620300751879697,0.04020749366203535,MP:0013026,decreased Ly6C low monocyte number,MP:0005387,immune system phenotype,0.10269494628944352,False,independent,MGP_PBI_001,default
1,132,1,6415,2,48.59848484848485,24.620300751879697,0.04020749366203535,MP:0013429,"decreased memory CD4-positive, CD25-positive, alpha-beta regulatory T cell number",MP:0005387,immune system phenotype,0.10269494628944352,False,independent,MGP_IMM_001,default
3,130,35,6381,38,4.207252747252747,3.8874159081915316,0.04121310344510563,MP:0008048,abnormal memory T cell number,MP:0005387,immune system phenotype,0.10269494628944352,False,independent,CCP_IMM_001; ICS_IMM_002; IMPC_IMM_001; IMPC_IMM_002; MGP_IMM_001; MGP_MLN_001; MGP_PBI_001,default
3,130,35,6381,38,4.207252747252747,3.8874159081915316,0.04121310344510563,MP:0010833,abnormal memory T cell morphology,MP:0005387,immune system phenotype,0.10269494628944352,False,independent,CCP_IMM_001; ICS_IMM_002; IMPC_IMM_001; IMPC_IMM_002; MGP_IMM_001; MGP_MLN_001; MGP_PBI_001,default
1,132,2,6414,3,24.295454545454547,16.413533834586467,0.05970534051447911,MP:0009923,decreased transitional stage T1 B cell number,MP:0005387,immune system phenotype,0.14405098028890198,False,independent,MGP_IMM_001,default
1,132,2,6414,3,24.295454545454547,16.413533834586467,0.05970534051447911,MP:0013417,decreased memory-marker gamma-delta T cell number,MP:0005387,immune system phenotype,0.14405098028890198,False,independent,MGP_IMM_001; MGP_MLN_001,default
1,132,3,6413,4,16.194444444444443,12.310150375939848,0.0788100135532164,MP:0008207,decreased B-2 B cell number,MP:0005387,immune system phenotype,0.17879286656849094,False,independent,IMPC_IMM_001; MGP_IMM_001; MGP_MLN_001,default
1,132,3,6413,4,16.194444444444443,12.310150375939848,0.0788100135532164,MP:0008524,increased plasmacytoid dendritic cell number,MP:0005387,immune system phenotype,0.17879286656849094,False,independent,MGP_IMM_001; MGP_MLN_001,default
1,132,3,6413,4,16.194444444444443,12.310150375939848,0.0788100135532164,MP:0009919,abnormal transitional stage T1 B cell morphology,MP:0005387,immune system phenotype,0.17879286656849094,False,independent,MGP_IMM_001,default
1,132,3,6413,4,16.194444444444443,12.310150375939848,0.0788100135532164,MP:0013649,decreased CD11b-high dendritic cell number,MP:0005387,immune system phenotype,0.17879286656849094,False,independent,IMPC_IMM_001; MGP_IMM_001,default
2,131,22,6394,24,4.437196391394865,4.103383458646617,0.0845137154149734,MP:0005017,decreased B cell number,MP:0005387,immune system phenotype,0.1889130109275876,False,independent,ESLIM_018_001; HMGULA_IMM_001; ICS_IMM_002; IMPC_IMM_001; MGP_BMI_001; MGP_IMM_001; MGP_MLN_001; MGP_PBI_001,default
5,128,115,6301,120,2.1402853260869565,2.0516917293233083,0.09662271544379754,MP:0000220,increased monocyte cell number,MP:0005387,immune system phenotype,0.2030748781340769,False,independent,ESLIM_018_001; GMC_905_001; HMGULA_IMM_001; ICSLA_HEM_002; ICS_IMM_002; IMPC_HEM_002; IMPC_IMM_001; MGP_IMM_001; MGP_MLN_001; MGP_PBI_001; TCPLA_HEM_002,default
2,131,24,6392,26,4.066157760814249,3.787738577212261,0.09697688993114177,MP:0008397,"abnormal CD4-positive, CD25-positive, alpha-beta regulatory T cell morphology",MP:0005387,immune system phenotype,0.2030748781340769,False,independent,CCP_IMM_001; ICS_IMM_002; IMPC_IMM_002; MGP_IMM_001; MGP_MLN_001,default
2,131,24,6392,26,4.066157760814249,3.787738577212261,0.09697688993114177,MP:0012773,"abnormal CD4-positive, CD25-positive, alpha-beta regulatory T cell number",MP:0005387,immune system phenotype,0.2030748781340769,False,independent,CCP_IMM_001; ICS_IMM_002; IMPC_IMM_002; MGP_IMM_001; MGP_MLN_001,default
1,132,4,6412,5,12.143939393939394,9.84812030075188,0.09752938226176062,MP:0008166,abnormal B-2 B cell morphology,MP:0005387,immune system phenotype,0.2030748781340769,False,independent,IMPC_IMM_001; MGP_IMM_001; MGP_MLN_001,default
1,132,4,6412,5,12.143939393939394,9.84812030075188,0.09752938226176062,MP:0008174,decreased follicular B cell number,MP:0005387,immune system phenotype,0.2030748781340769,False,independent,HMGULA_IMM_001; IMPC_IMM_001; MGP_IMM_001; MGP_MLN_001,default
10,123,306,6110,316,1.6233593708486105,1.5582468830303606,0.10809530885140853,MP:0008251,abnormal phagocyte morphology,MP:0005387,immune system phenotype,0.22203360737046074,False,independent,ESLIM_018_001; GMC_905_001; HMGULA_IMM_001; HRWLLA_HEM_002; ICSLA_HEM_002; ICS_IMM_002; IMPC_HEM_002; IMPC_IMM_001; MGP_EEI_001; MGP_IMM_001; MGP_MLN_001; MGP_PBI_001; TCPLA_HEM_002,default
1,132,5,6411,6,9.713636363636363,8.206766917293233,0.11587115979219859,MP:0013426,decreased memory-marker NK cell number,MP:0005387,immune system phenotype,0.2348322171788558,False,independent,MGP_IMM_001; MGP_MLN_001,default
2,131,28,6388,30,3.4830970556161396,3.2827067669172934,0.12328982585834238,MP:0004941,abnormal regulatory T cell morphology,MP:0005387,immune system phenotype,0.2402570965444621,False,independent,CCP_IMM_001; ICS_IMM_002; IMPC_IMM_002; MGP_IMM_001; MGP_MLN_001; MGP_PBI_001,default
2,131,28,6388,30,3.4830970556161396,3.2827067669172934,0.12328982585834238,MP:0004972,abnormal regulatory T cell number,MP:0005387,immune system phenotype,0.2402570965444621,False,independent,CCP_IMM_001; ICS_IMM_002; IMPC_IMM_002; MGP_IMM_001; MGP_MLN_001; MGP_PBI_001,default
2,131,28,6388,30,3.4830970556161396,3.2827067669172934,0.12328982585834238,MP:0008079,"decreased CD8-positive, alpha-beta T cell number",MP:0005387,immune system phenotype,0.2402570965444621,False,independent,CCP_IMM_001; ESLIM_018_001; ICS_IMM_002; IMPC_IMM_001; IMPC_IMM_002; MGP_IMM_001; MGP_MLN_001,default
2,131,29,6387,31,3.3624638062648065,3.1768130002425417,0.13011557111013222,MP:0002458,abnormal B cell number,MP:0005387,immune system phenotype,0.24795376967926855,False,independent,ESLIM_018_001; HMGULA_IMM_001; ICS_IMM_002; IMPC_IMM_001; MGP_BMI_001; MGP_IMM_001; MGP_MLN_001; MGP_PBI_001,default
1,132,6,6410,7,8.093434343434344,7.0343716433942,0.13384290604737778,MP:0008190,decreased transitional stage B cell number,MP:0005387,immune system phenotype,0.24795376967926855,False,independent,IMPC_IMM_001; MGP_IMM_001,default
1,132,6,6410,7,8.093434343434344,7.0343716433942,0.13384290604737778,MP:0013647,abnormal CD11b-high dendritic cell number,MP:0005387,immune system phenotype,0.24795376967926855,False,independent,ICS_IMM_002; IMPC_IMM_001; MGP_IMM_001,default
2,131,30,6386,32,3.2498727735368957,3.077537593984962,0.1370270832438063,MP:0000223,decreased monocyte cell number,MP:0005387,immune system phenotype,0.24795376967926855,False,independent,ESLIM_018_001; HRWLLA_HEM_002; IMPC_HEM_002; IMPC_IMM_001; MGP_IMM_001; MGP_MLN_001; MGP_PBI_001,default
2,131,30,6386,32,3.2498727735368957,3.077537593984962,0.1370270832438063,MP:0004939,abnormal B cell morphology,MP:0005387,immune system phenotype,0.24795376967926855,False,independent,ESLIM_018_001; HMGULA_IMM_001; ICS_IMM_002; IMPC_IMM_001; MGP_BMI_001; MGP_IMM_001; MGP_MLN_001; MGP_PBI_001,default
2,131,30,6386,32,3.2498727735368957,3.077537593984962,0.1370270832438063,MP:0008074,"increased CD4-positive, alpha-beta T cell number",MP:0005387,immune system phenotype,0.24795376967926855,False,independent,CCP_IMM_001; ESLIM_018_001; IMPC_IMM_002; MGP_IMM_001; MGP_MLN_001; MGP_PBI_001,default
1,132,7,6409,8,6.936147186147186,6.155075187969924,0.15145203070278881,MP:0008188,abnormal transitional stage B cell morphology,MP:0005387,immune system phenotype,0.2615989621229989,False,independent,IMPC_IMM_001; MGP_IMM_001,default
1,132,7,6409,8,6.936147186147186,6.155075187969924,0.15145203070278881,MP:0008215,decreased immature B cell number,MP:0005387,immune system phenotype,0.2615989621229989,False,independent,IMPC_IMM_001; MGP_BMI_001; MGP_IMM_001,default
1,132,7,6409,8,6.936147186147186,6.155075187969924,0.15145203070278881,MP:0012768,decreased KLRG1-positive NK cell number,MP:0005387,immune system phenotype,0.2615989621229989,False,independent,MGP_IMM_001; MGP_MLN_001; MGP_PBI_001,default
1,132,7,6409,8,6.936147186147186,6.155075187969924,0.15145203070278881,MP:0013416,abnormal memory-marker gamma-delta T cell number,MP:0005387,immune system phenotype,0.2615989621229989,False,independent,MGP_IMM_001; MGP_MLN_001,default
2,131,34,6382,36,2.8657386618769647,2.7355889724310773,0.16540944168944297,MP:0000222,decreased neutrophil cell number,MP:0005387,immune system phenotype,0.27280086189080266,False,independent,HRWLLA_HEM_002; IMPC_HEM_002; MGP_PBI_001,default
1,132,8,6408,9,6.068181818181818,5.471177944862155,0.16870579616931217,MP:0004242,abnormal plasmacytoid dendritic cell morphology,MP:0005387,immune system phenotype,0.27280086189080266,False,independent,HMGULA_IMM_001; MGP_IMM_001; MGP_MLN_001,default
1,132,8,6408,9,6.068181818181818,5.471177944862155,0.16870579616931217,MP:0005022,abnormal immature B cell morphology,MP:0005387,immune system phenotype,0.27280086189080266,False,independent,IMPC_IMM_001; MGP_BMI_001; MGP_IMM_001,default
1,132,8,6408,9,6.068181818181818,5.471177944862155,0.16870579616931217,MP:0008123,abnormal plasmacytoid dendritic cell number,MP:0005387,immune system phenotype,0.27280086189080266,False,independent,HMGULA_IMM_001; MGP_IMM_001; MGP_MLN_001,default
1,132,8,6408,9,6.068181818181818,5.471177944862155,0.16870579616931217,MP:0008172,abnormal follicular B cell morphology,MP:0005387,immune system phenotype,0.27280086189080266,False,independent,HMGULA_IMM_001; IMPC_IMM_001; MGP_IMM_001; MGP_MLN_001,default
1,132,8,6408,9,6.068181818181818,5.471177944862155,0.16870579616931217,MP:0013664,abnormal immature B cell number,MP:0005387,immune system phenotype,0.27280086189080266,False,independent,IMPC_IMM_001; MGP_BMI_001; MGP_IMM_001,default
2,131,35,6381,37,2.783424209378408,2.661654135338346,0.17266057969939588,MP:0008045,decreased NK cell number,MP:0005387,immune system phenotype,0.27391185160866804,False,independent,ESLIM_018_001; ICS_IMM_002; IMPC_IMM_001; IMPC_IMM_002; MGP_IMM_001; MGP_MLN_001; MGP_PBI_001,default
1,132,9,6407,10,5.393097643097643,4.92406015037594,0.185611320497979,MP:0002144,abnormal B cell differentiation,MP:0005387,immune system phenotype,0.27391185160866804,False,independent,IMPC_IMM_001; MGP_BMI_001; MGP_IMM_001,default
1,132,9,6407,10,5.393097643097643,4.92406015037594,0.185611320497979,MP:0002401,abnormal lymphopoiesis,MP:0005387,immune system phenotype,0.27391185160866804,False,independent,IMPC_IMM_001; MGP_BMI_001; MGP_IMM_001,default
1,132,9,6407,10,5.393097643097643,4.92406015037594,0.185611320497979,MP:0005460,abnormal leukopoiesis,MP:0005387,immune system phenotype,0.27391185160866804,False,independent,IMPC_IMM_001; MGP_BMI_001; MGP_IMM_001,default
1,132,9,6407,10,5.393097643097643,4.92406015037594,0.185611320497979,MP:0013024,abnormal Ly6C low monocyte number,MP:0005387,immune system phenotype,0.27391185160866804,False,independent,MGP_PBI_001,default
1,132,9,6407,10,5.393097643097643,4.92406015037594,0.185611320497979,MP:0013428,"abnormal memory CD4-positive, CD25-positive, alpha-beta regulatory T cell number",MP:0005387,immune system phenotype,0.27391185160866804,False,independent,MGP_IMM_001; MGP_MLN_001,default
1,132,9,6407,10,5.393097643097643,4.92406015037594,0.185611320497979,MP:0013513,decreased memory-marker CD4-negative NK T cell number,MP:0005387,immune system phenotype,0.27391185160866804,False,independent,IMPC_IMM_001; MGP_IMM_001; MGP_MLN_001,default
1,132,9,6407,10,5.393097643097643,4.92406015037594,0.185611320497979,MP:0013763,increased T-helper cell number,MP:0005387,immune system phenotype,0.27391185160866804,False,independent,CCP_IMM_001; IMPC_IMM_002; MGP_IMM_001; MGP_MLN_001,default
1,132,9,6407,10,5.393097643097643,4.92406015037594,0.185611320497979,MP:0020981,abnormal immune system development,MP:0005387,immune system phenotype,0.27391185160866804,False,independent,IMPC_IMM_001; MGP_BMI_001; MGP_IMM_001,default
2,131,40,6376,42,2.433587786259542,2.3447905477980666,0.20959084350954751,MP:0013770,abnormal effector memory T-helper cell number,MP:0005387,immune system phenotype,0.30456534681740177,False,independent,CCP_IMM_001; IMPC_IMM_001; IMPC_IMM_002; MGP_IMM_001; MGP_MLN_001,default
1,132,11,6405,12,4.411157024793388,4.103383458646617,0.21840541317826836,MP:0008126,increased dendritic cell number,MP:0005387,immune system phenotype,0.30456534681740177,False,independent,ICS_IMM_002; IMPC_IMM_001; MGP_IMM_001; MGP_MLN_001,default
1,132,11,6405,12,4.411157024793388,4.103383458646617,0.21840541317826836,MP:0008127,decreased dendritic cell number,MP:0005387,immune system phenotype,0.30456534681740177,False,independent,HMGULA_IMM_001; IMPC_IMM_001; MGP_EEI_001; MGP_IMM_001; MGP_MLN_001,default
1,132,11,6405,12,4.411157024793388,4.103383458646617,0.21840541317826836,MP:0012361,decreased large unstained cell number,MP:0005387,immune system phenotype,0.30456534681740177,False,independent,IMPC_HEM_002,default
1,132,11,6405,12,4.411157024793388,4.103383458646617,0.21840541317826836,MP:0013425,abnormal memory-marker NK cell number,MP:0005387,immune system phenotype,0.30456534681740177,False,independent,MGP_IMM_001; MGP_MLN_001,default
1,132,11,6405,12,4.411157024793388,4.103383458646617,0.21840541317826836,MP:0013510,decreased CD4-negative NK T cell number,MP:0005387,immune system phenotype,0.30456534681740177,False,independent,ICS_IMM_002; IMPC_IMM_001; MGP_IMM_001; MGP_MLN_001,default
1,132,12,6404,13,4.042929292929293,3.787738577212261,0.23430752118611456,MP:0008346,increased gamma-delta T cell number,MP:0005387,immune system phenotype,0.3208535425251298,False,independent,MGP_IMM_001; MGP_MLN_001; MGP_PBI_001,default
1,132,12,6404,13,4.042929292929293,3.787738577212261,0.23430752118611456,MP:0013435,"decreased CD8-positive, naive alpha-beta T cell number",MP:0005387,immune system phenotype,0.3208535425251298,False,independent,CCP_IMM_001; IMPC_IMM_001; IMPC_IMM_002; MGP_IMM_001; MGP_MLN_001,default
1,132,13,6403,14,3.7313519813519815,3.5171858216971,0.2498884727898854,MP:0012766,abnormal KLRG1-positive NK cell number,MP:0005387,immune system phenotype,0.3391343559291302,False,independent,MGP_IMM_001; MGP_MLN_001; MGP_PBI_001,default
6,127,206,6210,212,1.4242030425808425,1.393601929351681,0.2610323293625188,MP:0005065,abnormal neutrophil morphology,MP:0005387,immune system phenotype,0.34804310581669173,False,independent,HRWLLA_HEM_002; ICSLA_HEM_002; IMPC_HEM_002; MGP_PBI_001; TCPLA_HEM_002,default
6,127,206,6210,212,1.4242030425808425,1.393601929351681,0.2610323293625188,MP:0012440,abnormal neutrophil cell number,MP:0005387,immune system phenotype,0.34804310581669173,False,independent,HRWLLA_HEM_002; ICSLA_HEM_002; IMPC_HEM_002; MGP_PBI_001; TCPLA_HEM_002,default
2,131,50,6366,52,1.9438167938931297,1.8938692886061306,0.28509748804323165,MP:0013760,abnormal T-helper cell morphology,MP:0005387,immune system phenotype,0.37337296464358877,False,independent,CCP_IMM_001; IMPC_IMM_001; IMPC_IMM_002; MGP_IMM_001; MGP_MLN_001,default
2,131,50,6366,52,1.9438167938931297,1.8938692886061306,0.28509748804323165,MP:0013761,abnormal T-helper cell number,MP:0005387,immune system phenotype,0.37337296464358877,False,independent,CCP_IMM_001; IMPC_IMM_001; IMPC_IMM_002; MGP_IMM_001; MGP_MLN_001,default
5,128,173,6243,178,1.409636921965318,1.383162963588747,0.29454616761988583,MP:0000219,increased neutrophil cell number,MP:0005387,immune system phenotype,0.37337296464358877,False,independent,HRWLLA_HEM_002; ICSLA_HEM_002; IMPC_HEM_002; MGP_PBI_001; TCPLA_HEM_002,default
1,132,16,6400,17,3.0303030303030303,2.8965059708093763,0.2947681299817806,MP:0008171,abnormal mature B cell morphology,MP:0005387,immune system phenotype,0.37337296464358877,False,independent,HMGULA_IMM_001; IMPC_IMM_001; MGP_IMM_001; MGP_MLN_001,default
1,132,16,6400,17,3.0303030303030303,2.8965059708093763,0.2947681299817806,MP:0013512,abnormal memory-marker CD4-negative NK T cell number,MP:0005387,immune system phenotype,0.37337296464358877,False,independent,ICS_IMM_002; IMPC_IMM_001; MGP_IMM_001; MGP_MLN_001,default
1,132,16,6400,17,3.0303030303030303,2.8965059708093763,0.2947681299817806,MP:0013771,decreased effector memory T-helper cell number,MP:0005387,immune system phenotype,0.37337296464358877,False,independent,CCP_IMM_001; IMPC_IMM_001; IMPC_IMM_002; MGP_IMM_001; MGP_MLN_001,default
2,131,55,6361,57,1.7657182512144345,1.7277404036406807,0.3227893013405791,MP:0005068,abnormal NK cell morphology,MP:0005387,immune system phenotype,0.39617669800355915,False,independent,CCP_IMM_001; ESLIM_018_001; ICS_IMM_002; IMPC_IMM_001; IMPC_IMM_002; MGP_IMM_001; MGP_MLN_001; MGP_PBI_001,default
2,131,55,6361,57,1.7657182512144345,1.7277404036406807,0.3227893013405791,MP:0008043,abnormal NK cell number,MP:0005387,immune system phenotype,0.39617669800355915,False,independent,CCP_IMM_001; ESLIM_018_001; ICS_IMM_002; IMPC_IMM_001; IMPC_IMM_002; MGP_IMM_001; MGP_MLN_001; MGP_PBI_001,default
1,132,18,6398,19,2.692760942760943,2.591610605461021,0.3231967799502719,MP:0008125,abnormal dendritic cell number,MP:0005387,immune system phenotype,0.39617669800355915,False,independent,HMGULA_IMM_001; ICS_IMM_002; IMPC_IMM_001; MGP_EEI_001; MGP_IMM_001; MGP_MLN_001,default
1,132,18,6398,19,2.692760942760943,2.591610605461021,0.3231967799502719,MP:0008211,decreased mature B cell number,MP:0005387,immune system phenotype,0.39617669800355915,False,independent,ESLIM_018_001; HMGULA_IMM_001; IMPC_IMM_001; MGP_BMI_001; MGP_IMM_001; MGP_MLN_001; MGP_PBI_001,default
1,132,19,6397,20,2.5506379585326955,2.46203007518797,0.3369815928548072,MP:0005461,abnormal dendritic cell morphology,MP:0005387,immune system phenotype,0.4065174770946881,False,independent,HMGULA_IMM_001; ICS_IMM_002; IMPC_IMM_001; MGP_EEI_001; MGP_IMM_001; MGP_MLN_001,default
1,132,19,6397,20,2.5506379585326955,2.46203007518797,0.3369815928548072,MP:0010168,"increased CD4-positive, CD25-positive, alpha-beta regulatory T cell number",MP:0005387,immune system phenotype,0.4065174770946881,False,independent,CCP_IMM_001; IMPC_IMM_002; MGP_IMM_001; MGP_MLN_001,default
1,132,20,6396,21,2.422727272727273,2.3447905477980666,0.35048771142584556,MP:0004973,increased regulatory T cell number,MP:0005387,immune system phenotype,0.415463523792186,False,independent,CCP_IMM_001; IMPC_IMM_002; MGP_IMM_001; MGP_MLN_001; MGP_PBI_001,default
1,132,20,6396,21,2.422727272727273,2.3447905477980666,0.35048771142584556,MP:0013509,abnormal CD4-negative NK T cell number,MP:0005387,immune system phenotype,0.415463523792186,False,independent,HMGULA_IMM_001; ICS_IMM_002; IMPC_IMM_001; MGP_IMM_001; MGP_MLN_001,default
2,131,59,6357,61,1.6449734765170139,1.614445950942931,0.35259733269205257,MP:0000334,decreased granulocyte number,MP:0005387,immune system phenotype,0.415463523792186,False,independent,ESLIM_018_001; HRWLLA_HEM_002; IMPC_HEM_002; IMPC_IMM_001; MGP_PBI_001; TCPLA_HEM_002,default
14,119,606,5810,620,1.127936323044069,1.1118845500848897,0.3791466014605051,MP:0000689,abnormal spleen morphology,MP:0005387,immune system phenotype,0.4433098724768983,False,independent,BCMLA_OWT_001; HMGULA_IMM_001; HMGULA_PAT_002; HRWLLA_OWT_001; HRWLLA_PAT_002; HRWL_OWT_001; IMPC_IMM_001; IMPC_OWT_001; IMPC_PAT_002; MGP_IMM_001; RBRCLA_OWT_001; RBRCLA_PAT_002; TCPLA_OWT_001; TCPLA_PAT_002; UCDLA_PAT_002; UCD_OWT_001,default
1,132,25,6391,26,1.9366666666666668,1.8938692886061306,0.41402978003349833,MP:0013701,abnormal mature B cell number,MP:0005387,immune system phenotype,0.4804009661457385,False,independent,ESLIM_018_001; HMGULA_IMM_001; IMPC_IMM_001; MGP_BMI_001; MGP_IMM_001; MGP_MLN_001; MGP_PBI_001,default
1,132,28,6388,29,1.7283549783549783,1.6979517759917035,0.4491519383826144,MP:0000706,small thymus,MP:0005387,immune system phenotype,0.5133165010087022,False,independent,HRWLLA_PAT_002; IMPC_PAT_002; TCPLA_PAT_002; UCD_OWT_001,default
1,132,28,6388,29,1.7283549783549783,1.6979517759917035,0.4491519383826144,MP:0013772,increased effector memory T-helper cell number,MP:0005387,immune system phenotype,0.5133165010087022,False,independent,CCP_IMM_001; IMPC_IMM_001; IMPC_IMM_002; MGP_IMM_001; MGP_MLN_001,default
1,132,32,6384,33,1.5113636363636365,1.4921394395078607,0.49275148774294597,MP:0008040,decreased NK T cell number,MP:0005387,immune system phenotype,0.554801675088354,False,independent,CCP_IMM_001; HMGULA_IMM_001; ICS_IMM_002; IMPC_IMM_001; IMPC_IMM_002; MGP_IMM_001; MGP_MLN_001; MGP_PBI_001,default
1,132,32,6384,33,1.5113636363636365,1.4921394395078607,0.49275148774294597,MP:0008195,abnormal professional antigen presenting cell morphology,MP:0005387,immune system phenotype,0.554801675088354,False,independent,HMGULA_IMM_001; ICS_IMM_002; IMPC_IMM_001; MGP_EEI_001; MGP_IMM_001; MGP_MLN_001,default
2,131,80,6336,82,1.2091603053435114,1.2009902805794976,0.4993435011136598,MP:0013762,abnormal effector T cell number,MP:0005387,immune system phenotype,0.5580897953623256,False,independent,CCP_IMM_001; HMGULA_IMM_001; ICS_IMM_002; IMPC_IMM_001; IMPC_IMM_002; MGP_IMM_001; MGP_MLN_001; MGP_PBI_001,default
1,132,40,6376,41,1.2075757575757575,1.2009902805794976,0.5699370629178278,MP:0012360,abnormal large unstained cell number,MP:0005387,immune system phenotype,0.6323389311205097,False,independent,HRWLLA_HEM_002; IMPC_HEM_002; RBRCLA_HEM_002,default
1,132,47,6369,48,1.0265957446808511,1.0258458646616542,0.6278386451185106,MP:0008036,abnormal NK T cell morphology,MP:0005387,immune system phenotype,0.686557367323839,False,independent,CCP_IMM_001; HMGULA_IMM_001; ICS_IMM_002; IMPC_IMM_001; IMPC_IMM_002; MGP_IMM_001; MGP_MLN_001; MGP_PBI_001,default
1,132,47,6369,48,1.0265957446808511,1.0258458646616542,0.6278386451185106,MP:0008038,abnormal NK T cell number,MP:0005387,immune system phenotype,0.686557367323839,False,independent,CCP_IMM_001; HMGULA_IMM_001; ICS_IMM_002; IMPC_IMM_001; IMPC_IMM_002; MGP_IMM_001; MGP_MLN_001; MGP_PBI_001,default
17,116,879,5537,896,0.9231591542112902,0.9342524838882923,0.6582441582122949,MP:0002722,abnormal immune system organ morphology,MP:0005387,immune system phenotype,0.714665086059063,False,independent,BCMLA_OWT_001; HMGULA_IMM_001; HMGULA_PAT_002; HRWLLA_OWT_001; HRWLLA_PAT_002; HRWL_OWT_001; IMPC_IMM_001; IMPC_OWT_001; IMPC_PAT_002; KMPCLA_PAT_002; MGP_IMM_001; RBRCLA_OWT_001; RBRCLA_PAT_002; TCPLA_OWT_001; TCPLA_PAT_002; UCDLA_PAT_002; UCD_OWT_001,default
4,129,227,6189,231,0.8454051838950927,0.8526511082902061,0.696450786768179,MP:0002364,abnormal thymus size,MP:0005387,immune system phenotype,0.7507838268706609,False,independent,HMGULA_PAT_002; HRWLLA_PAT_002; IMPC_PAT_002; TCPLA_PAT_002; UCDLA_PAT_002; UCD_OWT_001,default
4,129,232,6184,236,0.826516974071104,0.8345864661654135,0.7124540403183632,MP:0000703,abnormal thymus morphology,MP:0005387,immune system phenotype,0.762626860059093,False,independent,HMGULA_PAT_002; HRWLLA_PAT_002; IMPC_PAT_002; TCPLA_PAT_002; UCDLA_PAT_002; UCD_OWT_001,default
3,130,204,6212,207,0.7027149321266968,0.7136319058515855,0.7978751736417706,MP:0000709,enlarged thymus,MP:0005387,immune system phenotype,0.8480910936611827,False,independent,HMGULA_PAT_002; IMPC_PAT_002; TCPLA_PAT_002; UCDLA_PAT_002; UCD_OWT_001,default
8,125,494,5922,502,0.7672226720647773,0.7847107809364047,0.8103140800029598,MP:0002224,abnormal spleen size,MP:0005387,immune system phenotype,0.8497485706200852,False,independent,BCMLA_OWT_001; HMGULA_PAT_002; HRWLLA_OWT_001; HRWLLA_PAT_002; HRWL_OWT_001; IMPC_OWT_001; IMPC_PAT_002; RBRCLA_OWT_001; RBRCLA_PAT_002; TCPLA_OWT_001; TCPLA_PAT_002; UCDLA_PAT_002; UCD_OWT_001,default
6,127,383,6033,389,0.7441870027343188,0.7594951388754663,0.8106154127625813,MP:0000691,enlarged spleen,MP:0005387,immune system phenotype,0.8497485706200852,False,independent,HMGULA_PAT_002; HRWLLA_OWT_001; HRWLLA_PAT_002; HRWL_OWT_001; IMPC_OWT_001; IMPC_PAT_002; RBRCLA_OWT_001; RBRCLA_PAT_002; TCPLA_OWT_001; TCPLA_PAT_002; UCDLA_PAT_002; UCD_OWT_001,default
2,131,152,6264,154,0.6291683406990759,0.6394883312176546,0.8255113638021396,MP:0000692,small spleen,MP:0005387,immune system phenotype,0.8589714682954795,False,independent,BCMLA_OWT_001; HRWLLA_OWT_001; HRWL_OWT_001; IMPC_OWT_001; IMPC_PAT_002; TCPLA_OWT_001; TCPLA_PAT_002; UCDLA_PAT_002; UCD_OWT_001,default
1,132,85,6331,86,0.5642602495543672,0.5725651337646441,0.8307158278910229,MP:0004952,increased spleen weight,MP:0005387,immune system phenotype,0.8589714682954795,False,independent,HRWLLA_OWT_001; HRWL_OWT_001; IMPC_OWT_001; RBRCLA_OWT_001; TCPLA_OWT_001; UCD_OWT_001,default
5,128,359,6057,364,0.6590572771587744,0.6763818887879038,0.8698322711743222,MP:0002339,abnormal lymph node morphology,MP:0005387,immune system phenotype,0.8933412514763309,False,independent,HMGULA_PAT_002; IMPC_PAT_002; KMPCLA_PAT_002; RBRCLA_PAT_002; TCPLA_PAT_002; UCDLA_PAT_002,default
1,132,108,6308,109,0.4424803591470258,0.4517486376491688,0.8951525065864767,MP:0004951,abnormal spleen weight,MP:0005387,immune system phenotype,0.913175711417077,False,independent,BCMLA_OWT_001; HRWLLA_OWT_001; HRWL_OWT_001; IMPC_OWT_001; RBRCLA_OWT_001; TCPLA_OWT_001; UCD_OWT_001,default
4,129,337,6079,341,0.5593356796172337,0.5776023636804621,0.9219498965564401,MP:0000702,enlarged lymph nodes,MP:0005387,immune system phenotype,0.9312286829540949,False,independent,HMGULA_PAT_002; IMPC_PAT_002; RBRCLA_PAT_002; TCPLA_PAT_002; UCDLA_PAT_002,default
4,129,340,6076,344,0.5541267669858642,0.5725651337646441,0.9251021784609759,MP:0000701,abnormal lymph node size,MP:0005387,immune system phenotype,0.9312286829540949,False,independent,HMGULA_PAT_002; IMPC_PAT_002; RBRCLA_PAT_002; TCPLA_PAT_002; UCDLA_PAT_002,default
11,122,792,5624,803,0.6402550091074681,0.6745287877227315,0.9461089381854603,MP:0002221,abnormal lymph organ size,MP:0005387,immune system phenotype,0.9461089381854603,False,independent,BCMLA_OWT_001; HMGULA_PAT_002; HRWLLA_OWT_001; HRWLLA_PAT_002; HRWL_OWT_001; IMPC_OWT_001; IMPC_PAT_002; RBRCLA_OWT_001; RBRCLA_PAT_002; TCPLA_OWT_001; TCPLA_PAT_002; UCDLA_PAT_002; UCD_OWT_001,default
9,124,88,6328,97,5.219208211143695,4.568715603441594,0.0001413102216761386,MP:0001926,female infertility,MP:0005389,reproductive system phenotype,0.0026848942118466333,True,independent,IMPC_FER_001,default
9,124,88,6328,97,5.219208211143695,4.568715603441594,0.0001413102216761386,MP:0003699,abnormal female reproductive system physiology,MP:0005389,reproductive system phenotype,0.0026848942118466333,True,independent,IMPC_FER_001,default
11,122,241,6175,252,2.3102169920413576,2.149391335481561,0.01315113054156417,MP:0001925,male infertility,MP:0005389,reproductive system phenotype,0.07483721210855308,False,independent,IMPC_FER_001,default
11,122,241,6175,252,2.3102169920413576,2.149391335481561,0.01315113054156417,MP:0003698,abnormal male reproductive system physiology,MP:0005389,reproductive system phenotype,0.07483721210855308,False,independent,IMPC_FER_001,default
12,121,279,6137,291,2.181462721052164,2.0305402681962637,0.014821846352203866,MP:0001919,abnormal reproductive system physiology,MP:0005389,reproductive system phenotype,0.07483721210855308,False,independent,IMPC_FER_001,default
12,121,279,6137,291,2.181462721052164,2.0305402681962637,0.014821846352203866,MP:0001924,infertility,MP:0005389,reproductive system phenotype,0.07483721210855308,False,independent,IMPC_FER_001,default
12,121,279,6137,291,2.181462721052164,2.0305402681962637,0.014821846352203866,MP:0002161,abnormal fertility/fecundity,MP:0005389,reproductive system phenotype,0.07483721210855308,False,independent,IMPC_FER_001,default
23,110,698,5718,721,1.7128679343579056,1.5707820174569573,0.0181818106354625,MP:0002160,abnormal reproductive system morphology,MP:0005389,reproductive system phenotype,0.07483721210855308,False,independent,HMGULA_PAT_002; HRWLLA_PAT_002; IMPC_CSD_002; IMPC_CSD_003; IMPC_PAT_001; IMPC_PAT_002; KMPCLA_PAT_002; M-G-P_026_001; MGP_CSD_001; RBRCLA_PAT_002; TCPLA_PAT_002; UCDLA_PAT_002; UCD_OWT_001,default
18,115,512,5904,530,1.804891304347826,1.6723223152220175,0.020582291411971605,MP:0009205,abnormal internal male genitalia morphology,MP:0005389,reproductive system phenotype,0.07483721210855308,False,independent,HMGULA_PAT_002; HRWLLA_PAT_002; IMPC_PAT_001; IMPC_PAT_002; KMPCLA_PAT_002; RBRCLA_PAT_002; TCPLA_PAT_002; UCDLA_PAT_002; UCD_OWT_001,default
18,115,515,5901,533,1.7934655972984381,1.6629096192639197,0.02166340350510747,MP:0001145,abnormal male reproductive system morphology,MP:0005389,reproductive system phenotype,0.07483721210855308,False,independent,HMGULA_PAT_002; HRWLLA_PAT_002; IMPC_CSD_002; IMPC_CSD_003; IMPC_PAT_001; IMPC_PAT_002; KMPCLA_PAT_002; M-G-P_026_001; RBRCLA_PAT_002; TCPLA_PAT_002; UCDLA_PAT_002; UCD_OWT_001,default
18,115,515,5901,533,1.7934655972984381,1.6629096192639197,0.02166340350510747,MP:0009198,abnormal male genitalia morphology,MP:0005389,reproductive system phenotype,0.07483721210855308,False,independent,HMGULA_PAT_002; HRWLLA_PAT_002; IMPC_CSD_002; IMPC_CSD_003; IMPC_PAT_001; IMPC_PAT_002; KMPCLA_PAT_002; M-G-P_026_001; RBRCLA_PAT_002; TCPLA_PAT_002; UCDLA_PAT_002; UCD_OWT_001,default
16,117,452,5964,468,1.8044020875879283,1.683439367649894,0.027013643373938783,MP:0013325,abnormal male reproductive gland morphology,MP:0005389,reproductive system phenotype,0.08554320401747283,False,independent,HMGULA_PAT_002; HRWLLA_PAT_002; IMPC_PAT_001; IMPC_PAT_002; KMPCLA_PAT_002; RBRCLA_PAT_002; TCPLA_PAT_002; UCDLA_PAT_002; UCD_OWT_001,default
17,116,503,5913,520,1.722783985740728,1.6097888953152113,0.03340933047304653,MP:0000653,abnormal sex gland morphology,MP:0005389,reproductive system phenotype,0.09765804292121293,False,independent,HMGULA_PAT_002; HRWLLA_PAT_002; IMPC_PAT_001; IMPC_PAT_002; KMPCLA_PAT_002; RBRCLA_PAT_002; TCPLA_PAT_002; UCDLA_PAT_002; UCD_OWT_001,default
5,128,102,6314,107,2.418045343137255,2.3009626870915607,0.0660349496163197,MP:0002631,abnormal epididymis morphology,MP:0005389,reproductive system phenotype,0.1792377203871535,False,independent,IMPC_PAT_002; RBRCLA_PAT_002; TCPLA_PAT_002; UCDLA_PAT_002,default
8,125,208,6208,216,1.910153846153846,1.8237259816207183,0.07210935969945863,MP:0001120,abnormal uterus morphology,MP:0005389,reproductive system phenotype,0.18267704457196185,False,independent,HMGULA_PAT_002; IMPC_PAT_002; KMPCLA_PAT_002; RBRCLA_PAT_002; TCPLA_PAT_002; UCDLA_PAT_002,default
1,132,3,6413,4,16.194444444444443,12.310150375939848,0.0788100135532164,MP:0004727,absent epididymis,MP:0005389,reproductive system phenotype,0.18717378218888894,False,independent,IMPC_PAT_002,default
8,125,227,6189,235,1.7449162995594714,1.6762757958726604,0.10466107257366558,MP:0001147,small testis,MP:0005389,reproductive system phenotype,0.2006548880337944,False,independent,HMGULA_PAT_002; HRWLLA_PAT_002; IMPC_PAT_002; RBRCLA_PAT_002; TCPLA_PAT_002; UCDLA_PAT_002,default
9,124,266,6150,275,1.6780863448944943,1.6115105946684893,0.10619153773640376,MP:0009209,abnormal internal female genitalia morphology,MP:0005389,reproductive system phenotype,0.2006548880337944,False,independent,HMGULA_PAT_002; IMPC_PAT_002; KMPCLA_PAT_002; RBRCLA_PAT_002; TCPLA_PAT_002; UCDLA_PAT_002,default
9,124,267,6149,276,1.6715295396882928,1.6056717881660674,0.10796699871182937,MP:0001119,abnormal female reproductive system morphology,MP:0005389,reproductive system phenotype,0.2006548880337944,False,independent,HMGULA_PAT_002; IMPC_CSD_003; IMPC_PAT_002; KMPCLA_PAT_002; M-G-P_026_001; RBRCLA_PAT_002; TCPLA_PAT_002; UCDLA_PAT_002,default
9,124,267,6149,276,1.6715295396882928,1.6056717881660674,0.10796699871182937,MP:0009208,abnormal female genitalia morphology,MP:0005389,reproductive system phenotype,0.2006548880337944,False,independent,HMGULA_PAT_002; IMPC_CSD_003; IMPC_PAT_002; KMPCLA_PAT_002; M-G-P_026_001; RBRCLA_PAT_002; TCPLA_PAT_002; UCDLA_PAT_002,default
8,125,231,6185,239,1.7135930735930736,1.6482209708371347,0.11241796507078616,MP:0001116,small gonad,MP:0005389,reproductive system phenotype,0.2006548880337944,False,independent,HMGULA_PAT_002; HRWLLA_PAT_002; IMPC_PAT_002; RBRCLA_PAT_002; TCPLA_PAT_002; UCDLA_PAT_002,default
10,123,313,6103,323,1.5852359801553286,1.524476826741777,0.12010692602449664,MP:0001146,abnormal testis morphology,MP:0005389,reproductive system phenotype,0.2006548880337944,False,independent,HMGULA_PAT_002; HRWLLA_PAT_002; IMPC_PAT_002; KMPCLA_PAT_002; RBRCLA_PAT_002; TCPLA_PAT_002; UCDLA_PAT_002; UCD_OWT_001,default
8,125,238,6178,246,1.661310924369748,1.6013203741059967,0.12672940296871224,MP:0002210,abnormal sex determination,MP:0005389,reproductive system phenotype,0.2006548880337944,False,independent,HMGULA_PAT_002; HRWLLA_PAT_002; IMPC_PAT_002; RBRCLA_PAT_002; TCPLA_PAT_002; UCDLA_PAT_002,default
8,125,238,6178,246,1.661310924369748,1.6013203741059967,0.12672940296871224,MP:0002211,abnormal primary sex determination,MP:0005389,reproductive system phenotype,0.2006548880337944,False,independent,HMGULA_PAT_002; HRWLLA_PAT_002; IMPC_PAT_002; RBRCLA_PAT_002; TCPLA_PAT_002; UCDLA_PAT_002,default
9,124,287,6129,296,1.549988760256266,1.4971804511278197,0.14694576115921712,MP:0004849,abnormal testis size,MP:0005389,reproductive system phenotype,0.22335755696201,False,independent,HMGULA_PAT_002; HRWLLA_PAT_002; IMPC_PAT_002; RBRCLA_PAT_002; TCPLA_PAT_002; UCDLA_PAT_002; UCD_OWT_001,default
6,127,183,6233,189,1.6091390215567316,1.5631936985320445,0.18571643442120178,MP:0002059,abnormal seminal vesicle morphology,MP:0005389,reproductive system phenotype,0.2714317118463718,False,independent,HMGULA_PAT_002; HRWLLA_PAT_002; IMPC_PAT_001; IMPC_PAT_002; KMPCLA_PAT_002; TCPLA_PAT_002; UCDLA_PAT_002,default
3,130,73,6343,76,2.005163329820864,1.9437079540957658,0.2002070224545167,MP:0004931,enlarged epididymis,MP:0005389,reproductive system phenotype,0.27320879434959033,False,independent,IMPC_PAT_002; RBRCLA_PAT_002; UCDLA_PAT_002,default
6,127,188,6228,194,1.5650862791087283,1.5229052011471977,0.2013117432049613,MP:0013330,abnormal male accessory sex gland morphology,MP:0005389,reproductive system phenotype,0.27320879434959033,False,independent,HMGULA_PAT_002; HRWLLA_PAT_002; IMPC_PAT_001; IMPC_PAT_002; KMPCLA_PAT_002; TCPLA_PAT_002; UCDLA_PAT_002,default
3,130,83,6333,86,1.7607970342910102,1.7176954012939325,0.2539091319920216,MP:0004926,abnormal epididymis size,MP:0005389,reproductive system phenotype,0.3216182338565607,False,independent,IMPC_PAT_002; RBRCLA_PAT_002; UCDLA_PAT_002,default
3,130,83,6333,86,1.7607970342910102,1.7176954012939325,0.2539091319920216,MP:0009709,hydrometra,MP:0005389,reproductive system phenotype,0.3216182338565607,False,independent,HMGULA_PAT_002; IMPC_PAT_002; KMPCLA_PAT_002; TCPLA_PAT_002; UCDLA_PAT_002,default
1,132,22,6394,23,2.2017906336088156,2.1408957175547565,0.3766861248615667,MP:0002637,small uterus,MP:0005389,reproductive system phenotype,0.4617442820883721,False,independent,IMPC_PAT_002; RBRCLA_PAT_002; TCPLA_PAT_002,default
2,131,68,6348,70,1.4252357431522227,1.4068743286788399,0.4178272740019666,MP:0004902,abnormal uterus size,MP:0005389,reproductive system phenotype,0.49616988787733535,False,independent,HMGULA_PAT_002; IMPC_PAT_002; RBRCLA_PAT_002; TCPLA_PAT_002; UCDLA_PAT_002,default
1,132,46,6370,47,1.0490777338603425,1.0476723724204127,0.620067023168559,MP:0004906,enlarged uterus,MP:0005389,reproductive system phenotype,0.710211581477771,False,independent,HMGULA_PAT_002; IMPC_PAT_002; UCDLA_PAT_002,default
1,132,48,6368,49,1.005050505050505,1.0049102347705998,0.6354524676380057,MP:0001157,small seminal vesicle,MP:0005389,reproductive system phenotype,0.710211581477771,False,independent,IMPC_PAT_002; TCPLA_PAT_002; UCDLA_PAT_002,default
1,132,62,6354,63,0.7763929618768328,0.7815968492660221,0.7271475344490131,MP:0004907,abnormal seminal vesicle size,MP:0005389,reproductive system phenotype,0.7734504868669014,False,independent,HMGULA_PAT_002; HRWLLA_PAT_002; IMPC_PAT_002; KMPCLA_PAT_002; TCPLA_PAT_002; UCDLA_PAT_002,default
1,132,63,6353,64,0.7639490139490139,0.7693843984962405,0.7327425665054856,MP:0001148,enlarged testis,MP:0005389,reproductive system phenotype,0.7734504868669014,False,independent,IMPC_PAT_002; UCDLA_PAT_002,default
1,132,86,6330,87,0.5576109936575053,0.5659839253305677,0.8341994724663737,MP:0001126,abnormal ovary morphology,MP:0005389,reproductive system phenotype,0.8341994724663737,False,independent,HMGULA_PAT_002; IMPC_PAT_002; KMPCLA_PAT_002; RBRCLA_PAT_002; TCPLA_PAT_002; UCDLA_PAT_002,default
1,132,86,6330,87,0.5576109936575053,0.5659839253305677,0.8341994724663737,MP:0013324,abnormal female reproductive gland morphology,MP:0005389,reproductive system phenotype,0.8341994724663737,False,independent,HMGULA_PAT_002; IMPC_PAT_002; KMPCLA_PAT_002; RBRCLA_PAT_002; TCPLA_PAT_002; UCDLA_PAT_002,default
34,99,649,5767,683,3.051750167312571,2.4512158874492234,4.38787964601971e-07,MP:0003795,abnormal bone structure,MP:0005390,skeleton phenotype,8.845772639656006e-06,True,independent,BCMLA_DXA_001; ESLIM_005_001; HMGULA_DXA_001; HRWLLA_DXA_001; ICSLA_DXA_001; IMPC_DXA_001; IMPC_PAT_002; JAXLA_DXA_001; KMPCLA_DXA_001; M-G-P_005_001; MGP_MTB_001; TCPLA_DXA_001; UCDLA_DXA_001,default
18,115,206,6210,224,4.718446601941747,3.9568340494092378,5.004018199562836e-07,MP:0000063,decreased bone mineral density,MP:0005390,skeleton phenotype,8.845772639656006e-06,True,independent,ESLIM_005_001; HMGULA_DXA_001; HRWLLA_DXA_001; ICSLA_DXA_001; IMPC_DXA_001; JAXLA_DXA_001; KMPCLA_DXA_001; M-G-P_005_001; TCPLA_DXA_001; UCDLA_DXA_001,default
46,87,1066,5350,1112,2.6535981540186753,2.036931357169903,5.307463583793604e-07,MP:0005508,abnormal skeleton morphology,MP:0005390,skeleton phenotype,8.845772639656006e-06,True,independent,BCMLA_DXA_001; BCMLA_XRY_001; CCP_XRY_001; ESLIM_001_001; ESLIM_005_001; ESLIM_006_001; ESLIM_020_001; HMGULA_DXA_001; HMGULA_HWT_001; HRWLIP_CSD_003; HRWLLA_DXA_001; HRWLLA_XRY_001; ICSLA_DXA_001; IMPC_CSD_001; IMPC_CSD_002; IMPC_CSD_003; IMPC_DXA_001; IMPC_EMA_002; IMPC_EMO_002; IMPC_GEM_003; IMPC_HWT_001; IMPC_PAT_002; IMPC_XRY_001; JAXLA_DXA_001; KMPCLA_DXA_001; KMPCLA_HWT_001; KMPCLA_XRY_001; M-G-P_005_001; M-G-P_006_001; M-G-P_026_001; MGP_CSD_001; MGP_MTB_001; MGP_XRY_001; RBRCLA_CSD_003; TCPLA_DXA_001; TCPLA_PAT_002; TCPLA_XRY_001; UCDLA_DXA_001,default
21,112,285,6131,306,4.033552631578948,3.3792569659442724,7.290120637697654e-07,MP:0010119,abnormal bone mineral density,MP:0005390,skeleton phenotype,9.112650797122068e-06,True,independent,ESLIM_005_001; HMGULA_DXA_001; HRWLLA_DXA_001; ICSLA_DXA_001; IMPC_DXA_001; JAXLA_DXA_001; KMPCLA_DXA_001; M-G-P_005_001; TCPLA_DXA_001; UCDLA_DXA_001,default
18,115,292,6124,310,3.2826682549136392,2.8591317002182874,4.827329369412908e-05,MP:0010124,decreased bone mineral content,MP:0005390,skeleton phenotype,0.0004827329369412908,True,independent,HRWLLA_DXA_001; IMPC_DXA_001; JAXLA_DXA_001; KMPCLA_DXA_001; M-G-P_005_001; TCPLA_DXA_001; UCDLA_DXA_001,default
23,110,457,5959,480,2.726417346329819,2.3594454887218044,8.380958779579619e-05,MP:0010122,abnormal bone mineral content,MP:0005390,skeleton phenotype,0.0006984132316316349,True,independent,BCMLA_DXA_001; ESLIM_005_001; HMGULA_DXA_001; HRWLLA_DXA_001; IMPC_DXA_001; JAXLA_DXA_001; KMPCLA_DXA_001; M-G-P_005_001; TCPLA_DXA_001; UCDLA_DXA_001,default
3,130,3,6413,6,49.33076923076923,24.6203007518797,0.00015662693797600575,MP:0000552,abnormal radius morphology,MP:0005390,skeleton phenotype,0.0009789183623500359,True,independent,CCP_XRY_001; ESLIM_006_001; IMPC_XRY_001; M-G-P_006_001; MGP_XRY_001,default
3,130,3,6413,6,49.33076923076923,24.6203007518797,0.00015662693797600575,MP:0005108,abnormal ulna morphology,MP:0005390,skeleton phenotype,0.0009789183623500359,True,independent,CCP_XRY_001; ESLIM_006_001; IMPC_XRY_001; M-G-P_006_001; MGP_XRY_001,default
3,130,4,6412,7,36.99230769230769,21.103114930182603,0.0002700254806901956,MP:0005296,abnormal humerus morphology,MP:0005390,skeleton phenotype,0.0015001415593899757,True,independent,CCP_XRY_001; IMPC_XRY_001; M-G-P_006_001; MGP_XRY_001,default
7,126,74,6342,81,4.761261261261262,4.255360623781677,0.0012124466988551281,MP:0004508,abnormal pectoral girdle bone morphology,MP:0005390,skeleton phenotype,0.006062233494275641,True,independent,CCP_XRY_001; IMPC_PAT_002; IMPC_XRY_001; MGP_XRY_001; TCPLA_PAT_002,default
16,117,352,6064,368,2.3558663558663557,2.1408957175547565,0.003037744675259165,MP:0002114,abnormal axial skeleton morphology,MP:0005390,skeleton phenotype,0.013178740123931528,True,independent,CCP_XRY_001; ESLIM_001_001; ESLIM_006_001; HRWLIP_CSD_003; HRWLLA_XRY_001; IMPC_CSD_001; IMPC_CSD_002; IMPC_CSD_003; IMPC_EMA_002; IMPC_EMO_002; IMPC_GEM_003; IMPC_PAT_002; IMPC_XRY_001; KMPCLA_XRY_001; M-G-P_006_001; M-G-P_026_001; MGP_CSD_001; MGP_XRY_001; RBRCLA_CSD_003; TCPLA_PAT_002,default
13,120,257,6159,270,2.596206225680934,2.370843776106934,0.003169474284853186,MP:0009250,abnormal appendicular skeleton morphology,MP:0005390,skeleton phenotype,0.013178740123931528,True,independent,BCMLA_XRY_001; CCP_XRY_001; ESLIM_006_001; ESLIM_020_001; HMGULA_HWT_001; HRWLLA_XRY_001; IMPC_HWT_001; IMPC_PAT_002; IMPC_XRY_001; KMPCLA_HWT_001; M-G-P_006_001; MGP_CSD_001; MGP_XRY_001; TCPLA_PAT_002; TCPLA_XRY_001,default
7,126,90,6326,97,3.904938271604938,3.553445469343462,0.003426472432222197,MP:0004624,abnormal thoracic cage morphology,MP:0005390,skeleton phenotype,0.013178740123931528,True,independent,CCP_XRY_001; ESLIM_006_001; IMPC_PAT_002; IMPC_XRY_001; M-G-P_006_001; MGP_XRY_001; TCPLA_PAT_002,default
2,131,3,6413,5,32.63613231552163,19.69624060150376,0.003932538719039337,MP:0000149,abnormal scapula morphology,MP:0005390,skeleton phenotype,0.014044781139426202,True,independent,CCP_XRY_001; IMPC_XRY_001; MGP_XRY_001,default
5,128,52,6364,57,4.780649038461538,4.319351009101702,0.005759328444669194,MP:0002932,abnormal joint morphology,MP:0005390,skeleton phenotype,0.01799790138959123,True,independent,CCP_XRY_001; ESLIM_006_001; IMPC_XRY_001; M-G-P_006_001; MGP_XRY_001,default
5,128,52,6364,57,4.780649038461538,4.319351009101702,0.005759328444669194,MP:0004599,abnormal vertebral arch morphology,MP:0005390,skeleton phenotype,0.01799790138959123,True,independent,CCP_XRY_001; IMPC_XRY_001; KMPCLA_XRY_001; MGP_XRY_001,default
8,125,136,6280,144,2.9552941176470586,2.7355889724310773,0.00873980064085242,MP:0000438,abnormal cranium morphology,MP:0005390,skeleton phenotype,0.024277224002367835,True,independent,CCP_XRY_001; ESLIM_001_001; ESLIM_006_001; HRWLIP_CSD_003; IMPC_CSD_001; IMPC_CSD_002; IMPC_CSD_003; IMPC_GEM_003; IMPC_PAT_002; IMPC_XRY_001; M-G-P_006_001; M-G-P_026_001; MGP_CSD_001; MGP_XRY_001; RBRCLA_CSD_003,default
8,125,136,6280,144,2.9552941176470586,2.7355889724310773,0.00873980064085242,MP:0002116,abnormal craniofacial bone morphology,MP:0005390,skeleton phenotype,0.024277224002367835,True,independent,CCP_XRY_001; ESLIM_001_001; ESLIM_006_001; HRWLIP_CSD_003; IMPC_CSD_001; IMPC_CSD_002; IMPC_CSD_003; IMPC_GEM_003; IMPC_PAT_002; IMPC_XRY_001; M-G-P_006_001; M-G-P_026_001; MGP_CSD_001; MGP_XRY_001; RBRCLA_CSD_003,default
2,131,6,6410,8,16.310432569974555,12.310150375939848,0.01057903345950082,MP:0010099,abnormal thoracic cage shape,MP:0005390,skeleton phenotype,0.027839561735528474,True,independent,CCP_XRY_001; MGP_XRY_001,default
2,131,7,6409,9,13.978189749182116,10.94235588972431,0.013421906970602186,MP:0000559,abnormal femur morphology,MP:0005390,skeleton phenotype,0.032805069009887985,True,independent,CCP_XRY_001; IMPC_XRY_001; MGP_XRY_001,default
9,124,180,6236,189,2.514516129032258,2.3447905477980666,0.014434230364350714,MP:0002115,abnormal limb bone morphology,MP:0005390,skeleton phenotype,0.032805069009887985,True,independent,BCMLA_XRY_001; CCP_XRY_001; ESLIM_006_001; ESLIM_020_001; HMGULA_HWT_001; HRWLLA_XRY_001; IMPC_HWT_001; IMPC_XRY_001; KMPCLA_HWT_001; M-G-P_006_001; MGP_CSD_001; MGP_XRY_001; TCPLA_XRY_001,default
9,124,180,6236,189,2.514516129032258,2.3447905477980666,0.014434230364350714,MP:0011504,abnormal limb long bone morphology,MP:0005390,skeleton phenotype,0.032805069009887985,True,independent,BCMLA_XRY_001; CCP_XRY_001; ESLIM_006_001; ESLIM_020_001; HMGULA_HWT_001; HRWLLA_XRY_001; IMPC_HWT_001; IMPC_XRY_001; KMPCLA_HWT_001; M-G-P_006_001; MGP_CSD_001; MGP_XRY_001; TCPLA_XRY_001,default
9,124,182,6234,191,2.48608649415101,2.320237767192851,0.015372656892732501,MP:0003723,abnormal long bone morphology,MP:0005390,skeleton phenotype,0.03341881933202718,True,independent,BCMLA_XRY_001; CCP_XRY_001; ESLIM_006_001; ESLIM_020_001; HMGULA_HWT_001; HRWLLA_XRY_001; IMPC_HWT_001; IMPC_XRY_001; KMPCLA_HWT_001; M-G-P_006_001; MGP_CSD_001; MGP_XRY_001; TCPLA_XRY_001,default
2,131,9,6407,11,10.868532654792197,8.952836637047163,0.019968723199051384,MP:0001533,abnormal skeleton physiology,MP:0005390,skeleton phenotype,0.03840139076740651,True,independent,ESLIM_005_001,default
2,131,9,6407,11,10.868532654792197,8.952836637047163,0.019968723199051384,MP:0002896,abnormal bone mineralization,MP:0005390,skeleton phenotype,0.03840139076740651,True,independent,ESLIM_005_001,default
2,131,9,6407,11,10.868532654792197,8.952836637047163,0.019968723199051384,MP:0008271,abnormal bone ossification,MP:0005390,skeleton phenotype,0.03840139076740651,True,independent,ESLIM_005_001,default
8,125,174,6242,182,2.2959080459770114,2.1644220441212925,0.031410127826074094,MP:0000558,abnormal tibia morphology,MP:0005390,skeleton phenotype,0.058166903381618694,False,independent,BCMLA_XRY_001; CCP_XRY_001; ESLIM_006_001; ESLIM_020_001; HMGULA_HWT_001; HRWLLA_XRY_001; IMPC_HWT_001; IMPC_XRY_001; KMPCLA_HWT_001; M-G-P_006_001; MGP_XRY_001; TCPLA_XRY_001,default
2,131,15,6401,17,6.51501272264631,5.793011941618753,0.04562293340190633,MP:0000162,lordosis,MP:0005390,skeleton phenotype,0.0814695239319756,False,independent,CCP_XRY_001; MGP_XRY_001,default
2,131,16,6400,18,6.106870229007634,5.471177944862155,0.0506577107975805,MP:0000150,abnormal rib morphology,MP:0005390,skeleton phenotype,0.08734088068548364,False,independent,CCP_XRY_001; ESLIM_006_001; IMPC_XRY_001; M-G-P_006_001; MGP_XRY_001,default
6,127,128,6288,134,2.3208661417322833,2.2048030524071374,0.05464318709295797,MP:0000137,abnormal vertebrae morphology,MP:0005390,skeleton phenotype,0.09013181061021518,False,independent,CCP_XRY_001; ESLIM_006_001; IMPC_XRY_001; KMPCLA_XRY_001; M-G-P_006_001; MGP_XRY_001,default
2,131,17,6399,19,5.746744499326448,5.183221210922042,0.055881722578333404,MP:0004509,abnormal pelvic girdle bone morphology,MP:0005390,skeleton phenotype,0.09013181061021518,False,independent,CCP_XRY_001; IMPC_XRY_001; MGP_XRY_001,default
1,132,2,6414,3,24.295454545454547,16.413533834586467,0.05970534051447911,MP:0005298,abnormal clavicle morphology,MP:0005390,skeleton phenotype,0.09165828575845407,False,independent,IMPC_XRY_001; MGP_XRY_001,default
4,129,69,6347,73,2.8522637905853276,2.698115150890926,0.060494468600579686,MP:0000157,abnormal sternum morphology,MP:0005390,skeleton phenotype,0.09165828575845407,False,independent,IMPC_PAT_002; TCPLA_PAT_002,default
7,126,172,6244,179,2.016795865633075,1.9256101146721551,0.0714040253176965,MP:0004703,abnormal vertebral column morphology,MP:0005390,skeleton phenotype,0.1050059195848478,False,independent,CCP_XRY_001; ESLIM_006_001; HRWLLA_XRY_001; IMPC_EMA_002; IMPC_EMO_002; IMPC_XRY_001; KMPCLA_XRY_001; M-G-P_006_001; MGP_XRY_001,default
3,130,55,6361,58,2.668951048951049,2.5469276639875553,0.1131320772384493,MP:0004174,abnormal spine curvature,MP:0005390,skeleton phenotype,0.1616172531977847,False,independent,CCP_XRY_001; HRWLLA_XRY_001; IMPC_EMA_002; IMPC_EMO_002; IMPC_XRY_001; KMPCLA_XRY_001; MGP_XRY_001,default
2,131,30,6386,32,3.2498727735368957,3.077537593984962,0.1370270832438063,MP:0004357,long tibia,MP:0005390,skeleton phenotype,0.18517173411325177,False,independent,CCP_XRY_001; ESLIM_006_001; ESLIM_020_001; HMGULA_HWT_001; HRWLLA_XRY_001; IMPC_HWT_001; IMPC_XRY_001; KMPCLA_HWT_001; TCPLA_XRY_001,default
2,131,30,6386,32,3.2498727735368957,3.077537593984962,0.1370270832438063,MP:0004695,increased length of long bones,MP:0005390,skeleton phenotype,0.18517173411325177,False,independent,CCP_XRY_001; ESLIM_006_001; ESLIM_020_001; HMGULA_HWT_001; HRWLLA_XRY_001; IMPC_HWT_001; IMPC_XRY_001; KMPCLA_HWT_001; TCPLA_XRY_001,default
5,128,135,6281,140,1.8174189814814814,1.7585929108485499,0.15518033432869402,MP:0002764,short tibia,MP:0005390,skeleton phenotype,0.19894914657524873,False,independent,BCMLA_XRY_001; CCP_XRY_001; ESLIM_006_001; ESLIM_020_001; IMPC_HWT_001; IMPC_XRY_001; KMPCLA_HWT_001; TCPLA_XRY_001,default
5,128,135,6281,140,1.8174189814814814,1.7585929108485499,0.15518033432869402,MP:0004686,decreased length of long bones,MP:0005390,skeleton phenotype,0.19894914657524873,False,independent,BCMLA_XRY_001; CCP_XRY_001; ESLIM_006_001; ESLIM_020_001; IMPC_HWT_001; IMPC_XRY_001; KMPCLA_HWT_001; TCPLA_XRY_001,default
1,132,8,6408,9,6.068181818181818,5.471177944862155,0.16870579616931217,MP:0005270,abnormal zygomatic bone morphology,MP:0005390,skeleton phenotype,0.2055483091659475,False,independent,CCP_XRY_001; IMPC_XRY_001; MGP_XRY_001,default
2,131,35,6381,37,2.783424209378408,2.661654135338346,0.17266057969939588,MP:0003189,fused joints,MP:0005390,skeleton phenotype,0.2055483091659475,False,independent,CCP_XRY_001; ESLIM_006_001; IMPC_XRY_001; M-G-P_006_001; MGP_XRY_001,default
2,131,35,6381,37,2.783424209378408,2.661654135338346,0.17266057969939588,MP:0004609,vertebral fusion,MP:0005390,skeleton phenotype,0.2055483091659475,False,independent,CCP_XRY_001; ESLIM_006_001; IMPC_XRY_001; M-G-P_006_001; MGP_XRY_001,default
4,129,105,6311,109,1.8637135474344777,1.8069945505966751,0.180368888955237,MP:0005274,abnormal viscerocranium morphology,MP:0005390,skeleton phenotype,0.20973126622701976,False,independent,CCP_XRY_001; ESLIM_006_001; HRWLIP_CSD_003; IMPC_CSD_001; IMPC_CSD_002; IMPC_CSD_003; IMPC_PAT_002; IMPC_XRY_001; M-G-P_006_001; M-G-P_026_001; MGP_CSD_001; MGP_XRY_001; RBRCLA_CSD_003,default
1,132,10,6406,11,4.8530303030303035,4.4764183185235815,0.20217558022787177,MP:0004613,fusion of vertebral arches,MP:0005390,skeleton phenotype,0.22974497753167247,False,independent,CCP_XRY_001; IMPC_XRY_001; MGP_XRY_001,default
3,130,83,6333,86,1.7607970342910102,1.7176954012939325,0.2539091319920216,MP:0000062,increased bone mineral density,MP:0005390,skeleton phenotype,0.2821212577689129,False,independent,ESLIM_005_001; HMGULA_DXA_001; HRWLLA_DXA_001; IMPC_DXA_001; KMPCLA_DXA_001; M-G-P_005_001,default
3,130,87,6329,90,1.6787798408488064,1.6413533834586465,0.2759693471356842,MP:0002100,abnormal tooth morphology,MP:0005390,skeleton phenotype,0.2903475454695848,False,independent,CCP_XRY_001; ESLIM_006_001; HRWLIP_CSD_003; IMPC_CSD_001; IMPC_CSD_002; IMPC_CSD_003; IMPC_PAT_002; IMPC_XRY_001; M-G-P_006_001; M-G-P_026_001; MGP_CSD_001; MGP_XRY_001; RBRCLA_CSD_003,default
3,130,87,6329,90,1.6787798408488064,1.6413533834586465,0.2759693471356842,MP:0030254,abnormal dental arch morphology,MP:0005390,skeleton phenotype,0.2903475454695848,False,independent,CCP_XRY_001; ESLIM_006_001; HRWLIP_CSD_003; IMPC_CSD_001; IMPC_CSD_002; IMPC_CSD_003; IMPC_PAT_002; IMPC_XRY_001; M-G-P_006_001; M-G-P_026_001; MGP_CSD_001; MGP_XRY_001; RBRCLA_CSD_003,default
5,128,169,6247,174,1.4439256656804733,1.4149598133264194,0.2787336436508014,MP:0010123,increased bone mineral content,MP:0005390,skeleton phenotype,0.2903475454695848,False,independent,BCMLA_DXA_001; ESLIM_005_001; HMGULA_DXA_001; HRWLLA_DXA_001; IMPC_DXA_001; JAXLA_DXA_001; KMPCLA_DXA_001; M-G-P_005_001; TCPLA_DXA_001; UCDLA_DXA_001,default
3,130,101,6315,104,1.442878903274943,1.420401966454598,0.35412768859044025,MP:0000454,abnormal jaw morphology,MP:0005390,skeleton phenotype,0.3613547842759594,False,independent,CCP_XRY_001; ESLIM_006_001; HRWLIP_CSD_003; IMPC_CSD_001; IMPC_CSD_002; IMPC_CSD_003; IMPC_PAT_002; IMPC_XRY_001; M-G-P_006_001; M-G-P_026_001; MGP_CSD_001; MGP_XRY_001; RBRCLA_CSD_003,default
1,132,26,6390,27,1.8618881118881119,1.8237259816207183,0.42597735618795873,MP:0000160,kyphosis,MP:0005390,skeleton phenotype,0.42597735618795873,False,independent,CCP_XRY_001; IMPC_XRY_001; MGP_XRY_001,default
